[0.000000] (-) TimerEvent: {}
[0.000308] (sllidar_ros2) JobQueued: {'identifier': 'sllidar_ros2', 'dependencies': OrderedDict()}
[0.000383] (sllidar_ros2) JobStarted: {'identifier': 'sllidar_ros2'}
[0.015875] (sllidar_ros2) JobProgress: {'identifier': 'sllidar_ros2', 'progress': 'cmake'}
[0.016676] (sllidar_ros2) Command: {'cmd': ['/usr/bin/cmake', '/home/andres/Documents/Proyecto_G/LIDAR_prog_ws/src/src/sllidar_ros2', '-DAMENT_CMAKE_SYMLINK_INSTALL=1', '-DCMAKE_INSTALL_PREFIX=/home/andres/Documents/Proyecto_G/LIDAR_prog_ws/src/install/sllidar_ros2'], 'cwd': '/home/andres/Documents/Proyecto_G/LIDAR_prog_ws/src/build/sllidar_ros2', 'env': OrderedDict([('LESSOPEN', '| /usr/bin/lesspipe %s'), ('LANGUAGE', 'en_US:en'), ('USER', 'andres'), ('LC_TIME', 'es_BO.UTF-8'), ('XDG_SESSION_TYPE', 'wayland'), ('SHLVL', '1'), ('LD_LIBRARY_PATH', '/home/andres/microros_ws/install/micro_ros_agent/lib:/home/andres/microros_ws/install/micro_ros_msgs/lib:/home/andres/turtlebot3_ws/install/turtlebot3_msgs/lib:/home/andres/turtlebot3_ws/install/dynamixel_sdk_custom_interfaces/lib:/home/andres/turtlebot3_ws/install/dynamixel_sdk/lib:/opt/ros/humble/opt/rviz_ogre_vendor/lib:/opt/ros/humble/lib/x86_64-linux-gnu:/opt/ros/humble/lib:/usr/lib/x86_64-linux-gnu/gazebo-11/plugins:'), ('HOME', '/home/andres'), ('OLDPWD', '/home/andres/Documents/Proyecto_G'), ('DESKTOP_SESSION', 'ubuntu'), ('GAZEBO_MASTER_URI', 'http://localhost:11345'), ('ROS_PYTHON_VERSION', '3'), ('GNOME_SHELL_SESSION_MODE', 'ubuntu'), ('GTK_MODULES', 'gail:atk-bridge'), ('LC_MONETARY', 'es_BO.UTF-8'), ('MANAGERPID', '2418'), ('SYSTEMD_EXEC_PID', '2785'), ('DBUS_SESSION_BUS_ADDRESS', 'unix:path=/run/user/1000/bus'), ('COLORTERM', 'truecolor'), ('TERMINATOR_DBUS_NAME', 'net.tenshu.Terminator25ef4b219e3b005583550f2b0f9f990c3'), ('GIO_LAUNCHED_DESKTOP_FILE_PID', '14232'), ('PICO_TOOLCHAIN_PATH', '...'), ('IM_CONFIG_PHASE', '1'), ('WAYLAND_DISPLAY', 'wayland-0'), ('COLCON_PREFIX_PATH', '/home/andres/microros_ws/install:/home/andres/turtlebot3_ws/install:/home/andres/Documents/Robotica/LIDAR/install:/home/andres/ros2_ws/install'), ('ROS_DISTRO', 'humble'), ('LOGNAME', 'andres'), ('IGN_GAZEBO_MODEL_PATH', '/opt/ros/humble/share'), ('JOURNAL_STREAM', '8:16349'), ('_', '/usr/bin/colcon'), ('ROS_VERSION', '2'), ('XDG_SESSION_CLASS', 'user'), ('USERNAME', 'andres'), ('TERM', 'xterm-256color'), ('GAZEBO_MODEL_PATH', '/usr/share/gazebo-11/models:/opt/ros/humble/share'), ('GNOME_DESKTOP_SESSION_ID', 'this-is-deprecated'), ('ROS_LOCALHOST_ONLY', '0'), ('OGRE_RESOURCE_PATH', '/usr/lib/x86_64-linux-gnu/OGRE-1.9.0'), ('PATH', '/opt/ros/humble/bin:/home/andres/.local/bin:/usr/local/sbin:/usr/local/bin:/usr/sbin:/usr/bin:/sbin:/bin:/usr/games:/usr/local/games:/snap/bin:/snap/bin'), ('SESSION_MANAGER', 'local/andresHp:@/tmp/.ICE-unix/2570,unix/andresHp:/tmp/.ICE-unix/2570'), ('INVOCATION_ID', '2ac124e77aad43b2b36e588efed00213'), ('PAPERSIZE', 'letter'), ('XDG_MENU_PREFIX', 'gnome-'), ('LC_ADDRESS', 'es_BO.UTF-8'), ('GNOME_SETUP_DISPLAY', ':1'), ('XDG_RUNTIME_DIR', '/run/user/1000'), ('DISPLAY', ':0'), ('TERMINATOR_DBUS_PATH', '/net/tenshu/Terminator2'), ('LANG', 'en_US.UTF-8'), ('XDG_CURRENT_DESKTOP', 'ubuntu:GNOME'), ('IBUS_DISABLE_SNOOPER', '1'), ('LC_TELEPHONE', 'es_BO.UTF-8'), ('XMODIFIERS', '@im=ibus'), ('XDG_SESSION_DESKTOP', 'ubuntu'), ('XAUTHORITY', '/run/user/1000/.mutter-Xwaylandauth.HKOSP3'), ('LS_COLORS', 'rs=0:di=01;34:ln=01;36:mh=00:pi=40;33:so=01;35:do=01;35:bd=40;33;01:cd=40;33;01:or=40;31;01:mi=00:su=37;41:sg=30;43:ca=30;41:tw=30;42:ow=34;42:st=37;44:ex=01;32:*.tar=01;31:*.tgz=01;31:*.arc=01;31:*.arj=01;31:*.taz=01;31:*.lha=01;31:*.lz4=01;31:*.lzh=01;31:*.lzma=01;31:*.tlz=01;31:*.txz=01;31:*.tzo=01;31:*.t7z=01;31:*.zip=01;31:*.z=01;31:*.dz=01;31:*.gz=01;31:*.lrz=01;31:*.lz=01;31:*.lzo=01;31:*.xz=01;31:*.zst=01;31:*.tzst=01;31:*.bz2=01;31:*.bz=01;31:*.tbz=01;31:*.tbz2=01;31:*.tz=01;31:*.deb=01;31:*.rpm=01;31:*.jar=01;31:*.war=01;31:*.ear=01;31:*.sar=01;31:*.rar=01;31:*.alz=01;31:*.ace=01;31:*.zoo=01;31:*.cpio=01;31:*.7z=01;31:*.rz=01;31:*.cab=01;31:*.wim=01;31:*.swm=01;31:*.dwm=01;31:*.esd=01;31:*.jpg=01;35:*.jpeg=01;35:*.mjpg=01;35:*.mjpeg=01;35:*.gif=01;35:*.bmp=01;35:*.pbm=01;35:*.pgm=01;35:*.ppm=01;35:*.tga=01;35:*.xbm=01;35:*.xpm=01;35:*.tif=01;35:*.tiff=01;35:*.png=01;35:*.svg=01;35:*.svgz=01;35:*.mng=01;35:*.pcx=01;35:*.mov=01;35:*.mpg=01;35:*.mpeg=01;35:*.m2v=01;35:*.mkv=01;35:*.webm=01;35:*.webp=01;35:*.ogm=01;35:*.mp4=01;35:*.m4v=01;35:*.mp4v=01;35:*.vob=01;35:*.qt=01;35:*.nuv=01;35:*.wmv=01;35:*.asf=01;35:*.rm=01;35:*.rmvb=01;35:*.flc=01;35:*.avi=01;35:*.fli=01;35:*.flv=01;35:*.gl=01;35:*.dl=01;35:*.xcf=01;35:*.xwd=01;35:*.yuv=01;35:*.cgm=01;35:*.emf=01;35:*.ogv=01;35:*.ogx=01;35:*.aac=00;36:*.au=00;36:*.flac=00;36:*.m4a=00;36:*.mid=00;36:*.midi=00;36:*.mka=00;36:*.mp3=00;36:*.mpc=00;36:*.ogg=00;36:*.ra=00;36:*.wav=00;36:*.oga=00;36:*.opus=00;36:*.spx=00;36:*.xspf=00;36:'), ('SSH_AGENT_LAUNCHER', 'gnome-keyring'), ('SSH_AUTH_SOCK', '/run/user/1000/keyring/ssh'), ('ROS_DOMAIN_ID', '30'), ('AMENT_PREFIX_PATH', '/home/andres/microros_ws/install/micro_ros_setup:/home/andres/microros_ws/install/micro_ros_agent:/home/andres/microros_ws/install/micro_ros_msgs:/home/andres/turtlebot3_ws/install/turtlebot3:/home/andres/turtlebot3_ws/install/turtlebot3_teleop:/home/andres/turtlebot3_ws/install/turtlebot3_simulations:/home/andres/turtlebot3_ws/install/turtlebot3_bringup:/home/andres/turtlebot3_ws/install/turtlebot3_node:/home/andres/turtlebot3_ws/install/turtlebot3_navigation2:/home/andres/turtlebot3_ws/install/turtlebot3_fake_node:/home/andres/turtlebot3_ws/install/turtlebot3_example:/home/andres/turtlebot3_ws/install/turtlebot3_msgs:/home/andres/turtlebot3_ws/install/turtlebot3_manipulation_gazebo:/home/andres/turtlebot3_ws/install/turtlebot3_gazebo:/home/andres/turtlebot3_ws/install/turtlebot3_description:/home/andres/turtlebot3_ws/install/turtlebot3_cartographer:/home/andres/turtlebot3_ws/install/dynamixel_sdk_examples:/home/andres/turtlebot3_ws/install/dynamixel_sdk_custom_interfaces:/home/andres/turtlebot3_ws/install/dynamixel_sdk:/home/andres/ros2_ws/install/sllidar_ros2:/home/andres/ros2_ws/install/my_robot_gazebo:/home/andres/Documents/Robotica/LIDAR/install/sllidar_ros2:/opt/ros/humble'), ('SHELL', '/bin/bash'), ('LC_NAME', 'es_BO.UTF-8'), ('TERMINATOR_UUID', 'urn:uuid:017c41cf-816c-48eb-bb43-2b4e4b855394'), ('QT_ACCESSIBILITY', '1'), ('GDMSESSION', 'ubuntu'), ('LESSCLOSE', '/usr/bin/lesspipe %s %s'), ('IGN_GAZEBO_RESOURCE_PATH', '/opt/ros/humble/share'), ('LC_MEASUREMENT', 'es_BO.UTF-8'), ('GAZEBO_RESOURCE_PATH', '/usr/share/gazebo-11:/opt/ros/humble/share'), ('LC_IDENTIFICATION', 'es_BO.UTF-8'), ('GAZEBO_MODEL_DATABASE_URI', 'http://models.gazebosim.org'), ('QT_IM_MODULE', 'ibus'), ('PWD', '/home/andres/Documents/Proyecto_G/LIDAR_prog_ws/src/build/sllidar_ros2'), ('TURTLEBOT3_MODEL', 'burger'), ('LC_ALL', 'en_US.UTF-8'), ('XDG_CONFIG_DIRS', '/etc/xdg/xdg-ubuntu:/etc/xdg'), ('PICO_SDK_PATH', '/home/andres/pico-sdk'), ('GAZEBO_PLUGIN_PATH', '/usr/lib/x86_64-linux-gnu/gazebo-11/plugins:'), ('XDG_DATA_DIRS', '/usr/share/ubuntu:/usr/local/share/:/usr/share/:/var/lib/snapd/desktop'), ('PYTHONPATH', '/home/andres/microros_ws/install/micro_ros_msgs/local/lib/python3.10/dist-packages:/home/andres/turtlebot3_ws/install/turtlebot3_teleop/lib/python3.10/site-packages:/home/andres/turtlebot3_ws/install/turtlebot3_example/lib/python3.10/site-packages:/home/andres/turtlebot3_ws/install/turtlebot3_msgs/local/lib/python3.10/dist-packages:/home/andres/turtlebot3_ws/install/dynamixel_sdk_custom_interfaces/local/lib/python3.10/dist-packages:/home/andres/turtlebot3_ws/install/dynamixel_sdk/local/lib/python3.10/dist-packages:/opt/ros/humble/lib/python3.10/site-packages:/opt/ros/humble/local/lib/python3.10/dist-packages'), ('LC_NUMERIC', 'es_BO.UTF-8'), ('LC_PAPER', 'es_BO.UTF-8'), ('COLCON', '1'), ('VTE_VERSION', '6800'), ('CMAKE_PREFIX_PATH', '/home/andres/microros_ws/install/micro_ros_setup:/home/andres/microros_ws/install/micro_ros_agent:/home/andres/microros_ws/install/micro_ros_msgs:/home/andres/turtlebot3_ws/install/turtlebot3:/home/andres/turtlebot3_ws/install/turtlebot3_simulations:/home/andres/turtlebot3_ws/install/turtlebot3_bringup:/home/andres/turtlebot3_ws/install/turtlebot3_node:/home/andres/turtlebot3_ws/install/turtlebot3_navigation2:/home/andres/turtlebot3_ws/install/turtlebot3_fake_node:/home/andres/turtlebot3_ws/install/turtlebot3_msgs:/home/andres/turtlebot3_ws/install/turtlebot3_manipulation_gazebo:/home/andres/turtlebot3_ws/install/turtlebot3_gazebo:/home/andres/turtlebot3_ws/install/turtlebot3_description:/home/andres/turtlebot3_ws/install/turtlebot3_cartographer:/home/andres/turtlebot3_ws/install/dynamixel_sdk_examples:/home/andres/turtlebot3_ws/install/dynamixel_sdk_custom_interfaces:/home/andres/turtlebot3_ws/install/dynamixel_sdk:/home/andres/ros2_ws/install/sllidar_ros2:/home/andres/ros2_ws/install/my_robot_gazebo:/home/andres/Documents/Robotica/LIDAR/install/sllidar_ros2:/home/andres/turtlebot3_ws/install/turtlebot3_teleop:/home/andres/turtlebot3_ws/install/turtlebot3_example:/opt/ros/humble')]), 'shell': False}
[0.099142] (-) TimerEvent: {}
[0.143677] (sllidar_ros2) StdoutLine: {'line': b'-- The C compiler identification is GNU 11.4.0\n'}
[0.199270] (-) TimerEvent: {}
[0.255816] (sllidar_ros2) StdoutLine: {'line': b'-- The CXX compiler identification is GNU 11.4.0\n'}
[0.269472] (sllidar_ros2) StdoutLine: {'line': b'-- Detecting C compiler ABI info\n'}
[0.299474] (-) TimerEvent: {}
[0.373403] (sllidar_ros2) StdoutLine: {'line': b'-- Detecting C compiler ABI info - done\n'}
[0.381103] (sllidar_ros2) StdoutLine: {'line': b'-- Check for working C compiler: /usr/bin/cc - skipped\n'}
[0.382084] (sllidar_ros2) StdoutLine: {'line': b'-- Detecting C compile features\n'}
[0.382856] (sllidar_ros2) StdoutLine: {'line': b'-- Detecting C compile features - done\n'}
[0.387989] (sllidar_ros2) StdoutLine: {'line': b'-- Detecting CXX compiler ABI info\n'}
[0.399549] (-) TimerEvent: {}
[0.499861] (-) TimerEvent: {}
[0.504048] (sllidar_ros2) StdoutLine: {'line': b'-- Detecting CXX compiler ABI info - done\n'}
[0.512680] (sllidar_ros2) StdoutLine: {'line': b'-- Check for working CXX compiler: /usr/bin/c++ - skipped\n'}
[0.513007] (sllidar_ros2) StdoutLine: {'line': b'-- Detecting CXX compile features\n'}
[0.513505] (sllidar_ros2) StdoutLine: {'line': b'-- Detecting CXX compile features - done\n'}
[0.525229] (sllidar_ros2) StdoutLine: {'line': b'-- Found ament_cmake: 1.3.14 (/opt/ros/humble/share/ament_cmake/cmake)\n'}
[0.599978] (-) TimerEvent: {}
[0.700351] (-) TimerEvent: {}
[0.745961] (sllidar_ros2) StdoutLine: {'line': b'-- Found Python3: /usr/bin/python3 (found version "3.10.12") found components: Interpreter \n'}
[0.800456] (-) TimerEvent: {}
[0.839674] (sllidar_ros2) StdoutLine: {'line': b'-- Override CMake install command with custom implementation using symlinks instead of copying resources\n'}
[0.900585] (-) TimerEvent: {}
[0.932559] (sllidar_ros2) StdoutLine: {'line': b'-- Found rclcpp: 16.0.19 (/opt/ros/humble/share/rclcpp/cmake)\n'}
[1.000709] (-) TimerEvent: {}
[1.036350] (sllidar_ros2) StdoutLine: {'line': b'-- Found rosidl_generator_c: 3.1.8 (/opt/ros/humble/share/rosidl_generator_c/cmake)\n'}
[1.049951] (sllidar_ros2) StdoutLine: {'line': b'-- Found rosidl_adapter: 3.1.8 (/opt/ros/humble/share/rosidl_adapter/cmake)\n'}
[1.070007] (sllidar_ros2) StdoutLine: {'line': b'-- Found rosidl_generator_cpp: 3.1.8 (/opt/ros/humble/share/rosidl_generator_cpp/cmake)\n'}
[1.095958] (sllidar_ros2) StdoutLine: {'line': b'-- Using all available rosidl_typesupport_c: rosidl_typesupport_fastrtps_c;rosidl_typesupport_introspection_c\n'}
[1.100779] (-) TimerEvent: {}
[1.130216] (sllidar_ros2) StdoutLine: {'line': b'-- Using all available rosidl_typesupport_cpp: rosidl_typesupport_fastrtps_cpp;rosidl_typesupport_introspection_cpp\n'}
[1.200916] (-) TimerEvent: {}
[1.229056] (sllidar_ros2) StdoutLine: {'line': b'-- Found rmw_implementation_cmake: 6.1.2 (/opt/ros/humble/share/rmw_implementation_cmake/cmake)\n'}
[1.237857] (sllidar_ros2) StdoutLine: {'line': b'-- Found rmw_fastrtps_cpp: 6.2.10 (/opt/ros/humble/share/rmw_fastrtps_cpp/cmake)\n'}
[1.301032] (-) TimerEvent: {}
[1.401345] (-) TimerEvent: {}
[1.404022] (sllidar_ros2) StdoutLine: {'line': b'-- Found OpenSSL: /usr/lib/x86_64-linux-gnu/libcrypto.so (found version "3.0.2")  \n'}
[1.448181] (sllidar_ros2) StdoutLine: {'line': b'-- Found FastRTPS: /opt/ros/humble/include  \n'}
[1.501461] (-) TimerEvent: {}
[1.514783] (sllidar_ros2) StdoutLine: {'line': b"-- Using RMW implementation 'rmw_fastrtps_cpp' as default\n"}
[1.537820] (sllidar_ros2) StdoutLine: {'line': b'-- Looking for pthread.h\n'}
[1.601587] (-) TimerEvent: {}
[1.651750] (sllidar_ros2) StdoutLine: {'line': b'-- Looking for pthread.h - found\n'}
[1.652230] (sllidar_ros2) StdoutLine: {'line': b'-- Performing Test CMAKE_HAVE_LIBC_PTHREAD\n'}
[1.701710] (-) TimerEvent: {}
[1.754741] (sllidar_ros2) StdoutLine: {'line': b'-- Performing Test CMAKE_HAVE_LIBC_PTHREAD - Success\n'}
[1.756027] (sllidar_ros2) StdoutLine: {'line': b'-- Found Threads: TRUE  \n'}
[1.801823] (-) TimerEvent: {}
[1.842228] (sllidar_ros2) StdoutLine: {'line': b'-- Found sensor_msgs: 4.9.1 (/opt/ros/humble/share/sensor_msgs/cmake)\n'}
[1.890690] (sllidar_ros2) StdoutLine: {'line': b'-- Found std_srvs: 4.9.1 (/opt/ros/humble/share/std_srvs/cmake)\n'}
[1.901916] (-) TimerEvent: {}
[2.002167] (-) TimerEvent: {}
[2.027170] (sllidar_ros2) StdoutLine: {'line': b'-- Configuring done\n'}
[2.045207] (sllidar_ros2) StdoutLine: {'line': b'-- Generating done\n'}
[2.051154] (sllidar_ros2) StdoutLine: {'line': b'-- Build files have been written to: /home/andres/Documents/Proyecto_G/LIDAR_prog_ws/src/build/sllidar_ros2\n'}
[2.063368] (sllidar_ros2) CommandEnded: {'returncode': 0}
[2.064305] (sllidar_ros2) JobProgress: {'identifier': 'sllidar_ros2', 'progress': 'build'}
[2.065878] (sllidar_ros2) Command: {'cmd': ['/usr/bin/cmake', '--build', '/home/andres/Documents/Proyecto_G/LIDAR_prog_ws/src/build/sllidar_ros2', '--', '-j16', '-l16'], 'cwd': '/home/andres/Documents/Proyecto_G/LIDAR_prog_ws/src/build/sllidar_ros2', 'env': OrderedDict([('LESSOPEN', '| /usr/bin/lesspipe %s'), ('LANGUAGE', 'en_US:en'), ('USER', 'andres'), ('LC_TIME', 'es_BO.UTF-8'), ('XDG_SESSION_TYPE', 'wayland'), ('SHLVL', '1'), ('LD_LIBRARY_PATH', '/home/andres/microros_ws/install/micro_ros_agent/lib:/home/andres/microros_ws/install/micro_ros_msgs/lib:/home/andres/turtlebot3_ws/install/turtlebot3_msgs/lib:/home/andres/turtlebot3_ws/install/dynamixel_sdk_custom_interfaces/lib:/home/andres/turtlebot3_ws/install/dynamixel_sdk/lib:/opt/ros/humble/opt/rviz_ogre_vendor/lib:/opt/ros/humble/lib/x86_64-linux-gnu:/opt/ros/humble/lib:/usr/lib/x86_64-linux-gnu/gazebo-11/plugins:'), ('HOME', '/home/andres'), ('OLDPWD', '/home/andres/Documents/Proyecto_G'), ('DESKTOP_SESSION', 'ubuntu'), ('GAZEBO_MASTER_URI', 'http://localhost:11345'), ('ROS_PYTHON_VERSION', '3'), ('GNOME_SHELL_SESSION_MODE', 'ubuntu'), ('GTK_MODULES', 'gail:atk-bridge'), ('LC_MONETARY', 'es_BO.UTF-8'), ('MANAGERPID', '2418'), ('SYSTEMD_EXEC_PID', '2785'), ('DBUS_SESSION_BUS_ADDRESS', 'unix:path=/run/user/1000/bus'), ('COLORTERM', 'truecolor'), ('TERMINATOR_DBUS_NAME', 'net.tenshu.Terminator25ef4b219e3b005583550f2b0f9f990c3'), ('GIO_LAUNCHED_DESKTOP_FILE_PID', '14232'), ('PICO_TOOLCHAIN_PATH', '...'), ('IM_CONFIG_PHASE', '1'), ('WAYLAND_DISPLAY', 'wayland-0'), ('COLCON_PREFIX_PATH', '/home/andres/microros_ws/install:/home/andres/turtlebot3_ws/install:/home/andres/Documents/Robotica/LIDAR/install:/home/andres/ros2_ws/install'), ('ROS_DISTRO', 'humble'), ('LOGNAME', 'andres'), ('IGN_GAZEBO_MODEL_PATH', '/opt/ros/humble/share'), ('JOURNAL_STREAM', '8:16349'), ('_', '/usr/bin/colcon'), ('ROS_VERSION', '2'), ('XDG_SESSION_CLASS', 'user'), ('USERNAME', 'andres'), ('TERM', 'xterm-256color'), ('GAZEBO_MODEL_PATH', '/usr/share/gazebo-11/models:/opt/ros/humble/share'), ('GNOME_DESKTOP_SESSION_ID', 'this-is-deprecated'), ('ROS_LOCALHOST_ONLY', '0'), ('OGRE_RESOURCE_PATH', '/usr/lib/x86_64-linux-gnu/OGRE-1.9.0'), ('PATH', '/opt/ros/humble/bin:/home/andres/.local/bin:/usr/local/sbin:/usr/local/bin:/usr/sbin:/usr/bin:/sbin:/bin:/usr/games:/usr/local/games:/snap/bin:/snap/bin'), ('SESSION_MANAGER', 'local/andresHp:@/tmp/.ICE-unix/2570,unix/andresHp:/tmp/.ICE-unix/2570'), ('INVOCATION_ID', '2ac124e77aad43b2b36e588efed00213'), ('PAPERSIZE', 'letter'), ('XDG_MENU_PREFIX', 'gnome-'), ('LC_ADDRESS', 'es_BO.UTF-8'), ('GNOME_SETUP_DISPLAY', ':1'), ('XDG_RUNTIME_DIR', '/run/user/1000'), ('DISPLAY', ':0'), ('TERMINATOR_DBUS_PATH', '/net/tenshu/Terminator2'), ('LANG', 'en_US.UTF-8'), ('XDG_CURRENT_DESKTOP', 'ubuntu:GNOME'), ('IBUS_DISABLE_SNOOPER', '1'), ('LC_TELEPHONE', 'es_BO.UTF-8'), ('XMODIFIERS', '@im=ibus'), ('XDG_SESSION_DESKTOP', 'ubuntu'), ('XAUTHORITY', '/run/user/1000/.mutter-Xwaylandauth.HKOSP3'), ('LS_COLORS', 'rs=0:di=01;34:ln=01;36:mh=00:pi=40;33:so=01;35:do=01;35:bd=40;33;01:cd=40;33;01:or=40;31;01:mi=00:su=37;41:sg=30;43:ca=30;41:tw=30;42:ow=34;42:st=37;44:ex=01;32:*.tar=01;31:*.tgz=01;31:*.arc=01;31:*.arj=01;31:*.taz=01;31:*.lha=01;31:*.lz4=01;31:*.lzh=01;31:*.lzma=01;31:*.tlz=01;31:*.txz=01;31:*.tzo=01;31:*.t7z=01;31:*.zip=01;31:*.z=01;31:*.dz=01;31:*.gz=01;31:*.lrz=01;31:*.lz=01;31:*.lzo=01;31:*.xz=01;31:*.zst=01;31:*.tzst=01;31:*.bz2=01;31:*.bz=01;31:*.tbz=01;31:*.tbz2=01;31:*.tz=01;31:*.deb=01;31:*.rpm=01;31:*.jar=01;31:*.war=01;31:*.ear=01;31:*.sar=01;31:*.rar=01;31:*.alz=01;31:*.ace=01;31:*.zoo=01;31:*.cpio=01;31:*.7z=01;31:*.rz=01;31:*.cab=01;31:*.wim=01;31:*.swm=01;31:*.dwm=01;31:*.esd=01;31:*.jpg=01;35:*.jpeg=01;35:*.mjpg=01;35:*.mjpeg=01;35:*.gif=01;35:*.bmp=01;35:*.pbm=01;35:*.pgm=01;35:*.ppm=01;35:*.tga=01;35:*.xbm=01;35:*.xpm=01;35:*.tif=01;35:*.tiff=01;35:*.png=01;35:*.svg=01;35:*.svgz=01;35:*.mng=01;35:*.pcx=01;35:*.mov=01;35:*.mpg=01;35:*.mpeg=01;35:*.m2v=01;35:*.mkv=01;35:*.webm=01;35:*.webp=01;35:*.ogm=01;35:*.mp4=01;35:*.m4v=01;35:*.mp4v=01;35:*.vob=01;35:*.qt=01;35:*.nuv=01;35:*.wmv=01;35:*.asf=01;35:*.rm=01;35:*.rmvb=01;35:*.flc=01;35:*.avi=01;35:*.fli=01;35:*.flv=01;35:*.gl=01;35:*.dl=01;35:*.xcf=01;35:*.xwd=01;35:*.yuv=01;35:*.cgm=01;35:*.emf=01;35:*.ogv=01;35:*.ogx=01;35:*.aac=00;36:*.au=00;36:*.flac=00;36:*.m4a=00;36:*.mid=00;36:*.midi=00;36:*.mka=00;36:*.mp3=00;36:*.mpc=00;36:*.ogg=00;36:*.ra=00;36:*.wav=00;36:*.oga=00;36:*.opus=00;36:*.spx=00;36:*.xspf=00;36:'), ('SSH_AGENT_LAUNCHER', 'gnome-keyring'), ('SSH_AUTH_SOCK', '/run/user/1000/keyring/ssh'), ('ROS_DOMAIN_ID', '30'), ('AMENT_PREFIX_PATH', '/home/andres/microros_ws/install/micro_ros_setup:/home/andres/microros_ws/install/micro_ros_agent:/home/andres/microros_ws/install/micro_ros_msgs:/home/andres/turtlebot3_ws/install/turtlebot3:/home/andres/turtlebot3_ws/install/turtlebot3_teleop:/home/andres/turtlebot3_ws/install/turtlebot3_simulations:/home/andres/turtlebot3_ws/install/turtlebot3_bringup:/home/andres/turtlebot3_ws/install/turtlebot3_node:/home/andres/turtlebot3_ws/install/turtlebot3_navigation2:/home/andres/turtlebot3_ws/install/turtlebot3_fake_node:/home/andres/turtlebot3_ws/install/turtlebot3_example:/home/andres/turtlebot3_ws/install/turtlebot3_msgs:/home/andres/turtlebot3_ws/install/turtlebot3_manipulation_gazebo:/home/andres/turtlebot3_ws/install/turtlebot3_gazebo:/home/andres/turtlebot3_ws/install/turtlebot3_description:/home/andres/turtlebot3_ws/install/turtlebot3_cartographer:/home/andres/turtlebot3_ws/install/dynamixel_sdk_examples:/home/andres/turtlebot3_ws/install/dynamixel_sdk_custom_interfaces:/home/andres/turtlebot3_ws/install/dynamixel_sdk:/home/andres/ros2_ws/install/sllidar_ros2:/home/andres/ros2_ws/install/my_robot_gazebo:/home/andres/Documents/Robotica/LIDAR/install/sllidar_ros2:/opt/ros/humble'), ('SHELL', '/bin/bash'), ('LC_NAME', 'es_BO.UTF-8'), ('TERMINATOR_UUID', 'urn:uuid:017c41cf-816c-48eb-bb43-2b4e4b855394'), ('QT_ACCESSIBILITY', '1'), ('GDMSESSION', 'ubuntu'), ('LESSCLOSE', '/usr/bin/lesspipe %s %s'), ('IGN_GAZEBO_RESOURCE_PATH', '/opt/ros/humble/share'), ('LC_MEASUREMENT', 'es_BO.UTF-8'), ('GAZEBO_RESOURCE_PATH', '/usr/share/gazebo-11:/opt/ros/humble/share'), ('LC_IDENTIFICATION', 'es_BO.UTF-8'), ('GAZEBO_MODEL_DATABASE_URI', 'http://models.gazebosim.org'), ('QT_IM_MODULE', 'ibus'), ('PWD', '/home/andres/Documents/Proyecto_G/LIDAR_prog_ws/src/build/sllidar_ros2'), ('TURTLEBOT3_MODEL', 'burger'), ('LC_ALL', 'en_US.UTF-8'), ('XDG_CONFIG_DIRS', '/etc/xdg/xdg-ubuntu:/etc/xdg'), ('PICO_SDK_PATH', '/home/andres/pico-sdk'), ('GAZEBO_PLUGIN_PATH', '/usr/lib/x86_64-linux-gnu/gazebo-11/plugins:'), ('XDG_DATA_DIRS', '/usr/share/ubuntu:/usr/local/share/:/usr/share/:/var/lib/snapd/desktop'), ('PYTHONPATH', '/home/andres/microros_ws/install/micro_ros_msgs/local/lib/python3.10/dist-packages:/home/andres/turtlebot3_ws/install/turtlebot3_teleop/lib/python3.10/site-packages:/home/andres/turtlebot3_ws/install/turtlebot3_example/lib/python3.10/site-packages:/home/andres/turtlebot3_ws/install/turtlebot3_msgs/local/lib/python3.10/dist-packages:/home/andres/turtlebot3_ws/install/dynamixel_sdk_custom_interfaces/local/lib/python3.10/dist-packages:/home/andres/turtlebot3_ws/install/dynamixel_sdk/local/lib/python3.10/dist-packages:/opt/ros/humble/lib/python3.10/site-packages:/opt/ros/humble/local/lib/python3.10/dist-packages'), ('LC_NUMERIC', 'es_BO.UTF-8'), ('LC_PAPER', 'es_BO.UTF-8'), ('COLCON', '1'), ('VTE_VERSION', '6800'), ('CMAKE_PREFIX_PATH', '/home/andres/microros_ws/install/micro_ros_setup:/home/andres/microros_ws/install/micro_ros_agent:/home/andres/microros_ws/install/micro_ros_msgs:/home/andres/turtlebot3_ws/install/turtlebot3:/home/andres/turtlebot3_ws/install/turtlebot3_simulations:/home/andres/turtlebot3_ws/install/turtlebot3_bringup:/home/andres/turtlebot3_ws/install/turtlebot3_node:/home/andres/turtlebot3_ws/install/turtlebot3_navigation2:/home/andres/turtlebot3_ws/install/turtlebot3_fake_node:/home/andres/turtlebot3_ws/install/turtlebot3_msgs:/home/andres/turtlebot3_ws/install/turtlebot3_manipulation_gazebo:/home/andres/turtlebot3_ws/install/turtlebot3_gazebo:/home/andres/turtlebot3_ws/install/turtlebot3_description:/home/andres/turtlebot3_ws/install/turtlebot3_cartographer:/home/andres/turtlebot3_ws/install/dynamixel_sdk_examples:/home/andres/turtlebot3_ws/install/dynamixel_sdk_custom_interfaces:/home/andres/turtlebot3_ws/install/dynamixel_sdk:/home/andres/ros2_ws/install/sllidar_ros2:/home/andres/ros2_ws/install/my_robot_gazebo:/home/andres/Documents/Robotica/LIDAR/install/sllidar_ros2:/home/andres/turtlebot3_ws/install/turtlebot3_teleop:/home/andres/turtlebot3_ws/install/turtlebot3_example:/opt/ros/humble')]), 'shell': False}
[2.102292] (-) TimerEvent: {}
[2.147686] (sllidar_ros2) StdoutLine: {'line': b'[ 25%] \x1b[32mBuilding CXX object CMakeFiles/sllidar_node.dir/src/sllidar_node.cpp.o\x1b[0m\n'}
[2.148106] (sllidar_ros2) StdoutLine: {'line': b'[ 25%] \x1b[32mBuilding CXX object CMakeFiles/sllidar_node.dir/sdk/src/dataunpacker/dataunpacker.cpp.o\x1b[0m\n'}
[2.148221] (sllidar_ros2) StdoutLine: {'line': b'[ 25%] \x1b[32mBuilding CXX object CMakeFiles/sllidar_node.dir/sdk/src/arch/linux/net_serial.cpp.o\x1b[0m\n'}
[2.148347] (sllidar_ros2) StdoutLine: {'line': b'[ 25%] \x1b[32mBuilding CXX object CMakeFiles/sllidar_node.dir/sdk/src/arch/linux/net_socket.cpp.o\x1b[0m\n'}
[2.148454] (sllidar_ros2) StdoutLine: {'line': b'[ 25%] \x1b[32mBuilding CXX object CMakeFiles/sllidar_client.dir/src/sllidar_client.cpp.o\x1b[0m\n'}
[2.148548] (sllidar_ros2) StdoutLine: {'line': b'[ 35%] \x1b[32mBuilding CXX object CMakeFiles/sllidar_node.dir/sdk/src/dataunpacker/unpacker/handler_hqnode.cpp.o\x1b[0m\n'}
[2.148631] (sllidar_ros2) StdoutLine: {'line': b'[ 35%] \x1b[32mBuilding CXX object CMakeFiles/sllidar_node.dir/sdk/src/arch/linux/timer.cpp.o\x1b[0m\n'}
[2.148711] (sllidar_ros2) StdoutLine: {'line': b'[ 40%] \x1b[32mBuilding CXX object CMakeFiles/sllidar_node.dir/sdk/src/hal/thread.cpp.o\x1b[0m\n'}
[2.148788] (sllidar_ros2) StdoutLine: {'line': b'[ 45%] \x1b[32mBuilding CXX object CMakeFiles/sllidar_node.dir/sdk/src/dataunpacker/unpacker/handler_normalnode.cpp.o\x1b[0m\n'}
[2.148863] (sllidar_ros2) StdoutLine: {'line': b'[ 50%] \x1b[32mBuilding CXX object CMakeFiles/sllidar_node.dir/sdk/src/rplidar_driver.cpp.o\x1b[0m\n'}
[2.148939] (sllidar_ros2) StdoutLine: {'line': b'[ 55%] \x1b[32mBuilding CXX object CMakeFiles/sllidar_node.dir/sdk/src/dataunpacker/unpacker/handler_capsules.cpp.o\x1b[0m\n'}
[2.149031] (sllidar_ros2) StdoutLine: {'line': b'[ 60%] \x1b[32mBuilding CXX object CMakeFiles/sllidar_node.dir/sdk/src/sl_async_transceiver.cpp.o\x1b[0m\n'}
[2.149201] (sllidar_ros2) StdoutLine: {'line': b'[ 65%] \x1b[32mBuilding CXX object CMakeFiles/sllidar_node.dir/sdk/src/sl_crc.cpp.o\x1b[0m\n'}
[2.149286] (sllidar_ros2) StdoutLine: {'line': b'[ 70%] \x1b[32mBuilding CXX object CMakeFiles/sllidar_node.dir/sdk/src/sl_lidar_driver.cpp.o\x1b[0m\n'}
[2.149690] (sllidar_ros2) StdoutLine: {'line': b'[ 75%] \x1b[32mBuilding CXX object CMakeFiles/sllidar_node.dir/sdk/src/sl_lidarprotocol_codec.cpp.o\x1b[0m\n'}
[2.156419] (sllidar_ros2) StdoutLine: {'line': b'[ 80%] \x1b[32mBuilding CXX object CMakeFiles/sllidar_node.dir/sdk/src/sl_serial_channel.cpp.o\x1b[0m\n'}
[2.195169] (sllidar_ros2) StderrLine: {'line': b'In file included from \x1b[01m\x1b[K/home/andres/Documents/Proyecto_G/LIDAR_prog_ws/src/src/sllidar_ros2/./sdk/include/sl_lidar_cmd.h:41\x1b[m\x1b[K,\n'}
[2.195413] (sllidar_ros2) StderrLine: {'line': b'                 from \x1b[01m\x1b[K/home/andres/Documents/Proyecto_G/LIDAR_prog_ws/src/src/sllidar_ros2/./sdk/include/sl_crc.h:36\x1b[m\x1b[K,\n'}
[2.195536] (sllidar_ros2) StderrLine: {'line': b'                 from \x1b[01m\x1b[K/home/andres/Documents/Proyecto_G/LIDAR_prog_ws/src/src/sllidar_ros2/sdk/src/sl_crc.cpp:33\x1b[m\x1b[K:\n'}
[2.195646] (sllidar_ros2) StderrLine: {'line': b'\x1b[01m\x1b[K/home/andres/Documents/Proyecto_G/LIDAR_prog_ws/src/src/sllidar_ros2/./sdk/include/sl_lidar_protocol.h:66:16:\x1b[m\x1b[K \x1b[01;35m\x1b[Kwarning: \x1b[m\x1b[KISO C++ forbids zero-size array \xe2\x80\x98\x1b[01m\x1b[Kdata\x1b[m\x1b[K\xe2\x80\x99 [\x1b[01;35m\x1b[K\x1b]8;;https://gcc.gnu.org/onlinedocs/gcc/Warning-Options.html#index-Wpedantic\x07-Wpedantic\x1b]8;;\x07\x1b[m\x1b[K]\n'}
[2.195740] (sllidar_ros2) StderrLine: {'line': b'   66 |     sl_u8 data[\x1b[01;35m\x1b[K0\x1b[m\x1b[K];\n'}
[2.195824] (sllidar_ros2) StderrLine: {'line': b'      |                \x1b[01;35m\x1b[K^\x1b[m\x1b[K\n'}
[2.196121] (sllidar_ros2) StderrLine: {'line': b'In file included from \x1b[01m\x1b[K/home/andres/Documents/Proyecto_G/LIDAR_prog_ws/src/src/sllidar_ros2/./sdk/include/sl_crc.h:36\x1b[m\x1b[K,\n'}
[2.196223] (sllidar_ros2) StderrLine: {'line': b'                 from \x1b[01m\x1b[K/home/andres/Documents/Proyecto_G/LIDAR_prog_ws/src/src/sllidar_ros2/sdk/src/sl_crc.cpp:33\x1b[m\x1b[K:\n'}
[2.196312] (sllidar_ros2) StderrLine: {'line': b'\x1b[01m\x1b[K/home/andres/Documents/Proyecto_G/LIDAR_prog_ws/src/src/sllidar_ros2/./sdk/include/sl_lidar_cmd.h:324:20:\x1b[m\x1b[K \x1b[01;35m\x1b[Kwarning: \x1b[m\x1b[KISO C++ forbids zero-size array \xe2\x80\x98\x1b[01m\x1b[Kpayload\x1b[m\x1b[K\xe2\x80\x99 [\x1b[01;35m\x1b[K\x1b]8;;https://gcc.gnu.org/onlinedocs/gcc/Warning-Options.html#index-Wpedantic\x07-Wpedantic\x1b]8;;\x07\x1b[m\x1b[K]\n'}
[2.196457] (sllidar_ros2) StderrLine: {'line': b'  324 |     sl_u8  payload[\x1b[01;35m\x1b[K0\x1b[m\x1b[K];\n'}
[2.196546] (sllidar_ros2) StderrLine: {'line': b'      |                    \x1b[01;35m\x1b[K^\x1b[m\x1b[K\n'}
[2.202389] (-) TimerEvent: {}
[2.258424] (sllidar_ros2) StdoutLine: {'line': b'[ 85%] \x1b[32mBuilding CXX object CMakeFiles/sllidar_node.dir/sdk/src/sl_tcp_channel.cpp.o\x1b[0m\n'}
[2.302516] (-) TimerEvent: {}
[2.402911] (-) TimerEvent: {}
[2.503353] (-) TimerEvent: {}
[2.603858] (-) TimerEvent: {}
[2.638414] (sllidar_ros2) StderrLine: {'line': b'In file included from \x1b[01m\x1b[K/home/andres/Documents/Proyecto_G/LIDAR_prog_ws/src/src/sllidar_ros2/./sdk/include/sl_lidar_cmd.h:41\x1b[m\x1b[K,\n'}
[2.638779] (sllidar_ros2) StderrLine: {'line': b'                 from \x1b[01m\x1b[K/home/andres/Documents/Proyecto_G/LIDAR_prog_ws/src/src/sllidar_ros2/./sdk/include/sl_lidar_driver.h:54\x1b[m\x1b[K,\n'}
[2.638971] (sllidar_ros2) StderrLine: {'line': b'                 from \x1b[01m\x1b[K/home/andres/Documents/Proyecto_G/LIDAR_prog_ws/src/src/sllidar_ros2/sdk/src/sl_serial_channel.cpp:33\x1b[m\x1b[K:\n'}
[2.639135] (sllidar_ros2) StderrLine: {'line': b'\x1b[01m\x1b[K/home/andres/Documents/Proyecto_G/LIDAR_prog_ws/src/src/sllidar_ros2/./sdk/include/sl_lidar_protocol.h:66:16:\x1b[m\x1b[K \x1b[01;35m\x1b[Kwarning: \x1b[m\x1b[KISO C++ forbids zero-size array \xe2\x80\x98\x1b[01m\x1b[Kdata\x1b[m\x1b[K\xe2\x80\x99 [\x1b[01;35m\x1b[K\x1b]8;;https://gcc.gnu.org/onlinedocs/gcc/Warning-Options.html#index-Wpedantic\x07-Wpedantic\x1b]8;;\x07\x1b[m\x1b[K]\n'}
[2.639291] (sllidar_ros2) StderrLine: {'line': b'   66 |     sl_u8 data[\x1b[01;35m\x1b[K0\x1b[m\x1b[K];\n'}
[2.639453] (sllidar_ros2) StderrLine: {'line': b'      |                \x1b[01;35m\x1b[K^\x1b[m\x1b[K\n'}
[2.639595] (sllidar_ros2) StderrLine: {'line': b'In file included from \x1b[01m\x1b[K/home/andres/Documents/Proyecto_G/LIDAR_prog_ws/src/src/sllidar_ros2/./sdk/include/sl_lidar_driver.h:54\x1b[m\x1b[K,\n'}
[2.639729] (sllidar_ros2) StderrLine: {'line': b'                 from \x1b[01m\x1b[K/home/andres/Documents/Proyecto_G/LIDAR_prog_ws/src/src/sllidar_ros2/sdk/src/sl_serial_channel.cpp:33\x1b[m\x1b[K:\n'}
[2.639853] (sllidar_ros2) StderrLine: {'line': b'\x1b[01m\x1b[K/home/andres/Documents/Proyecto_G/LIDAR_prog_ws/src/src/sllidar_ros2/./sdk/include/sl_lidar_cmd.h:324:20:\x1b[m\x1b[K \x1b[01;35m\x1b[Kwarning: \x1b[m\x1b[KISO C++ forbids zero-size array \xe2\x80\x98\x1b[01m\x1b[Kpayload\x1b[m\x1b[K\xe2\x80\x99 [\x1b[01;35m\x1b[K\x1b]8;;https://gcc.gnu.org/onlinedocs/gcc/Warning-Options.html#index-Wpedantic\x07-Wpedantic\x1b]8;;\x07\x1b[m\x1b[K]\n'}
[2.639980] (sllidar_ros2) StderrLine: {'line': b'  324 |     sl_u8  payload[\x1b[01;35m\x1b[K0\x1b[m\x1b[K];\n'}
[2.640101] (sllidar_ros2) StderrLine: {'line': b'      |                    \x1b[01;35m\x1b[K^\x1b[m\x1b[K\n'}
[2.706534] (-) TimerEvent: {}
[2.711803] (sllidar_ros2) StderrLine: {'line': b'In file included from \x1b[01m\x1b[K/home/andres/Documents/Proyecto_G/LIDAR_prog_ws/src/src/sllidar_ros2/./sdk/include/sl_lidar_cmd.h:41\x1b[m\x1b[K,\n'}
[2.713712] (sllidar_ros2) StderrLine: {'line': b'                 from \x1b[01m\x1b[K/home/andres/Documents/Proyecto_G/LIDAR_prog_ws/src/src/sllidar_ros2/./sdk/include/sl_lidar_driver.h:54\x1b[m\x1b[K,\n'}
[2.713930] (sllidar_ros2) StderrLine: {'line': b'                 from \x1b[01m\x1b[K/home/andres/Documents/Proyecto_G/LIDAR_prog_ws/src/src/sllidar_ros2/sdk/src/sl_tcp_channel.cpp:33\x1b[m\x1b[K:\n'}
[2.714095] (sllidar_ros2) StderrLine: {'line': b'\x1b[01m\x1b[K/home/andres/Documents/Proyecto_G/LIDAR_prog_ws/src/src/sllidar_ros2/./sdk/include/sl_lidar_protocol.h:66:16:\x1b[m\x1b[K \x1b[01;35m\x1b[Kwarning: \x1b[m\x1b[KISO C++ forbids zero-size array \xe2\x80\x98\x1b[01m\x1b[Kdata\x1b[m\x1b[K\xe2\x80\x99 [\x1b[01;35m\x1b[K\x1b]8;;https://gcc.gnu.org/onlinedocs/gcc/Warning-Options.html#index-Wpedantic\x07-Wpedantic\x1b]8;;\x07\x1b[m\x1b[K]\n'}
[2.714248] (sllidar_ros2) StderrLine: {'line': b'   66 |     sl_u8 data[\x1b[01;35m\x1b[K0\x1b[m\x1b[K];\n'}
[2.714387] (sllidar_ros2) StderrLine: {'line': b'      |                \x1b[01;35m\x1b[K^\x1b[m\x1b[K\n'}
[2.714517] (sllidar_ros2) StderrLine: {'line': b'In file included from \x1b[01m\x1b[K/home/andres/Documents/Proyecto_G/LIDAR_prog_ws/src/src/sllidar_ros2/./sdk/include/sl_lidar_driver.h:54\x1b[m\x1b[K,\n'}
[2.714626] (sllidar_ros2) StderrLine: {'line': b'                 from \x1b[01m\x1b[K/home/andres/Documents/Proyecto_G/LIDAR_prog_ws/src/src/sllidar_ros2/sdk/src/sl_tcp_channel.cpp:33\x1b[m\x1b[K:\n'}
[2.714731] (sllidar_ros2) StderrLine: {'line': b'\x1b[01m\x1b[K/home/andres/Documents/Proyecto_G/LIDAR_prog_ws/src/src/sllidar_ros2/./sdk/include/sl_lidar_cmd.h:324:20:\x1b[m\x1b[K \x1b[01;35m\x1b[Kwarning: \x1b[m\x1b[KISO C++ forbids zero-size array \xe2\x80\x98\x1b[01m\x1b[Kpayload\x1b[m\x1b[K\xe2\x80\x99 [\x1b[01;35m\x1b[K\x1b]8;;https://gcc.gnu.org/onlinedocs/gcc/Warning-Options.html#index-Wpedantic\x07-Wpedantic\x1b]8;;\x07\x1b[m\x1b[K]\n'}
[2.714867] (sllidar_ros2) StderrLine: {'line': b'  324 |     sl_u8  payload[\x1b[01;35m\x1b[K0\x1b[m\x1b[K];\n'}
[2.714956] (sllidar_ros2) StderrLine: {'line': b'      |                    \x1b[01;35m\x1b[K^\x1b[m\x1b[K\n'}
[2.721420] (sllidar_ros2) StderrLine: {'line': b'\x1b[01m\x1b[K/home/andres/Documents/Proyecto_G/LIDAR_prog_ws/src/src/sllidar_ros2/sdk/src/sl_tcp_channel.cpp:\x1b[m\x1b[K In member function \xe2\x80\x98\x1b[01m\x1b[Kvoid sl::TcpChannel::setStatus(_u32)\x1b[m\x1b[K\xe2\x80\x99:\n'}
[2.721791] (sllidar_ros2) StderrLine: {'line': b'\x1b[01m\x1b[K/home/andres/Documents/Proyecto_G/LIDAR_prog_ws/src/src/sllidar_ros2/sdk/src/sl_tcp_channel.cpp:109:29:\x1b[m\x1b[K \x1b[01;35m\x1b[Kwarning: \x1b[m\x1b[Kunused parameter \xe2\x80\x98\x1b[01m\x1b[Kflag\x1b[m\x1b[K\xe2\x80\x99 [\x1b[01;35m\x1b[K\x1b]8;;https://gcc.gnu.org/onlinedocs/gcc/Warning-Options.html#index-Wunused-parameter\x07-Wunused-parameter\x1b]8;;\x07\x1b[m\x1b[K]\n'}
[2.721987] (sllidar_ros2) StderrLine: {'line': b'  109 |         void setStatus(\x1b[01;35m\x1b[K_u32 flag\x1b[m\x1b[K){}\n'}
[2.722152] (sllidar_ros2) StderrLine: {'line': b'      |                        \x1b[01;35m\x1b[K~~~~~^~~~\x1b[m\x1b[K\n'}
[2.767437] (sllidar_ros2) StdoutLine: {'line': b'[ 90%] \x1b[32mBuilding CXX object CMakeFiles/sllidar_node.dir/sdk/src/sl_udp_channel.cpp.o\x1b[0m\n'}
[2.806664] (-) TimerEvent: {}
[2.880676] (sllidar_ros2) StderrLine: {'line': b'In file included from \x1b[01m\x1b[K/home/andres/Documents/Proyecto_G/LIDAR_prog_ws/src/src/sllidar_ros2/./sdk/include/rplidar_protocol.h:36\x1b[m\x1b[K,\n'}
[2.881092] (sllidar_ros2) StderrLine: {'line': b'                 from \x1b[01m\x1b[K/home/andres/Documents/Proyecto_G/LIDAR_prog_ws/src/src/sllidar_ros2/./sdk/include/rplidar.h:39\x1b[m\x1b[K,\n'}
[2.881305] (sllidar_ros2) StderrLine: {'line': b'                 from \x1b[01m\x1b[K/home/andres/Documents/Proyecto_G/LIDAR_prog_ws/src/src/sllidar_ros2/sdk/src/sdkcommon.h:49\x1b[m\x1b[K,\n'}
[2.881484] (sllidar_ros2) StderrLine: {'line': b'                 from \x1b[01m\x1b[K/home/andres/Documents/Proyecto_G/LIDAR_prog_ws/src/src/sllidar_ros2/sdk/src/sl_async_transceiver.cpp:35\x1b[m\x1b[K:\n'}
[2.881617] (sllidar_ros2) StderrLine: {'line': b'\x1b[01m\x1b[K/home/andres/Documents/Proyecto_G/LIDAR_prog_ws/src/src/sllidar_ros2/./sdk/include/sl_lidar_protocol.h:66:16:\x1b[m\x1b[K \x1b[01;35m\x1b[Kwarning: \x1b[m\x1b[KISO C++ forbids zero-size array \xe2\x80\x98\x1b[01m\x1b[Kdata\x1b[m\x1b[K\xe2\x80\x99 [\x1b[01;35m\x1b[K\x1b]8;;https://gcc.gnu.org/onlinedocs/gcc/Warning-Options.html#index-Wpedantic\x07-Wpedantic\x1b]8;;\x07\x1b[m\x1b[K]\n'}
[2.881749] (sllidar_ros2) StderrLine: {'line': b'   66 |     sl_u8 data[\x1b[01;35m\x1b[K0\x1b[m\x1b[K];\n'}
[2.881874] (sllidar_ros2) StderrLine: {'line': b'      |                \x1b[01;35m\x1b[K^\x1b[m\x1b[K\n'}
[2.881996] (sllidar_ros2) StderrLine: {'line': b'In file included from \x1b[01m\x1b[K/home/andres/Documents/Proyecto_G/LIDAR_prog_ws/src/src/sllidar_ros2/./sdk/include/rplidar_protocol.h:36\x1b[m\x1b[K,\n'}
[2.882144] (sllidar_ros2) StderrLine: {'line': b'                 from \x1b[01m\x1b[K/home/andres/Documents/Proyecto_G/LIDAR_prog_ws/src/src/sllidar_ros2/./sdk/include/rplidar.h:39\x1b[m\x1b[K,\n'}
[2.882272] (sllidar_ros2) StderrLine: {'line': b'                 from \x1b[01m\x1b[K/home/andres/Documents/Proyecto_G/LIDAR_prog_ws/src/src/sllidar_ros2/./sdk/src/sdkcommon.h:49\x1b[m\x1b[K,\n'}
[2.882421] (sllidar_ros2) StderrLine: {'line': b'                 from \x1b[01m\x1b[K/home/andres/Documents/Proyecto_G/LIDAR_prog_ws/src/src/sllidar_ros2/sdk/src/dataunpacker/unpacker/../dataunnpacker_commondef.h:41\x1b[m\x1b[K,\n'}
[2.882548] (sllidar_ros2) StderrLine: {'line': b'                 from \x1b[01m\x1b[K/home/andres/Documents/Proyecto_G/LIDAR_prog_ws/src/src/sllidar_ros2/sdk/src/dataunpacker/unpacker/handler_hqnode.cpp:39\x1b[m\x1b[K:\n'}
[2.882669] (sllidar_ros2) StderrLine: {'line': b'\x1b[01m\x1b[K/home/andres/Documents/Proyecto_G/LIDAR_prog_ws/src/src/sllidar_ros2/./sdk/include/sl_lidar_protocol.h:66:16:\x1b[m\x1b[K \x1b[01;35m\x1b[Kwarning: \x1b[m\x1b[KISO C++ forbids zero-size array \xe2\x80\x98\x1b[01m\x1b[Kdata\x1b[m\x1b[K\xe2\x80\x99 [\x1b[01;35m\x1b[K\x1b]8;;https://gcc.gnu.org/onlinedocs/gcc/Warning-Options.html#index-Wpedantic\x07-Wpedantic\x1b]8;;\x07\x1b[m\x1b[K]\n'}
[2.882797] (sllidar_ros2) StderrLine: {'line': b'   66 |     sl_u8 data[\x1b[01;35m\x1b[K0\x1b[m\x1b[K];\n'}
[2.882912] (sllidar_ros2) StderrLine: {'line': b'      |                \x1b[01;35m\x1b[K^\x1b[m\x1b[K\n'}
[2.883042] (sllidar_ros2) StderrLine: {'line': b'In file included from \x1b[01m\x1b[K/home/andres/Documents/Proyecto_G/LIDAR_prog_ws/src/src/sllidar_ros2/./sdk/include/rplidar_cmd.h:36\x1b[m\x1b[K,\n'}
[2.883145] (sllidar_ros2) StderrLine: {'line': b'                 from \x1b[01m\x1b[K/home/andres/Documents/Proyecto_G/LIDAR_prog_ws/src/src/sllidar_ros2/./sdk/include/rplidar.h:40\x1b[m\x1b[K,\n'}
[2.883257] (sllidar_ros2) StderrLine: {'line': b'                 from \x1b[01m\x1b[K/home/andres/Documents/Proyecto_G/LIDAR_prog_ws/src/src/sllidar_ros2/sdk/src/sdkcommon.h:49\x1b[m\x1b[K,\n'}
[2.883400] (sllidar_ros2) StderrLine: {'line': b'                 from \x1b[01m\x1b[K/home/andres/Documents/Proyecto_G/LIDAR_prog_ws/src/src/sllidar_ros2/sdk/src/sl_async_transceiver.cpp:35\x1b[m\x1b[K:\n'}
[2.883524] (sllidar_ros2) StderrLine: {'line': b'\x1b[01m\x1b[K/home/andres/Documents/Proyecto_G/LIDAR_prog_ws/src/src/sllidar_ros2/./sdk/include/sl_lidar_cmd.h:324:20:\x1b[m\x1b[K \x1b[01;35m\x1b[Kwarning: \x1b[m\x1b[KISO C++ forbids zero-size array \xe2\x80\x98\x1b[01m\x1b[Kpayload\x1b[m\x1b[K\xe2\x80\x99 [\x1b[01;35m\x1b[K\x1b]8;;https://gcc.gnu.org/onlinedocs/gcc/Warning-Options.html#index-Wpedantic\x07-Wpedantic\x1b]8;;\x07\x1b[m\x1b[K]\n'}
[2.883663] (sllidar_ros2) StderrLine: {'line': b'  324 |     sl_u8  payload[\x1b[01;35m\x1b[K0\x1b[m\x1b[K];\n'}
[2.883797] (sllidar_ros2) StderrLine: {'line': b'      |                    \x1b[01;35m\x1b[K^\x1b[m\x1b[K\n'}
[2.883935] (sllidar_ros2) StderrLine: {'line': b'In file included from \x1b[01m\x1b[K/home/andres/Documents/Proyecto_G/LIDAR_prog_ws/src/src/sllidar_ros2/./sdk/include/rplidar_cmd.h:36\x1b[m\x1b[K,\n'}
[2.887567] (sllidar_ros2) StderrLine: {'line': b'                 from \x1b[01m\x1b[K/home/andres/Documents/Proyecto_G/LIDAR_prog_ws/src/src/sllidar_ros2/./sdk/include/rplidar.h:40\x1b[m\x1b[K,\n'}
[2.887798] (sllidar_ros2) StderrLine: {'line': b'                 from \x1b[01m\x1b[K/home/andres/Documents/Proyecto_G/LIDAR_prog_ws/src/src/sllidar_ros2/./sdk/src/sdkcommon.h:49\x1b[m\x1b[K,\n'}
[2.887958] (sllidar_ros2) StderrLine: {'line': b'                 from \x1b[01m\x1b[K/home/andres/Documents/Proyecto_G/LIDAR_prog_ws/src/src/sllidar_ros2/sdk/src/dataunpacker/unpacker/../dataunnpacker_commondef.h:41\x1b[m\x1b[K,\n'}
[2.888090] (sllidar_ros2) StderrLine: {'line': b'                 from \x1b[01m\x1b[K/home/andres/Documents/Proyecto_G/LIDAR_prog_ws/src/src/sllidar_ros2/sdk/src/dataunpacker/unpacker/handler_hqnode.cpp:39\x1b[m\x1b[K:\n'}
[2.888207] (sllidar_ros2) StderrLine: {'line': b'\x1b[01m\x1b[K/home/andres/Documents/Proyecto_G/LIDAR_prog_ws/src/src/sllidar_ros2/./sdk/include/sl_lidar_cmd.h:324:20:\x1b[m\x1b[K \x1b[01;35m\x1b[Kwarning: \x1b[m\x1b[KISO C++ forbids zero-size array \xe2\x80\x98\x1b[01m\x1b[Kpayload\x1b[m\x1b[K\xe2\x80\x99 [\x1b[01;35m\x1b[K\x1b]8;;https://gcc.gnu.org/onlinedocs/gcc/Warning-Options.html#index-Wpedantic\x07-Wpedantic\x1b]8;;\x07\x1b[m\x1b[K]\n'}
[2.888343] (sllidar_ros2) StderrLine: {'line': b'  324 |     sl_u8  payload[\x1b[01;35m\x1b[K0\x1b[m\x1b[K];\n'}
[2.888479] (sllidar_ros2) StderrLine: {'line': b'      |                    \x1b[01;35m\x1b[K^\x1b[m\x1b[K\n'}
[2.888588] (sllidar_ros2) StderrLine: {'line': b'In file included from \x1b[01m\x1b[K/home/andres/Documents/Proyecto_G/LIDAR_prog_ws/src/src/sllidar_ros2/./sdk/include/rplidar_protocol.h:36\x1b[m\x1b[K,\n'}
[2.888699] (sllidar_ros2) StderrLine: {'line': b'                 from \x1b[01m\x1b[K/home/andres/Documents/Proyecto_G/LIDAR_prog_ws/src/src/sllidar_ros2/./sdk/include/rplidar.h:39\x1b[m\x1b[K,\n'}
[2.888806] (sllidar_ros2) StderrLine: {'line': b'                 from \x1b[01m\x1b[K/home/andres/Documents/Proyecto_G/LIDAR_prog_ws/src/src/sllidar_ros2/./sdk/src/sdkcommon.h:49\x1b[m\x1b[K,\n'}
[2.888913] (sllidar_ros2) StderrLine: {'line': b'                 from \x1b[01m\x1b[K/home/andres/Documents/Proyecto_G/LIDAR_prog_ws/src/src/sllidar_ros2/sdk/src/arch/linux/net_socket.cpp:10\x1b[m\x1b[K:\n'}
[2.889037] (sllidar_ros2) StderrLine: {'line': b'\x1b[01m\x1b[K/home/andres/Documents/Proyecto_G/LIDAR_prog_ws/src/src/sllidar_ros2/./sdk/include/sl_lidar_protocol.h:66:16:\x1b[m\x1b[K \x1b[01;35m\x1b[Kwarning: \x1b[m\x1b[KISO C++ forbids zero-size array \xe2\x80\x98\x1b[01m\x1b[Kdata\x1b[m\x1b[K\xe2\x80\x99 [\x1b[01;35m\x1b[K\x1b]8;;https://gcc.gnu.org/onlinedocs/gcc/Warning-Options.html#index-Wpedantic\x07-Wpedantic\x1b]8;;\x07\x1b[m\x1b[K]\n'}
[2.889160] (sllidar_ros2) StderrLine: {'line': b'   66 |     sl_u8 data[\x1b[01;35m\x1b[K0\x1b[m\x1b[K];\n'}
[2.889247] (sllidar_ros2) StderrLine: {'line': b'      |                \x1b[01;35m\x1b[K^\x1b[m\x1b[K\n'}
[2.889345] (sllidar_ros2) StderrLine: {'line': b'In file included from \x1b[01m\x1b[K/home/andres/Documents/Proyecto_G/LIDAR_prog_ws/src/src/sllidar_ros2/./sdk/include/rplidar_cmd.h:36\x1b[m\x1b[K,\n'}
[2.889449] (sllidar_ros2) StderrLine: {'line': b'                 from \x1b[01m\x1b[K/home/andres/Documents/Proyecto_G/LIDAR_prog_ws/src/src/sllidar_ros2/./sdk/include/rplidar.h:40\x1b[m\x1b[K,\n'}
[2.889539] (sllidar_ros2) StderrLine: {'line': b'                 from \x1b[01m\x1b[K/home/andres/Documents/Proyecto_G/LIDAR_prog_ws/src/src/sllidar_ros2/./sdk/src/sdkcommon.h:49\x1b[m\x1b[K,\n'}
[2.889640] (sllidar_ros2) StderrLine: {'line': b'                 from \x1b[01m\x1b[K/home/andres/Documents/Proyecto_G/LIDAR_prog_ws/src/src/sllidar_ros2/sdk/src/arch/linux/net_socket.cpp:10\x1b[m\x1b[K:\n'}
[2.889733] (sllidar_ros2) StderrLine: {'line': b'\x1b[01m\x1b[K/home/andres/Documents/Proyecto_G/LIDAR_prog_ws/src/src/sllidar_ros2/./sdk/include/sl_lidar_cmd.h:324:20:\x1b[m\x1b[K \x1b[01;35m\x1b[Kwarning: \x1b[m\x1b[KISO C++ forbids zero-size array \xe2\x80\x98\x1b[01m\x1b[Kpayload\x1b[m\x1b[K\xe2\x80\x99 [\x1b[01;35m\x1b[K\x1b]8;;https://gcc.gnu.org/onlinedocs/gcc/Warning-Options.html#index-Wpedantic\x07-Wpedantic\x1b]8;;\x07\x1b[m\x1b[K]\n'}
[2.889844] (sllidar_ros2) StderrLine: {'line': b'  324 |     sl_u8  payload[\x1b[01;35m\x1b[K0\x1b[m\x1b[K];\n'}
[2.889952] (sllidar_ros2) StderrLine: {'line': b'      |                    \x1b[01;35m\x1b[K^\x1b[m\x1b[K\n'}
[2.897437] (sllidar_ros2) StderrLine: {'line': b'In file included from \x1b[01m\x1b[K/home/andres/Documents/Proyecto_G/LIDAR_prog_ws/src/src/sllidar_ros2/./sdk/include/rplidar_protocol.h:36\x1b[m\x1b[K,\n'}
[2.897876] (sllidar_ros2) StderrLine: {'line': b'                 from \x1b[01m\x1b[K/home/andres/Documents/Proyecto_G/LIDAR_prog_ws/src/src/sllidar_ros2/./sdk/include/rplidar.h:39\x1b[m\x1b[K,\n'}
[2.898092] (sllidar_ros2) StderrLine: {'line': b'                 from \x1b[01m\x1b[K/home/andres/Documents/Proyecto_G/LIDAR_prog_ws/src/src/sllidar_ros2/./sdk/src/sdkcommon.h:49\x1b[m\x1b[K,\n'}
[2.898288] (sllidar_ros2) StderrLine: {'line': b'                 from \x1b[01m\x1b[K/home/andres/Documents/Proyecto_G/LIDAR_prog_ws/src/src/sllidar_ros2/sdk/src/dataunpacker/unpacker/../dataunnpacker_commondef.h:41\x1b[m\x1b[K,\n'}
[2.898490] (sllidar_ros2) StderrLine: {'line': b'                 from \x1b[01m\x1b[K/home/andres/Documents/Proyecto_G/LIDAR_prog_ws/src/src/sllidar_ros2/sdk/src/dataunpacker/unpacker/handler_capsules.cpp:39\x1b[m\x1b[K:\n'}
[2.898653] (sllidar_ros2) StderrLine: {'line': b'\x1b[01m\x1b[K/home/andres/Documents/Proyecto_G/LIDAR_prog_ws/src/src/sllidar_ros2/./sdk/include/sl_lidar_protocol.h:66:16:\x1b[m\x1b[K \x1b[01;35m\x1b[Kwarning: \x1b[m\x1b[KISO C++ forbids zero-size array \xe2\x80\x98\x1b[01m\x1b[Kdata\x1b[m\x1b[K\xe2\x80\x99 [\x1b[01;35m\x1b[K\x1b]8;;https://gcc.gnu.org/onlinedocs/gcc/Warning-Options.html#index-Wpedantic\x07-Wpedantic\x1b]8;;\x07\x1b[m\x1b[K]\n'}
[2.898793] (sllidar_ros2) StderrLine: {'line': b'   66 |     sl_u8 data[\x1b[01;35m\x1b[K0\x1b[m\x1b[K];\n'}
[2.898943] (sllidar_ros2) StderrLine: {'line': b'      |                \x1b[01;35m\x1b[K^\x1b[m\x1b[K\n'}
[2.899062] (sllidar_ros2) StderrLine: {'line': b'In file included from \x1b[01m\x1b[K/home/andres/Documents/Proyecto_G/LIDAR_prog_ws/src/src/sllidar_ros2/./sdk/include/rplidar_cmd.h:36\x1b[m\x1b[K,\n'}
[2.899190] (sllidar_ros2) StderrLine: {'line': b'                 from \x1b[01m\x1b[K/home/andres/Documents/Proyecto_G/LIDAR_prog_ws/src/src/sllidar_ros2/./sdk/include/rplidar.h:40\x1b[m\x1b[K,\n'}
[2.899317] (sllidar_ros2) StderrLine: {'line': b'                 from \x1b[01m\x1b[K/home/andres/Documents/Proyecto_G/LIDAR_prog_ws/src/src/sllidar_ros2/./sdk/src/sdkcommon.h:49\x1b[m\x1b[K,\n'}
[2.899455] (sllidar_ros2) StderrLine: {'line': b'                 from \x1b[01m\x1b[K/home/andres/Documents/Proyecto_G/LIDAR_prog_ws/src/src/sllidar_ros2/sdk/src/dataunpacker/unpacker/../dataunnpacker_commondef.h:41\x1b[m\x1b[K,\n'}
[2.899575] (sllidar_ros2) StderrLine: {'line': b'                 from \x1b[01m\x1b[K/home/andres/Documents/Proyecto_G/LIDAR_prog_ws/src/src/sllidar_ros2/sdk/src/dataunpacker/unpacker/handler_capsules.cpp:39\x1b[m\x1b[K:\n'}
[2.899688] (sllidar_ros2) StderrLine: {'line': b'\x1b[01m\x1b[K/home/andres/Documents/Proyecto_G/LIDAR_prog_ws/src/src/sllidar_ros2/./sdk/include/sl_lidar_cmd.h:324:20:\x1b[m\x1b[K \x1b[01;35m\x1b[Kwarning: \x1b[m\x1b[KISO C++ forbids zero-size array \xe2\x80\x98\x1b[01m\x1b[Kpayload\x1b[m\x1b[K\xe2\x80\x99 [\x1b[01;35m\x1b[K\x1b]8;;https://gcc.gnu.org/onlinedocs/gcc/Warning-Options.html#index-Wpedantic\x07-Wpedantic\x1b]8;;\x07\x1b[m\x1b[K]\n'}
[2.899806] (sllidar_ros2) StderrLine: {'line': b'  324 |     sl_u8  payload[\x1b[01;35m\x1b[K0\x1b[m\x1b[K];\n'}
[2.899917] (sllidar_ros2) StderrLine: {'line': b'      |                    \x1b[01;35m\x1b[K^\x1b[m\x1b[K\n'}
[2.903391] (sllidar_ros2) StderrLine: {'line': b'In file included from \x1b[01m\x1b[K/home/andres/Documents/Proyecto_G/LIDAR_prog_ws/src/src/sllidar_ros2/./sdk/include/rplidar_protocol.h:36\x1b[m\x1b[K,\n'}
[2.903686] (sllidar_ros2) StderrLine: {'line': b'                 from \x1b[01m\x1b[K/home/andres/Documents/Proyecto_G/LIDAR_prog_ws/src/src/sllidar_ros2/./sdk/include/rplidar.h:39\x1b[m\x1b[K,\n'}
[2.903853] (sllidar_ros2) StderrLine: {'line': b'                 from \x1b[01m\x1b[K/home/andres/Documents/Proyecto_G/LIDAR_prog_ws/src/src/sllidar_ros2/./sdk/src/sdkcommon.h:49\x1b[m\x1b[K,\n'}
[2.904014] (sllidar_ros2) StderrLine: {'line': b'                 from \x1b[01m\x1b[K/home/andres/Documents/Proyecto_G/LIDAR_prog_ws/src/src/sllidar_ros2/sdk/src/hal/thread.cpp:35\x1b[m\x1b[K:\n'}
[2.904146] (sllidar_ros2) StderrLine: {'line': b'\x1b[01m\x1b[K/home/andres/Documents/Proyecto_G/LIDAR_prog_ws/src/src/sllidar_ros2/./sdk/include/sl_lidar_protocol.h:66:16:\x1b[m\x1b[K \x1b[01;35m\x1b[Kwarning: \x1b[m\x1b[KISO C++ forbids zero-size array \xe2\x80\x98\x1b[01m\x1b[Kdata\x1b[m\x1b[K\xe2\x80\x99 [\x1b[01;35m\x1b[K\x1b]8;;https://gcc.gnu.org/onlinedocs/gcc/Warning-Options.html#index-Wpedantic\x07-Wpedantic\x1b]8;;\x07\x1b[m\x1b[K]\n'}
[2.904280] (sllidar_ros2) StderrLine: {'line': b'   66 |     sl_u8 data[\x1b[01;35m\x1b[K0\x1b[m\x1b[K];\n'}
[2.904420] (sllidar_ros2) StderrLine: {'line': b'      |                \x1b[01;35m\x1b[K^\x1b[m\x1b[K\n'}
[2.904543] (sllidar_ros2) StderrLine: {'line': b'In file included from \x1b[01m\x1b[K/home/andres/Documents/Proyecto_G/LIDAR_prog_ws/src/src/sllidar_ros2/./sdk/include/rplidar_cmd.h:36\x1b[m\x1b[K,\n'}
[2.904660] (sllidar_ros2) StderrLine: {'line': b'                 from \x1b[01m\x1b[K/home/andres/Documents/Proyecto_G/LIDAR_prog_ws/src/src/sllidar_ros2/./sdk/include/rplidar.h:40\x1b[m\x1b[K,\n'}
[2.904772] (sllidar_ros2) StderrLine: {'line': b'                 from \x1b[01m\x1b[K/home/andres/Documents/Proyecto_G/LIDAR_prog_ws/src/src/sllidar_ros2/./sdk/src/sdkcommon.h:49\x1b[m\x1b[K,\n'}
[2.904881] (sllidar_ros2) StderrLine: {'line': b'                 from \x1b[01m\x1b[K/home/andres/Documents/Proyecto_G/LIDAR_prog_ws/src/src/sllidar_ros2/sdk/src/hal/thread.cpp:35\x1b[m\x1b[K:\n'}
[2.904994] (sllidar_ros2) StderrLine: {'line': b'\x1b[01m\x1b[K/home/andres/Documents/Proyecto_G/LIDAR_prog_ws/src/src/sllidar_ros2/./sdk/include/sl_lidar_cmd.h:324:20:\x1b[m\x1b[K \x1b[01;35m\x1b[Kwarning: \x1b[m\x1b[KISO C++ forbids zero-size array \xe2\x80\x98\x1b[01m\x1b[Kpayload\x1b[m\x1b[K\xe2\x80\x99 [\x1b[01;35m\x1b[K\x1b]8;;https://gcc.gnu.org/onlinedocs/gcc/Warning-Options.html#index-Wpedantic\x07-Wpedantic\x1b]8;;\x07\x1b[m\x1b[K]\n'}
[2.905139] (sllidar_ros2) StderrLine: {'line': b'  324 |     sl_u8  payload[\x1b[01;35m\x1b[K0\x1b[m\x1b[K];\n'}
[2.905276] (sllidar_ros2) StderrLine: {'line': b'      |                    \x1b[01;35m\x1b[K^\x1b[m\x1b[K\n'}
[2.908540] (-) TimerEvent: {}
[2.908820] (sllidar_ros2) StderrLine: {'line': b'In file included from \x1b[01m\x1b[K/home/andres/Documents/Proyecto_G/LIDAR_prog_ws/src/src/sllidar_ros2/./sdk/include/rplidar_protocol.h:36\x1b[m\x1b[K,\n'}
[2.909039] (sllidar_ros2) StderrLine: {'line': b'                 from \x1b[01m\x1b[K/home/andres/Documents/Proyecto_G/LIDAR_prog_ws/src/src/sllidar_ros2/./sdk/include/rplidar.h:39\x1b[m\x1b[K,\n'}
[2.909190] (sllidar_ros2) StderrLine: {'line': b'                 from \x1b[01m\x1b[K/home/andres/Documents/Proyecto_G/LIDAR_prog_ws/src/src/sllidar_ros2/sdk/src/sdkcommon.h:49\x1b[m\x1b[K,\n'}
[2.909336] (sllidar_ros2) StderrLine: {'line': b'                 from \x1b[01m\x1b[K/home/andres/Documents/Proyecto_G/LIDAR_prog_ws/src/src/sllidar_ros2/sdk/src/rplidar_driver.cpp:33\x1b[m\x1b[K:\n'}
[2.909502] (sllidar_ros2) StderrLine: {'line': b'\x1b[01m\x1b[K/home/andres/Documents/Proyecto_G/LIDAR_prog_ws/src/src/sllidar_ros2/./sdk/include/sl_lidar_protocol.h:66:16:\x1b[m\x1b[K \x1b[01;35m\x1b[Kwarning: \x1b[m\x1b[KISO C++ forbids zero-size array \xe2\x80\x98\x1b[01m\x1b[Kdata\x1b[m\x1b[K\xe2\x80\x99 [\x1b[01;35m\x1b[K\x1b]8;;https://gcc.gnu.org/onlinedocs/gcc/Warning-Options.html#index-Wpedantic\x07-Wpedantic\x1b]8;;\x07\x1b[m\x1b[K]\n'}
[2.909653] (sllidar_ros2) StderrLine: {'line': b'   66 |     sl_u8 data[\x1b[01;35m\x1b[K0\x1b[m\x1b[K];\n'}
[2.909794] (sllidar_ros2) StderrLine: {'line': b'      |                \x1b[01;35m\x1b[K^\x1b[m\x1b[K\n'}
[2.909933] (sllidar_ros2) StderrLine: {'line': b'In file included from \x1b[01m\x1b[K/home/andres/Documents/Proyecto_G/LIDAR_prog_ws/src/src/sllidar_ros2/./sdk/include/rplidar_cmd.h:36\x1b[m\x1b[K,\n'}
[2.913562] (sllidar_ros2) StderrLine: {'line': b'                 from \x1b[01m\x1b[K/home/andres/Documents/Proyecto_G/LIDAR_prog_ws/src/src/sllidar_ros2/./sdk/include/rplidar.h:40\x1b[m\x1b[K,\n'}
[2.913769] (sllidar_ros2) StderrLine: {'line': b'                 from \x1b[01m\x1b[K/home/andres/Documents/Proyecto_G/LIDAR_prog_ws/src/src/sllidar_ros2/sdk/src/sdkcommon.h:49\x1b[m\x1b[K,\n'}
[2.913933] (sllidar_ros2) StderrLine: {'line': b'                 from \x1b[01m\x1b[K/home/andres/Documents/Proyecto_G/LIDAR_prog_ws/src/src/sllidar_ros2/sdk/src/rplidar_driver.cpp:33\x1b[m\x1b[K:\n'}
[2.914063] (sllidar_ros2) StderrLine: {'line': b'\x1b[01m\x1b[K/home/andres/Documents/Proyecto_G/LIDAR_prog_ws/src/src/sllidar_ros2/./sdk/include/sl_lidar_cmd.h:324:20:\x1b[m\x1b[K \x1b[01;35m\x1b[Kwarning: \x1b[m\x1b[KISO C++ forbids zero-size array \xe2\x80\x98\x1b[01m\x1b[Kpayload\x1b[m\x1b[K\xe2\x80\x99 [\x1b[01;35m\x1b[K\x1b]8;;https://gcc.gnu.org/onlinedocs/gcc/Warning-Options.html#index-Wpedantic\x07-Wpedantic\x1b]8;;\x07\x1b[m\x1b[K]\n'}
[2.914190] (sllidar_ros2) StderrLine: {'line': b'  324 |     sl_u8  payload[\x1b[01;35m\x1b[K0\x1b[m\x1b[K];\n'}
[2.914321] (sllidar_ros2) StderrLine: {'line': b'      |                    \x1b[01;35m\x1b[K^\x1b[m\x1b[K\n'}
[2.914469] (sllidar_ros2) StderrLine: {'line': b'In file included from \x1b[01m\x1b[K/home/andres/Documents/Proyecto_G/LIDAR_prog_ws/src/src/sllidar_ros2/./sdk/include/rplidar_protocol.h:36\x1b[m\x1b[K,\n'}
[2.914597] (sllidar_ros2) StderrLine: {'line': b'                 from \x1b[01m\x1b[K/home/andres/Documents/Proyecto_G/LIDAR_prog_ws/src/src/sllidar_ros2/./sdk/include/rplidar.h:39\x1b[m\x1b[K,\n'}
[2.914718] (sllidar_ros2) StderrLine: {'line': b'                 from \x1b[01m\x1b[K/home/andres/Documents/Proyecto_G/LIDAR_prog_ws/src/src/sllidar_ros2/./sdk/src/sdkcommon.h:49\x1b[m\x1b[K,\n'}
[2.914839] (sllidar_ros2) StderrLine: {'line': b'                 from \x1b[01m\x1b[K/home/andres/Documents/Proyecto_G/LIDAR_prog_ws/src/src/sllidar_ros2/sdk/src/dataunpacker/dataunnpacker_commondef.h:41\x1b[m\x1b[K,\n'}
[2.914991] (sllidar_ros2) StderrLine: {'line': b'                 from \x1b[01m\x1b[K/home/andres/Documents/Proyecto_G/LIDAR_prog_ws/src/src/sllidar_ros2/sdk/src/dataunpacker/dataunpacker.cpp:39\x1b[m\x1b[K:\n'}
[2.915115] (sllidar_ros2) StderrLine: {'line': b'\x1b[01m\x1b[K/home/andres/Documents/Proyecto_G/LIDAR_prog_ws/src/src/sllidar_ros2/./sdk/include/sl_lidar_protocol.h:66:16:\x1b[m\x1b[K \x1b[01;35m\x1b[Kwarning: \x1b[m\x1b[KISO C++ forbids zero-size array \xe2\x80\x98\x1b[01m\x1b[Kdata\x1b[m\x1b[K\xe2\x80\x99 [\x1b[01;35m\x1b[K\x1b]8;;https://gcc.gnu.org/onlinedocs/gcc/Warning-Options.html#index-Wpedantic\x07-Wpedantic\x1b]8;;\x07\x1b[m\x1b[K]\n'}
[2.915242] (sllidar_ros2) StderrLine: {'line': b'   66 |     sl_u8 data[\x1b[01;35m\x1b[K0\x1b[m\x1b[K];\n'}
[2.915379] (sllidar_ros2) StderrLine: {'line': b'      |                \x1b[01;35m\x1b[K^\x1b[m\x1b[K\n'}
[2.915510] (sllidar_ros2) StderrLine: {'line': b'In file included from \x1b[01m\x1b[K/home/andres/Documents/Proyecto_G/LIDAR_prog_ws/src/src/sllidar_ros2/./sdk/include/rplidar_cmd.h:36\x1b[m\x1b[K,\n'}
[2.915631] (sllidar_ros2) StderrLine: {'line': b'                 from \x1b[01m\x1b[K/home/andres/Documents/Proyecto_G/LIDAR_prog_ws/src/src/sllidar_ros2/./sdk/include/rplidar.h:40\x1b[m\x1b[K,\n'}
[2.915735] (sllidar_ros2) StderrLine: {'line': b'                 from \x1b[01m\x1b[K/home/andres/Documents/Proyecto_G/LIDAR_prog_ws/src/src/sllidar_ros2/./sdk/src/sdkcommon.h:49\x1b[m\x1b[K,\n'}
[2.915825] (sllidar_ros2) StderrLine: {'line': b'                 from \x1b[01m\x1b[K/home/andres/Documents/Proyecto_G/LIDAR_prog_ws/src/src/sllidar_ros2/sdk/src/dataunpacker/dataunnpacker_commondef.h:41\x1b[m\x1b[K,\n'}
[2.915918] (sllidar_ros2) StderrLine: {'line': b'                 from \x1b[01m\x1b[K/home/andres/Documents/Proyecto_G/LIDAR_prog_ws/src/src/sllidar_ros2/sdk/src/dataunpacker/dataunpacker.cpp:39\x1b[m\x1b[K:\n'}
[2.916015] (sllidar_ros2) StderrLine: {'line': b'\x1b[01m\x1b[K/home/andres/Documents/Proyecto_G/LIDAR_prog_ws/src/src/sllidar_ros2/./sdk/include/sl_lidar_cmd.h:324:20:\x1b[m\x1b[K \x1b[01;35m\x1b[Kwarning: \x1b[m\x1b[KISO C++ forbids zero-size array \xe2\x80\x98\x1b[01m\x1b[Kpayload\x1b[m\x1b[K\xe2\x80\x99 [\x1b[01;35m\x1b[K\x1b]8;;https://gcc.gnu.org/onlinedocs/gcc/Warning-Options.html#index-Wpedantic\x07-Wpedantic\x1b]8;;\x07\x1b[m\x1b[K]\n'}
[2.916133] (sllidar_ros2) StderrLine: {'line': b'  324 |     sl_u8  payload[\x1b[01;35m\x1b[K0\x1b[m\x1b[K];\n'}
[2.916253] (sllidar_ros2) StderrLine: {'line': b'      |                    \x1b[01;35m\x1b[K^\x1b[m\x1b[K\n'}
[2.919179] (sllidar_ros2) StderrLine: {'line': b'In file included from \x1b[01m\x1b[K/home/andres/Documents/Proyecto_G/LIDAR_prog_ws/src/src/sllidar_ros2/./sdk/include/rplidar_protocol.h:36\x1b[m\x1b[K,\n'}
[2.919471] (sllidar_ros2) StderrLine: {'line': b'                 from \x1b[01m\x1b[K/home/andres/Documents/Proyecto_G/LIDAR_prog_ws/src/src/sllidar_ros2/./sdk/include/rplidar.h:39\x1b[m\x1b[K,\n'}
[2.919636] (sllidar_ros2) StderrLine: {'line': b'                 from \x1b[01m\x1b[K/home/andres/Documents/Proyecto_G/LIDAR_prog_ws/src/src/sllidar_ros2/./sdk/src/sdkcommon.h:49\x1b[m\x1b[K,\n'}
[2.919789] (sllidar_ros2) StderrLine: {'line': b'                 from \x1b[01m\x1b[K/home/andres/Documents/Proyecto_G/LIDAR_prog_ws/src/src/sllidar_ros2/sdk/src/dataunpacker/unpacker/../dataunnpacker_commondef.h:41\x1b[m\x1b[K,\n'}
[2.919923] (sllidar_ros2) StderrLine: {'line': b'                 from \x1b[01m\x1b[K/home/andres/Documents/Proyecto_G/LIDAR_prog_ws/src/src/sllidar_ros2/sdk/src/dataunpacker/unpacker/handler_normalnode.cpp:39\x1b[m\x1b[K:\n'}
[2.920049] (sllidar_ros2) StderrLine: {'line': b'\x1b[01m\x1b[K/home/andres/Documents/Proyecto_G/LIDAR_prog_ws/src/src/sllidar_ros2/./sdk/include/sl_lidar_protocol.h:66:16:\x1b[m\x1b[K \x1b[01;35m\x1b[Kwarning: \x1b[m\x1b[KISO C++ forbids zero-size array \xe2\x80\x98\x1b[01m\x1b[Kdata\x1b[m\x1b[K\xe2\x80\x99 [\x1b[01;35m\x1b[K\x1b]8;;https://gcc.gnu.org/onlinedocs/gcc/Warning-Options.html#index-Wpedantic\x07-Wpedantic\x1b]8;;\x07\x1b[m\x1b[K]\n'}
[2.920212] (sllidar_ros2) StderrLine: {'line': b'   66 |     sl_u8 data[\x1b[01;35m\x1b[K0\x1b[m\x1b[K];\n'}
[2.920343] (sllidar_ros2) StderrLine: {'line': b'      |                \x1b[01;35m\x1b[K^\x1b[m\x1b[K\n'}
[2.921064] (sllidar_ros2) StderrLine: {'line': b'In file included from \x1b[01m\x1b[K/home/andres/Documents/Proyecto_G/LIDAR_prog_ws/src/src/sllidar_ros2/./sdk/include/rplidar_cmd.h:36\x1b[m\x1b[K,\n'}
[2.921222] (sllidar_ros2) StderrLine: {'line': b'                 from \x1b[01m\x1b[K/home/andres/Documents/Proyecto_G/LIDAR_prog_ws/src/src/sllidar_ros2/./sdk/include/rplidar.h:40\x1b[m\x1b[K,\n'}
[2.921372] (sllidar_ros2) StderrLine: {'line': b'                 from \x1b[01m\x1b[K/home/andres/Documents/Proyecto_G/LIDAR_prog_ws/src/src/sllidar_ros2/./sdk/src/sdkcommon.h:49\x1b[m\x1b[K,\n'}
[2.921493] (sllidar_ros2) StderrLine: {'line': b'                 from \x1b[01m\x1b[K/home/andres/Documents/Proyecto_G/LIDAR_prog_ws/src/src/sllidar_ros2/sdk/src/dataunpacker/unpacker/../dataunnpacker_commondef.h:41\x1b[m\x1b[K,\n'}
[2.921597] (sllidar_ros2) StderrLine: {'line': b'                 from \x1b[01m\x1b[K/home/andres/Documents/Proyecto_G/LIDAR_prog_ws/src/src/sllidar_ros2/sdk/src/dataunpacker/unpacker/handler_normalnode.cpp:39\x1b[m\x1b[K:\n'}
[2.921716] (sllidar_ros2) StderrLine: {'line': b'\x1b[01m\x1b[K/home/andres/Documents/Proyecto_G/LIDAR_prog_ws/src/src/sllidar_ros2/./sdk/include/sl_lidar_cmd.h:324:20:\x1b[m\x1b[K \x1b[01;35m\x1b[Kwarning: \x1b[m\x1b[KISO C++ forbids zero-size array \xe2\x80\x98\x1b[01m\x1b[Kpayload\x1b[m\x1b[K\xe2\x80\x99 [\x1b[01;35m\x1b[K\x1b]8;;https://gcc.gnu.org/onlinedocs/gcc/Warning-Options.html#index-Wpedantic\x07-Wpedantic\x1b]8;;\x07\x1b[m\x1b[K]\n'}
[2.921848] (sllidar_ros2) StderrLine: {'line': b'  324 |     sl_u8  payload[\x1b[01;35m\x1b[K0\x1b[m\x1b[K];\n'}
[2.921964] (sllidar_ros2) StderrLine: {'line': b'      |                    \x1b[01;35m\x1b[K^\x1b[m\x1b[K\n'}
[2.922812] (sllidar_ros2) StderrLine: {'line': b'In file included from \x1b[01m\x1b[K/home/andres/Documents/Proyecto_G/LIDAR_prog_ws/src/src/sllidar_ros2/./sdk/include/rplidar_protocol.h:36\x1b[m\x1b[K,\n'}
[2.922982] (sllidar_ros2) StderrLine: {'line': b'                 from \x1b[01m\x1b[K/home/andres/Documents/Proyecto_G/LIDAR_prog_ws/src/src/sllidar_ros2/./sdk/include/rplidar.h:39\x1b[m\x1b[K,\n'}
[2.923104] (sllidar_ros2) StderrLine: {'line': b'                 from \x1b[01m\x1b[K/home/andres/Documents/Proyecto_G/LIDAR_prog_ws/src/src/sllidar_ros2/sdk/src/sdkcommon.h:49\x1b[m\x1b[K,\n'}
[2.923214] (sllidar_ros2) StderrLine: {'line': b'                 from \x1b[01m\x1b[K/home/andres/Documents/Proyecto_G/LIDAR_prog_ws/src/src/sllidar_ros2/sdk/src/sl_lidar_driver.cpp:33\x1b[m\x1b[K:\n'}
[2.923343] (sllidar_ros2) StderrLine: {'line': b'\x1b[01m\x1b[K/home/andres/Documents/Proyecto_G/LIDAR_prog_ws/src/src/sllidar_ros2/./sdk/include/sl_lidar_protocol.h:66:16:\x1b[m\x1b[K \x1b[01;35m\x1b[Kwarning: \x1b[m\x1b[KISO C++ forbids zero-size array \xe2\x80\x98\x1b[01m\x1b[Kdata\x1b[m\x1b[K\xe2\x80\x99 [\x1b[01;35m\x1b[K\x1b]8;;https://gcc.gnu.org/onlinedocs/gcc/Warning-Options.html#index-Wpedantic\x07-Wpedantic\x1b]8;;\x07\x1b[m\x1b[K]\n'}
[2.923491] (sllidar_ros2) StderrLine: {'line': b'   66 |     sl_u8 data[\x1b[01;35m\x1b[K0\x1b[m\x1b[K];\n'}
[2.923607] (sllidar_ros2) StderrLine: {'line': b'      |                \x1b[01;35m\x1b[K^\x1b[m\x1b[K\n'}
[2.923978] (sllidar_ros2) StderrLine: {'line': b'In file included from \x1b[01m\x1b[K/home/andres/Documents/Proyecto_G/LIDAR_prog_ws/src/src/sllidar_ros2/./sdk/include/rplidar_cmd.h:36\x1b[m\x1b[K,\n'}
[2.924109] (sllidar_ros2) StderrLine: {'line': b'                 from \x1b[01m\x1b[K/home/andres/Documents/Proyecto_G/LIDAR_prog_ws/src/src/sllidar_ros2/./sdk/include/rplidar.h:40\x1b[m\x1b[K,\n'}
[2.924235] (sllidar_ros2) StderrLine: {'line': b'                 from \x1b[01m\x1b[K/home/andres/Documents/Proyecto_G/LIDAR_prog_ws/src/src/sllidar_ros2/sdk/src/sdkcommon.h:49\x1b[m\x1b[K,\n'}
[2.924370] (sllidar_ros2) StderrLine: {'line': b'                 from \x1b[01m\x1b[K/home/andres/Documents/Proyecto_G/LIDAR_prog_ws/src/src/sllidar_ros2/sdk/src/sl_lidar_driver.cpp:33\x1b[m\x1b[K:\n'}
[2.924522] (sllidar_ros2) StderrLine: {'line': b'\x1b[01m\x1b[K/home/andres/Documents/Proyecto_G/LIDAR_prog_ws/src/src/sllidar_ros2/./sdk/include/sl_lidar_cmd.h:324:20:\x1b[m\x1b[K \x1b[01;35m\x1b[Kwarning: \x1b[m\x1b[KISO C++ forbids zero-size array \xe2\x80\x98\x1b[01m\x1b[Kpayload\x1b[m\x1b[K\xe2\x80\x99 [\x1b[01;35m\x1b[K\x1b]8;;https://gcc.gnu.org/onlinedocs/gcc/Warning-Options.html#index-Wpedantic\x07-Wpedantic\x1b]8;;\x07\x1b[m\x1b[K]\n'}
[2.924647] (sllidar_ros2) StderrLine: {'line': b'  324 |     sl_u8  payload[\x1b[01;35m\x1b[K0\x1b[m\x1b[K];\n'}
[2.924742] (sllidar_ros2) StderrLine: {'line': b'      |                    \x1b[01;35m\x1b[K^\x1b[m\x1b[K\n'}
[2.980392] (sllidar_ros2) StderrLine: {'line': b'In file included from \x1b[01m\x1b[K/home/andres/Documents/Proyecto_G/LIDAR_prog_ws/src/src/sllidar_ros2/sdk/src/hal/thread.cpp:43\x1b[m\x1b[K:\n'}
[2.980792] (sllidar_ros2) StderrLine: {'line': b'\x1b[01m\x1b[K/home/andres/Documents/Proyecto_G/LIDAR_prog_ws/src/src/sllidar_ros2/./sdk/src/arch/linux/thread.hpp:\x1b[m\x1b[K In static member function \xe2\x80\x98\x1b[01m\x1b[Kstatic rp::hal::Thread rp::hal::Thread::create(thread_proc_t, void*)\x1b[m\x1b[K\xe2\x80\x99:\n'}
[2.981001] (sllidar_ros2) StderrLine: {'line': b'\x1b[01m\x1b[K/home/andres/Documents/Proyecto_G/LIDAR_prog_ws/src/src/sllidar_ros2/./sdk/src/arch/linux/thread.hpp:52:57:\x1b[m\x1b[K \x1b[01;35m\x1b[Kwarning: \x1b[m\x1b[Kcast between incompatible function types from \xe2\x80\x98\x1b[01m\x1b[Kthread_proc_t\x1b[m\x1b[K\xe2\x80\x99 {aka \xe2\x80\x98\x1b[01m\x1b[Klong unsigned int (*)(void*)\x1b[m\x1b[K\xe2\x80\x99} to \xe2\x80\x98\x1b[01m\x1b[Kvoid* (*)(void*)\x1b[m\x1b[K\xe2\x80\x99 [\x1b[01;35m\x1b[K\x1b]8;;https://gcc.gnu.org/onlinedocs/gcc/Warning-Options.html#index-Wcast-function-type\x07-Wcast-function-type\x1b]8;;\x07\x1b[m\x1b[K]\n'}
[2.981179] (sllidar_ros2) StderrLine: {'line': b'   52 |     pthread_create((pthread_t *)&newborn._handle, NULL, \x1b[01;35m\x1b[K(void * (*)(void *))proc\x1b[m\x1b[K, data);\n'}
[2.981355] (sllidar_ros2) StderrLine: {'line': b'      |                                                         \x1b[01;35m\x1b[K^~~~~~~~~~~~~~~~~~~~~~~~\x1b[m\x1b[K\n'}
[2.981624] (sllidar_ros2) StderrLine: {'line': b'\x1b[01m\x1b[K/home/andres/Documents/Proyecto_G/LIDAR_prog_ws/src/src/sllidar_ros2/./sdk/src/arch/linux/thread.hpp:\x1b[m\x1b[K In member function \xe2\x80\x98\x1b[01m\x1b[Ku_result rp::hal::Thread::join(long unsigned int)\x1b[m\x1b[K\xe2\x80\x99:\n'}
[2.981786] (sllidar_ros2) StderrLine: {'line': b'\x1b[01m\x1b[K/home/andres/Documents/Proyecto_G/LIDAR_prog_ws/src/src/sllidar_ros2/./sdk/src/arch/linux/thread.hpp:176:37:\x1b[m\x1b[K \x1b[01;35m\x1b[Kwarning: \x1b[m\x1b[Kunused parameter \xe2\x80\x98\x1b[01m\x1b[Ktimeout\x1b[m\x1b[K\xe2\x80\x99 [\x1b[01;35m\x1b[K\x1b]8;;https://gcc.gnu.org/onlinedocs/gcc/Warning-Options.html#index-Wunused-parameter\x07-Wunused-parameter\x1b]8;;\x07\x1b[m\x1b[K]\n'}
[2.981909] (sllidar_ros2) StderrLine: {'line': b'  176 | u_result Thread::join(\x1b[01;35m\x1b[Kunsigned long timeout\x1b[m\x1b[K)\n'}
[2.982000] (sllidar_ros2) StderrLine: {'line': b'      |                       \x1b[01;35m\x1b[K~~~~~~~~~~~~~~^~~~~~~\x1b[m\x1b[K\n'}
[2.984172] (sllidar_ros2) StderrLine: {'line': b'In file included from \x1b[01m\x1b[K/home/andres/Documents/Proyecto_G/LIDAR_prog_ws/src/src/sllidar_ros2/./sdk/src/arch/linux/arch_linux.h:42\x1b[m\x1b[K,\n'}
[2.984411] (sllidar_ros2) StderrLine: {'line': b'                 from \x1b[01m\x1b[K/home/andres/Documents/Proyecto_G/LIDAR_prog_ws/src/src/sllidar_ros2/./sdk/src/sdkcommon.h:41\x1b[m\x1b[K,\n'}
[2.984574] (sllidar_ros2) StderrLine: {'line': b'                 from \x1b[01m\x1b[K/home/andres/Documents/Proyecto_G/LIDAR_prog_ws/src/src/sllidar_ros2/sdk/src/arch/linux/net_socket.cpp:10\x1b[m\x1b[K:\n'}
[2.984708] (sllidar_ros2) StderrLine: {'line': b'\x1b[01m\x1b[K/home/andres/Documents/Proyecto_G/LIDAR_prog_ws/src/src/sllidar_ros2/sdk/src/arch/linux/net_socket.cpp:\x1b[m\x1b[K In member function \xe2\x80\x98\x1b[01m\x1b[Kvirtual u_result rp::arch::net::DGramSocketImpl::sendTo(const rp::net::SocketAddress*, const void*, size_t)\x1b[m\x1b[K\xe2\x80\x99:\n'}
[2.984848] (sllidar_ros2) StderrLine: {'line': b'\x1b[01m\x1b[K/home/andres/Documents/Proyecto_G/LIDAR_prog_ws/src/src/sllidar_ros2/sdk/src/arch/linux/net_socket.cpp:733:24:\x1b[m\x1b[K \x1b[01;35m\x1b[Kwarning: \x1b[m\x1b[Kcomparison of integer expressions of different signedness: \xe2\x80\x98\x1b[01m\x1b[Kint\x1b[m\x1b[K\xe2\x80\x99 and \xe2\x80\x98\x1b[01m\x1b[Ksize_t\x1b[m\x1b[K\xe2\x80\x99 {aka \xe2\x80\x98\x1b[01m\x1b[Klong unsigned int\x1b[m\x1b[K\xe2\x80\x99} [\x1b[01;35m\x1b[K\x1b]8;;https://gcc.gnu.org/onlinedocs/gcc/Warning-Options.html#index-Wsign-compare\x07-Wsign-compare\x1b]8;;\x07\x1b[m\x1b[K]\n'}
[2.984981] (sllidar_ros2) StderrLine: {'line': b'  733 |             assert(\x1b[01;35m\x1b[Kans == len\x1b[m\x1b[K);\n'}
[2.985100] (sllidar_ros2) StderrLine: {'line': b'      |                    \x1b[01;35m\x1b[K~~~~^~~~~~\x1b[m\x1b[K\n'}
[3.003945] (sllidar_ros2) StderrLine: {'line': b'In file included from \x1b[01m\x1b[K/home/andres/Documents/Proyecto_G/LIDAR_prog_ws/src/src/sllidar_ros2/./sdk/include/rplidar_protocol.h:36\x1b[m\x1b[K,\n'}
[3.004322] (sllidar_ros2) StderrLine: {'line': b'                 from \x1b[01m\x1b[K/home/andres/Documents/Proyecto_G/LIDAR_prog_ws/src/src/sllidar_ros2/./sdk/include/rplidar.h:39\x1b[m\x1b[K,\n'}
[3.004540] (sllidar_ros2) StderrLine: {'line': b'                 from \x1b[01m\x1b[K/home/andres/Documents/Proyecto_G/LIDAR_prog_ws/src/src/sllidar_ros2/sdk/src/sdkcommon.h:49\x1b[m\x1b[K,\n'}
[3.004710] (sllidar_ros2) StderrLine: {'line': b'                 from \x1b[01m\x1b[K/home/andres/Documents/Proyecto_G/LIDAR_prog_ws/src/src/sllidar_ros2/sdk/src/sl_lidarprotocol_codec.cpp:35\x1b[m\x1b[K:\n'}
[3.004855] (sllidar_ros2) StderrLine: {'line': b'\x1b[01m\x1b[K/home/andres/Documents/Proyecto_G/LIDAR_prog_ws/src/src/sllidar_ros2/./sdk/include/sl_lidar_protocol.h:66:16:\x1b[m\x1b[K \x1b[01;35m\x1b[Kwarning: \x1b[m\x1b[KISO C++ forbids zero-size array \xe2\x80\x98\x1b[01m\x1b[Kdata\x1b[m\x1b[K\xe2\x80\x99 [\x1b[01;35m\x1b[K\x1b]8;;https://gcc.gnu.org/onlinedocs/gcc/Warning-Options.html#index-Wpedantic\x07-Wpedantic\x1b]8;;\x07\x1b[m\x1b[K]\n'}
[3.005000] (sllidar_ros2) StderrLine: {'line': b'   66 |     sl_u8 data[\x1b[01;35m\x1b[K0\x1b[m\x1b[K];\n'}
[3.005129] (sllidar_ros2) StderrLine: {'line': b'      |                \x1b[01;35m\x1b[K^\x1b[m\x1b[K\n'}
[3.006396] (sllidar_ros2) StderrLine: {'line': b'In file included from \x1b[01m\x1b[K/home/andres/Documents/Proyecto_G/LIDAR_prog_ws/src/src/sllidar_ros2/./sdk/include/rplidar_cmd.h:36\x1b[m\x1b[K,\n'}
[3.006586] (sllidar_ros2) StderrLine: {'line': b'                 from \x1b[01m\x1b[K/home/andres/Documents/Proyecto_G/LIDAR_prog_ws/src/src/sllidar_ros2/./sdk/include/rplidar.h:40\x1b[m\x1b[K,\n'}
[3.006722] (sllidar_ros2) StderrLine: {'line': b'                 from \x1b[01m\x1b[K/home/andres/Documents/Proyecto_G/LIDAR_prog_ws/src/src/sllidar_ros2/sdk/src/sdkcommon.h:49\x1b[m\x1b[K,\n'}
[3.006846] (sllidar_ros2) StderrLine: {'line': b'                 from \x1b[01m\x1b[K/home/andres/Documents/Proyecto_G/LIDAR_prog_ws/src/src/sllidar_ros2/sdk/src/sl_lidarprotocol_codec.cpp:35\x1b[m\x1b[K:\n'}
[3.006971] (sllidar_ros2) StderrLine: {'line': b'\x1b[01m\x1b[K/home/andres/Documents/Proyecto_G/LIDAR_prog_ws/src/src/sllidar_ros2/./sdk/include/sl_lidar_cmd.h:324:20:\x1b[m\x1b[K \x1b[01;35m\x1b[Kwarning: \x1b[m\x1b[KISO C++ forbids zero-size array \xe2\x80\x98\x1b[01m\x1b[Kpayload\x1b[m\x1b[K\xe2\x80\x99 [\x1b[01;35m\x1b[K\x1b]8;;https://gcc.gnu.org/onlinedocs/gcc/Warning-Options.html#index-Wpedantic\x07-Wpedantic\x1b]8;;\x07\x1b[m\x1b[K]\n'}
[3.007099] (sllidar_ros2) StderrLine: {'line': b'  324 |     sl_u8  payload[\x1b[01;35m\x1b[K0\x1b[m\x1b[K];\n'}
[3.007218] (sllidar_ros2) StderrLine: {'line': b'      |                    \x1b[01;35m\x1b[K^\x1b[m\x1b[K\n'}
[3.010430] (-) TimerEvent: {}
[3.033751] (sllidar_ros2) StderrLine: {'line': b'In file included from \x1b[01m\x1b[K/home/andres/Documents/Proyecto_G/LIDAR_prog_ws/src/src/sllidar_ros2/sdk/src/sl_async_transceiver.cpp:44\x1b[m\x1b[K:\n'}
[3.034146] (sllidar_ros2) StderrLine: {'line': b'\x1b[01m\x1b[K/home/andres/Documents/Proyecto_G/LIDAR_prog_ws/src/src/sllidar_ros2/sdk/src/sl_async_transceiver.h:\x1b[m\x1b[K In member function \xe2\x80\x98\x1b[01m\x1b[Kvirtual void sl::internal::IAsyncProtocolCodec::onChannelError(u_result)\x1b[m\x1b[K\xe2\x80\x99:\n'}
[3.034349] (sllidar_ros2) StderrLine: {'line': b'\x1b[01m\x1b[K/home/andres/Documents/Proyecto_G/LIDAR_prog_ws/src/src/sllidar_ros2/sdk/src/sl_async_transceiver.h:90:48:\x1b[m\x1b[K \x1b[01;35m\x1b[Kwarning: \x1b[m\x1b[Kunused parameter \xe2\x80\x98\x1b[01m\x1b[KerrCode\x1b[m\x1b[K\xe2\x80\x99 [\x1b[01;35m\x1b[K\x1b]8;;https://gcc.gnu.org/onlinedocs/gcc/Warning-Options.html#index-Wunused-parameter\x07-Wunused-parameter\x1b]8;;\x07\x1b[m\x1b[K]\n'}
[3.034526] (sllidar_ros2) StderrLine: {'line': b'   90 |         virtual void   onChannelError(\x1b[01;35m\x1b[Ku_result errCode\x1b[m\x1b[K) {}\n'}
[3.034677] (sllidar_ros2) StderrLine: {'line': b'      |                                       \x1b[01;35m\x1b[K~~~~~~~~~^~~~~~~\x1b[m\x1b[K\n'}
[3.100424] (sllidar_ros2) StderrLine: {'line': b'\x1b[01m\x1b[K/home/andres/Documents/Proyecto_G/LIDAR_prog_ws/src/src/sllidar_ros2/sdk/src/arch/linux/net_serial.cpp:\x1b[m\x1b[K In member function \xe2\x80\x98\x1b[01m\x1b[Kbool rp::arch::net::raw_serial::open(const char*, uint32_t, uint32_t)\x1b[m\x1b[K\xe2\x80\x99:\n'}
[3.101000] (sllidar_ros2) StderrLine: {'line': b'\x1b[01m\x1b[K/home/andres/Documents/Proyecto_G/LIDAR_prog_ws/src/src/sllidar_ros2/sdk/src/arch/linux/net_serial.cpp:97:74:\x1b[m\x1b[K \x1b[01;35m\x1b[Kwarning: \x1b[m\x1b[Kunused parameter \xe2\x80\x98\x1b[01m\x1b[Kflags\x1b[m\x1b[K\xe2\x80\x99 [\x1b[01;35m\x1b[K\x1b]8;;https://gcc.gnu.org/onlinedocs/gcc/Warning-Options.html#index-Wunused-parameter\x07-Wunused-parameter\x1b]8;;\x07\x1b[m\x1b[K]\n'}
[3.101207] (sllidar_ros2) StderrLine: {'line': b'   97 | bool raw_serial::open(const char * portname, uint32_t baudrate, \x1b[01;35m\x1b[Kuint32_t flags\x1b[m\x1b[K)\n'}
[3.101392] (sllidar_ros2) StderrLine: {'line': b'      |                                                                 \x1b[01;35m\x1b[K~~~~~~~~~^~~~~\x1b[m\x1b[K\n'}
[3.101549] (sllidar_ros2) StderrLine: {'line': b'\x1b[01m\x1b[K/home/andres/Documents/Proyecto_G/LIDAR_prog_ws/src/src/sllidar_ros2/sdk/src/arch/linux/net_serial.cpp:\x1b[m\x1b[K In member function \xe2\x80\x98\x1b[01m\x1b[Kvirtual void rp::arch::net::raw_serial::flush(_u32)\x1b[m\x1b[K\xe2\x80\x99:\n'}
[3.101678] (sllidar_ros2) StderrLine: {'line': b'\x1b[01m\x1b[K/home/andres/Documents/Proyecto_G/LIDAR_prog_ws/src/src/sllidar_ros2/sdk/src/arch/linux/net_serial.cpp:281:30:\x1b[m\x1b[K \x1b[01;35m\x1b[Kwarning: \x1b[m\x1b[Kunused parameter \xe2\x80\x98\x1b[01m\x1b[Kflags\x1b[m\x1b[K\xe2\x80\x99 [\x1b[01;35m\x1b[K\x1b]8;;https://gcc.gnu.org/onlinedocs/gcc/Warning-Options.html#index-Wunused-parameter\x07-Wunused-parameter\x1b]8;;\x07\x1b[m\x1b[K]\n'}
[3.101804] (sllidar_ros2) StderrLine: {'line': b'  281 | void raw_serial::flush( \x1b[01;35m\x1b[K_u32 flags\x1b[m\x1b[K)\n'}
[3.101919] (sllidar_ros2) StderrLine: {'line': b'      |                         \x1b[01;35m\x1b[K~~~~~^~~~~\x1b[m\x1b[K\n'}
[3.102028] (sllidar_ros2) StderrLine: {'line': b'\x1b[01m\x1b[K/home/andres/Documents/Proyecto_G/LIDAR_prog_ws/src/src/sllidar_ros2/sdk/src/arch/linux/net_serial.cpp:\x1b[m\x1b[K In member function \xe2\x80\x98\x1b[01m\x1b[Kvirtual int rp::arch::net::raw_serial::waitforsent(_u32, size_t*)\x1b[m\x1b[K\xe2\x80\x99:\n'}
[3.102149] (sllidar_ros2) StderrLine: {'line': b'\x1b[01m\x1b[K/home/andres/Documents/Proyecto_G/LIDAR_prog_ws/src/src/sllidar_ros2/sdk/src/arch/linux/net_serial.cpp:286:34:\x1b[m\x1b[K \x1b[01;35m\x1b[Kwarning: \x1b[m\x1b[Kunused parameter \xe2\x80\x98\x1b[01m\x1b[Ktimeout\x1b[m\x1b[K\xe2\x80\x99 [\x1b[01;35m\x1b[K\x1b]8;;https://gcc.gnu.org/onlinedocs/gcc/Warning-Options.html#index-Wunused-parameter\x07-Wunused-parameter\x1b]8;;\x07\x1b[m\x1b[K]\n'}
[3.102284] (sllidar_ros2) StderrLine: {'line': b'  286 | int raw_serial::waitforsent(\x1b[01;35m\x1b[K_u32 timeout\x1b[m\x1b[K, size_t * returned_size)\n'}
[3.102422] (sllidar_ros2) StderrLine: {'line': b'      |                             \x1b[01;35m\x1b[K~~~~~^~~~~~~\x1b[m\x1b[K\n'}
[3.102540] (sllidar_ros2) StderrLine: {'line': b'\x1b[01m\x1b[K/home/andres/Documents/Proyecto_G/LIDAR_prog_ws/src/src/sllidar_ros2/sdk/src/arch/linux/net_serial.cpp:\x1b[m\x1b[K In member function \xe2\x80\x98\x1b[01m\x1b[Kvirtual int rp::arch::net::raw_serial::waitforrecv(_u32, size_t*)\x1b[m\x1b[K\xe2\x80\x99:\n'}
[3.102650] (sllidar_ros2) StderrLine: {'line': b'\x1b[01m\x1b[K/home/andres/Documents/Proyecto_G/LIDAR_prog_ws/src/src/sllidar_ros2/sdk/src/arch/linux/net_serial.cpp:292:34:\x1b[m\x1b[K \x1b[01;35m\x1b[Kwarning: \x1b[m\x1b[Kunused parameter \xe2\x80\x98\x1b[01m\x1b[Ktimeout\x1b[m\x1b[K\xe2\x80\x99 [\x1b[01;35m\x1b[K\x1b]8;;https://gcc.gnu.org/onlinedocs/gcc/Warning-Options.html#index-Wunused-parameter\x07-Wunused-parameter\x1b]8;;\x07\x1b[m\x1b[K]\n'}
[3.102765] (sllidar_ros2) StderrLine: {'line': b'  292 | int raw_serial::waitforrecv(\x1b[01;35m\x1b[K_u32 timeout\x1b[m\x1b[K, size_t * returned_size)\n'}
[3.102875] (sllidar_ros2) StderrLine: {'line': b'      |                             \x1b[01;35m\x1b[K~~~~~^~~~~~~\x1b[m\x1b[K\n'}
[3.105406] (sllidar_ros2) StderrLine: {'line': b'\x1b[01m\x1b[K/home/andres/Documents/Proyecto_G/LIDAR_prog_ws/src/src/sllidar_ros2/sdk/src/arch/linux/net_serial.cpp:\x1b[m\x1b[K In member function \xe2\x80\x98\x1b[01m\x1b[Kvirtual void rp::arch::net::raw_serial::cancelOperation()\x1b[m\x1b[K\xe2\x80\x99:\n'}
[3.110550] (sllidar_ros2) StderrLine: {'line': b'\x1b[01m\x1b[K/home/andres/Documents/Proyecto_G/LIDAR_prog_ws/src/src/sllidar_ros2/sdk/src/arch/linux/net_serial.cpp:427:5:\x1b[m\x1b[K \x1b[01;35m\x1b[Kwarning: \x1b[m\x1b[Kvalue computed is not used [\x1b[01;35m\x1b[K\x1b]8;;https://gcc.gnu.org/onlinedocs/gcc/Warning-Options.html#index-Wunused-value\x07-Wunused-value\x1b]8;;\x07\x1b[m\x1b[K]\n'}
[3.110863] (-) TimerEvent: {}
[3.111089] (sllidar_ros2) StderrLine: {'line': b'  427 |     \x1b[01;35m\x1b[K(int)::write(_selfpipe[1], "x", 1)\x1b[m\x1b[K;\n'}
[3.111311] (sllidar_ros2) StderrLine: {'line': b'      |     \x1b[01;35m\x1b[K^~~~~~~~~~~~~~~~~~~~~~~~~~~~~~~~~~\x1b[m\x1b[K\n'}
[3.126737] (sllidar_ros2) StderrLine: {'line': b'\x1b[01m\x1b[K/home/andres/Documents/Proyecto_G/LIDAR_prog_ws/src/src/sllidar_ros2/sdk/src/rplidar_driver.cpp:\x1b[m\x1b[K In member function \xe2\x80\x98\x1b[01m\x1b[Ku_result rp::standalone::rplidar::RPlidarDriver::connect(const char*, _u32, _u32)\x1b[m\x1b[K\xe2\x80\x99:\n'}
[3.127141] (sllidar_ros2) StderrLine: {'line': b'\x1b[01m\x1b[K/home/andres/Documents/Proyecto_G/LIDAR_prog_ws/src/src/sllidar_ros2/sdk/src/rplidar_driver.cpp:67:77:\x1b[m\x1b[K \x1b[01;35m\x1b[Kwarning: \x1b[m\x1b[Kunused parameter \xe2\x80\x98\x1b[01m\x1b[Kflag\x1b[m\x1b[K\xe2\x80\x99 [\x1b[01;35m\x1b[K\x1b]8;;https://gcc.gnu.org/onlinedocs/gcc/Warning-Options.html#index-Wunused-parameter\x07-Wunused-parameter\x1b]8;;\x07\x1b[m\x1b[K]\n'}
[3.127362] (sllidar_ros2) StderrLine: {'line': b'   67 |     u_result RPlidarDriver::connect(const char *path, _u32 portOrBaud, \x1b[01;35m\x1b[K_u32 flag\x1b[m\x1b[K)\n'}
[3.127550] (sllidar_ros2) StderrLine: {'line': b'      |                                                                        \x1b[01;35m\x1b[K~~~~~^~~~\x1b[m\x1b[K\n'}
[3.127824] (sllidar_ros2) StderrLine: {'line': b'\x1b[01m\x1b[K/home/andres/Documents/Proyecto_G/LIDAR_prog_ws/src/src/sllidar_ros2/sdk/src/rplidar_driver.cpp:\x1b[m\x1b[K In member function \xe2\x80\x98\x1b[01m\x1b[Ku_result rp::standalone::rplidar::RPlidarDriver::reset(_u32)\x1b[m\x1b[K\xe2\x80\x99:\n'}
[3.127974] (sllidar_ros2) StderrLine: {'line': b'\x1b[01m\x1b[K/home/andres/Documents/Proyecto_G/LIDAR_prog_ws/src/src/sllidar_ros2/sdk/src/rplidar_driver.cpp:101:40:\x1b[m\x1b[K \x1b[01;35m\x1b[Kwarning: \x1b[m\x1b[Kunused parameter \xe2\x80\x98\x1b[01m\x1b[Ktimeout\x1b[m\x1b[K\xe2\x80\x99 [\x1b[01;35m\x1b[K\x1b]8;;https://gcc.gnu.org/onlinedocs/gcc/Warning-Options.html#index-Wunused-parameter\x07-Wunused-parameter\x1b]8;;\x07\x1b[m\x1b[K]\n'}
[3.128111] (sllidar_ros2) StderrLine: {'line': b'  101 |     u_result RPlidarDriver::reset(\x1b[01;35m\x1b[K_u32 timeout\x1b[m\x1b[K)\n'}
[3.128268] (sllidar_ros2) StderrLine: {'line': b'      |                                   \x1b[01;35m\x1b[K~~~~~^~~~~~~\x1b[m\x1b[K\n'}
[3.128531] (sllidar_ros2) StderrLine: {'line': b'\x1b[01m\x1b[K/home/andres/Documents/Proyecto_G/LIDAR_prog_ws/src/src/sllidar_ros2/sdk/src/rplidar_driver.cpp:\x1b[m\x1b[K In member function \xe2\x80\x98\x1b[01m\x1b[Ku_result rp::standalone::rplidar::RPlidarDriver::getScanDataWithInterval(rplidar_response_measurement_node_t*, size_t&)\x1b[m\x1b[K\xe2\x80\x99:\n'}
[3.129542] (sllidar_ros2) StderrLine: {'line': b'\x1b[01m\x1b[K/home/andres/Documents/Proyecto_G/LIDAR_prog_ws/src/src/sllidar_ros2/sdk/src/rplidar_driver.cpp:180:91:\x1b[m\x1b[K \x1b[01;35m\x1b[Kwarning: \x1b[m\x1b[Kunused parameter \xe2\x80\x98\x1b[01m\x1b[Knodebuffer\x1b[m\x1b[K\xe2\x80\x99 [\x1b[01;35m\x1b[K\x1b]8;;https://gcc.gnu.org/onlinedocs/gcc/Warning-Options.html#index-Wunused-parameter\x07-Wunused-parameter\x1b]8;;\x07\x1b[m\x1b[K]\n'}
[3.129705] (sllidar_ros2) StderrLine: {'line': b'  180 |     u_result RPlidarDriver::getScanDataWithInterval(\x1b[01;35m\x1b[Krplidar_response_measurement_node_t * nodebuffer\x1b[m\x1b[K, size_t & count)\n'}
[3.129817] (sllidar_ros2) StderrLine: {'line': b'      |                                                     \x1b[01;35m\x1b[K~~~~~~~~~~~~~~~~~~~~~~~~~~~~~~~~~~~~~~^~~~~~~~~~\x1b[m\x1b[K\n'}
[3.129926] (sllidar_ros2) StderrLine: {'line': b'\x1b[01m\x1b[K/home/andres/Documents/Proyecto_G/LIDAR_prog_ws/src/src/sllidar_ros2/sdk/src/rplidar_driver.cpp:180:112:\x1b[m\x1b[K \x1b[01;35m\x1b[Kwarning: \x1b[m\x1b[Kunused parameter \xe2\x80\x98\x1b[01m\x1b[Kcount\x1b[m\x1b[K\xe2\x80\x99 [\x1b[01;35m\x1b[K\x1b]8;;https://gcc.gnu.org/onlinedocs/gcc/Warning-Options.html#index-Wunused-parameter\x07-Wunused-parameter\x1b]8;;\x07\x1b[m\x1b[K]\n'}
[3.130037] (sllidar_ros2) StderrLine: {'line': b'  180 |     u_result RPlidarDriver::getScanDataWithInterval(rplidar_response_measurement_node_t * nodebuffer, \x1b[01;35m\x1b[Ksize_t & count\x1b[m\x1b[K)\n'}
[3.130141] (sllidar_ros2) StderrLine: {'line': b'      |                                                                                                       \x1b[01;35m\x1b[K~~~~~~~~~^~~~~\x1b[m\x1b[K\n'}
[3.167313] (sllidar_ros2) StderrLine: {'line': b'In file included from \x1b[01m\x1b[K/home/andres/Documents/Proyecto_G/LIDAR_prog_ws/src/src/sllidar_ros2/./sdk/include/sl_lidar_cmd.h:41\x1b[m\x1b[K,\n'}
[3.167623] (sllidar_ros2) StderrLine: {'line': b'                 from \x1b[01m\x1b[K/home/andres/Documents/Proyecto_G/LIDAR_prog_ws/src/src/sllidar_ros2/./sdk/include/sl_lidar_driver.h:54\x1b[m\x1b[K,\n'}
[3.167747] (sllidar_ros2) StderrLine: {'line': b'                 from \x1b[01m\x1b[K/home/andres/Documents/Proyecto_G/LIDAR_prog_ws/src/src/sllidar_ros2/sdk/src/sl_udp_channel.cpp:33\x1b[m\x1b[K:\n'}
[3.167859] (sllidar_ros2) StderrLine: {'line': b'\x1b[01m\x1b[K/home/andres/Documents/Proyecto_G/LIDAR_prog_ws/src/src/sllidar_ros2/./sdk/include/sl_lidar_protocol.h:66:16:\x1b[m\x1b[K \x1b[01;35m\x1b[Kwarning: \x1b[m\x1b[KISO C++ forbids zero-size array \xe2\x80\x98\x1b[01m\x1b[Kdata\x1b[m\x1b[K\xe2\x80\x99 [\x1b[01;35m\x1b[K\x1b]8;;https://gcc.gnu.org/onlinedocs/gcc/Warning-Options.html#index-Wpedantic\x07-Wpedantic\x1b]8;;\x07\x1b[m\x1b[K]\n'}
[3.167973] (sllidar_ros2) StderrLine: {'line': b'   66 |     sl_u8 data[\x1b[01;35m\x1b[K0\x1b[m\x1b[K];\n'}
[3.168075] (sllidar_ros2) StderrLine: {'line': b'      |                \x1b[01;35m\x1b[K^\x1b[m\x1b[K\n'}
[3.168310] (sllidar_ros2) StderrLine: {'line': b'In file included from \x1b[01m\x1b[K/home/andres/Documents/Proyecto_G/LIDAR_prog_ws/src/src/sllidar_ros2/./sdk/include/sl_lidar_driver.h:54\x1b[m\x1b[K,\n'}
[3.168458] (sllidar_ros2) StderrLine: {'line': b'                 from \x1b[01m\x1b[K/home/andres/Documents/Proyecto_G/LIDAR_prog_ws/src/src/sllidar_ros2/sdk/src/sl_udp_channel.cpp:33\x1b[m\x1b[K:\n'}
[3.168589] (sllidar_ros2) StderrLine: {'line': b'\x1b[01m\x1b[K/home/andres/Documents/Proyecto_G/LIDAR_prog_ws/src/src/sllidar_ros2/./sdk/include/sl_lidar_cmd.h:324:20:\x1b[m\x1b[K \x1b[01;35m\x1b[Kwarning: \x1b[m\x1b[KISO C++ forbids zero-size array \xe2\x80\x98\x1b[01m\x1b[Kpayload\x1b[m\x1b[K\xe2\x80\x99 [\x1b[01;35m\x1b[K\x1b]8;;https://gcc.gnu.org/onlinedocs/gcc/Warning-Options.html#index-Wpedantic\x07-Wpedantic\x1b]8;;\x07\x1b[m\x1b[K]\n'}
[3.168708] (sllidar_ros2) StderrLine: {'line': b'  324 |     sl_u8  payload[\x1b[01;35m\x1b[K0\x1b[m\x1b[K];\n'}
[3.168801] (sllidar_ros2) StderrLine: {'line': b'      |                    \x1b[01;35m\x1b[K^\x1b[m\x1b[K\n'}
[3.175311] (sllidar_ros2) StderrLine: {'line': b'\x1b[01m\x1b[K/home/andres/Documents/Proyecto_G/LIDAR_prog_ws/src/src/sllidar_ros2/sdk/src/sl_udp_channel.cpp:\x1b[m\x1b[K In member function \xe2\x80\x98\x1b[01m\x1b[Kvoid sl::UdpChannel::setStatus(_u32)\x1b[m\x1b[K\xe2\x80\x99:\n'}
[3.175641] (sllidar_ros2) StderrLine: {'line': b'\x1b[01m\x1b[K/home/andres/Documents/Proyecto_G/LIDAR_prog_ws/src/src/sllidar_ros2/sdk/src/sl_udp_channel.cpp:112:29:\x1b[m\x1b[K \x1b[01;35m\x1b[Kwarning: \x1b[m\x1b[Kunused parameter \xe2\x80\x98\x1b[01m\x1b[Kflag\x1b[m\x1b[K\xe2\x80\x99 [\x1b[01;35m\x1b[K\x1b]8;;https://gcc.gnu.org/onlinedocs/gcc/Warning-Options.html#index-Wunused-parameter\x07-Wunused-parameter\x1b]8;;\x07\x1b[m\x1b[K]\n'}
[3.175783] (sllidar_ros2) StderrLine: {'line': b'  112 |         void setStatus(\x1b[01;35m\x1b[K_u32 flag\x1b[m\x1b[K){}\n'}
[3.175890] (sllidar_ros2) StderrLine: {'line': b'      |                        \x1b[01;35m\x1b[K~~~~~^~~~\x1b[m\x1b[K\n'}
[3.191637] (sllidar_ros2) StderrLine: {'line': b'In file included from \x1b[01m\x1b[K/home/andres/Documents/Proyecto_G/LIDAR_prog_ws/src/src/sllidar_ros2/sdk/src/dataunpacker/unpacker/handler_capsules.cpp:40\x1b[m\x1b[K:\n'}
[3.191984] (sllidar_ros2) StderrLine: {'line': b'\x1b[01m\x1b[K/home/andres/Documents/Proyecto_G/LIDAR_prog_ws/src/src/sllidar_ros2/sdk/src/dataunpacker/unpacker/../dataunpacker.h:\x1b[m\x1b[K In member function \xe2\x80\x98\x1b[01m\x1b[Kvirtual void sl::internal::LIDARSampleDataListener::onCustomSampleDataDecoded(_u8, _u32, const void*, size_t)\x1b[m\x1b[K\xe2\x80\x99:\n'}
[3.192188] (sllidar_ros2) StderrLine: {'line': b'\x1b[01m\x1b[K/home/andres/Documents/Proyecto_G/LIDAR_prog_ws/src/src/sllidar_ros2/sdk/src/dataunpacker/unpacker/../dataunpacker.h:54:52:\x1b[m\x1b[K \x1b[01;35m\x1b[Kwarning: \x1b[m\x1b[Kunused parameter \xe2\x80\x98\x1b[01m\x1b[KansType\x1b[m\x1b[K\xe2\x80\x99 [\x1b[01;35m\x1b[K\x1b]8;;https://gcc.gnu.org/onlinedocs/gcc/Warning-Options.html#index-Wunused-parameter\x07-Wunused-parameter\x1b]8;;\x07\x1b[m\x1b[K]\n'}
[3.192362] (sllidar_ros2) StderrLine: {'line': b'   54 |         virtual void onCustomSampleDataDecoded(\x1b[01;35m\x1b[K_u8 ansType\x1b[m\x1b[K, _u32 customCode, const void* data, size_t size) {}\n'}
[3.192511] (sllidar_ros2) StderrLine: {'line': b'      |                                                \x1b[01;35m\x1b[K~~~~^~~~~~~\x1b[m\x1b[K\n'}
[3.192620] (sllidar_ros2) StderrLine: {'line': b'\x1b[01m\x1b[K/home/andres/Documents/Proyecto_G/LIDAR_prog_ws/src/src/sllidar_ros2/sdk/src/dataunpacker/unpacker/../dataunpacker.h:54:66:\x1b[m\x1b[K \x1b[01;35m\x1b[Kwarning: \x1b[m\x1b[Kunused parameter \xe2\x80\x98\x1b[01m\x1b[KcustomCode\x1b[m\x1b[K\xe2\x80\x99 [\x1b[01;35m\x1b[K\x1b]8;;https://gcc.gnu.org/onlinedocs/gcc/Warning-Options.html#index-Wunused-parameter\x07-Wunused-parameter\x1b]8;;\x07\x1b[m\x1b[K]\n'}
[3.192733] (sllidar_ros2) StderrLine: {'line': b'   54 |         virtual void onCustomSampleDataDecoded(_u8 ansType, \x1b[01;35m\x1b[K_u32 customCode\x1b[m\x1b[K, const void* data, size_t size) {}\n'}
[3.192835] (sllidar_ros2) StderrLine: {'line': b'      |                                                             \x1b[01;35m\x1b[K~~~~~^~~~~~~~~~\x1b[m\x1b[K\n'}
[3.192934] (sllidar_ros2) StderrLine: {'line': b'\x1b[01m\x1b[K/home/andres/Documents/Proyecto_G/LIDAR_prog_ws/src/src/sllidar_ros2/sdk/src/dataunpacker/unpacker/../dataunpacker.h:54:90:\x1b[m\x1b[K \x1b[01;35m\x1b[Kwarning: \x1b[m\x1b[Kunused parameter \xe2\x80\x98\x1b[01m\x1b[Kdata\x1b[m\x1b[K\xe2\x80\x99 [\x1b[01;35m\x1b[K\x1b]8;;https://gcc.gnu.org/onlinedocs/gcc/Warning-Options.html#index-Wunused-parameter\x07-Wunused-parameter\x1b]8;;\x07\x1b[m\x1b[K]\n'}
[3.193067] (sllidar_ros2) StderrLine: {'line': b'   54 |         virtual void onCustomSampleDataDecoded(_u8 ansType, _u32 customCode, \x1b[01;35m\x1b[Kconst void* data\x1b[m\x1b[K, size_t size) {}\n'}
[3.193169] (sllidar_ros2) StderrLine: {'line': b'      |                                                                              \x1b[01;35m\x1b[K~~~~~~~~~~~~^~~~\x1b[m\x1b[K\n'}
[3.193284] (sllidar_ros2) StderrLine: {'line': b'\x1b[01m\x1b[K/home/andres/Documents/Proyecto_G/LIDAR_prog_ws/src/src/sllidar_ros2/sdk/src/dataunpacker/unpacker/../dataunpacker.h:54:103:\x1b[m\x1b[K \x1b[01;35m\x1b[Kwarning: \x1b[m\x1b[Kunused parameter \xe2\x80\x98\x1b[01m\x1b[Ksize\x1b[m\x1b[K\xe2\x80\x99 [\x1b[01;35m\x1b[K\x1b]8;;https://gcc.gnu.org/onlinedocs/gcc/Warning-Options.html#index-Wunused-parameter\x07-Wunused-parameter\x1b]8;;\x07\x1b[m\x1b[K]\n'}
[3.193423] (sllidar_ros2) StderrLine: {'line': b'   54 |         virtual void onCustomSampleDataDecoded(_u8 ansType, _u32 customCode, const void* data, \x1b[01;35m\x1b[Ksize_t size\x1b[m\x1b[K) {}\n'}
[3.193552] (sllidar_ros2) StderrLine: {'line': b'      |                                                                                                \x1b[01;35m\x1b[K~~~~~~~^~~~\x1b[m\x1b[K\n'}
[3.193665] (sllidar_ros2) StderrLine: {'line': b'\x1b[01m\x1b[K/home/andres/Documents/Proyecto_G/LIDAR_prog_ws/src/src/sllidar_ros2/sdk/src/dataunpacker/unpacker/../dataunpacker.h:\x1b[m\x1b[K In member function \xe2\x80\x98\x1b[01m\x1b[Kvirtual void sl::internal::LIDARSampleDataListener::onDecodingError(int, _u8, const void*, size_t)\x1b[m\x1b[K\xe2\x80\x99:\n'}
[3.193779] (sllidar_ros2) StderrLine: {'line': b'\x1b[01m\x1b[K/home/andres/Documents/Proyecto_G/LIDAR_prog_ws/src/src/sllidar_ros2/sdk/src/dataunpacker/unpacker/../dataunpacker.h:56:42:\x1b[m\x1b[K \x1b[01;35m\x1b[Kwarning: \x1b[m\x1b[Kunused parameter \xe2\x80\x98\x1b[01m\x1b[KerrMsg\x1b[m\x1b[K\xe2\x80\x99 [\x1b[01;35m\x1b[K\x1b]8;;https://gcc.gnu.org/onlinedocs/gcc/Warning-Options.html#index-Wunused-parameter\x07-Wunused-parameter\x1b]8;;\x07\x1b[m\x1b[K]\n'}
[3.193914] (sllidar_ros2) StderrLine: {'line': b'   56 |         virtual void onDecodingError(\x1b[01;35m\x1b[Kint errMsg\x1b[m\x1b[K, _u8 ansType, const void* payload, size_t size) {}\n'}
[3.194016] (sllidar_ros2) StderrLine: {'line': b'      |                                      \x1b[01;35m\x1b[K~~~~^~~~~~\x1b[m\x1b[K\n'}
[3.194117] (sllidar_ros2) StderrLine: {'line': b'\x1b[01m\x1b[K/home/andres/Documents/Proyecto_G/LIDAR_prog_ws/src/src/sllidar_ros2/sdk/src/dataunpacker/unpacker/../dataunpacker.h:56:54:\x1b[m\x1b[K \x1b[01;35m\x1b[Kwarning: \x1b[m\x1b[Kunused parameter \xe2\x80\x98\x1b[01m\x1b[KansType\x1b[m\x1b[K\xe2\x80\x99 [\x1b[01;35m\x1b[K\x1b]8;;https://gcc.gnu.org/onlinedocs/gcc/Warning-Options.html#index-Wunused-parameter\x07-Wunused-parameter\x1b]8;;\x07\x1b[m\x1b[K]\n'}
[3.194222] (sllidar_ros2) StderrLine: {'line': b'   56 |         virtual void onDecodingError(int errMsg, \x1b[01;35m\x1b[K_u8 ansType\x1b[m\x1b[K, const void* payload, size_t size) {}\n'}
[3.194335] (sllidar_ros2) StderrLine: {'line': b'      |                                                  \x1b[01;35m\x1b[K~~~~^~~~~~~\x1b[m\x1b[K\n'}
[3.194459] (sllidar_ros2) StderrLine: {'line': b'\x1b[01m\x1b[K/home/andres/Documents/Proyecto_G/LIDAR_prog_ws/src/src/sllidar_ros2/sdk/src/dataunpacker/unpacker/../dataunpacker.h:56:75:\x1b[m\x1b[K \x1b[01;35m\x1b[Kwarning: \x1b[m\x1b[Kunused parameter \xe2\x80\x98\x1b[01m\x1b[Kpayload\x1b[m\x1b[K\xe2\x80\x99 [\x1b[01;35m\x1b[K\x1b]8;;https://gcc.gnu.org/onlinedocs/gcc/Warning-Options.html#index-Wunused-parameter\x07-Wunused-parameter\x1b]8;;\x07\x1b[m\x1b[K]\n'}
[3.194594] (sllidar_ros2) StderrLine: {'line': b'   56 |         virtual void onDecodingError(int errMsg, _u8 ansType, \x1b[01;35m\x1b[Kconst void* payload\x1b[m\x1b[K, size_t size) {}\n'}
[3.194702] (sllidar_ros2) StderrLine: {'line': b'      |                                                               \x1b[01;35m\x1b[K~~~~~~~~~~~~^~~~~~~\x1b[m\x1b[K\n'}
[3.194803] (sllidar_ros2) StderrLine: {'line': b'\x1b[01m\x1b[K/home/andres/Documents/Proyecto_G/LIDAR_prog_ws/src/src/sllidar_ros2/sdk/src/dataunpacker/unpacker/../dataunpacker.h:56:91:\x1b[m\x1b[K \x1b[01;35m\x1b[Kwarning: \x1b[m\x1b[Kunused parameter \xe2\x80\x98\x1b[01m\x1b[Ksize\x1b[m\x1b[K\xe2\x80\x99 [\x1b[01;35m\x1b[K\x1b]8;;https://gcc.gnu.org/onlinedocs/gcc/Warning-Options.html#index-Wunused-parameter\x07-Wunused-parameter\x1b]8;;\x07\x1b[m\x1b[K]\n'}
[3.194907] (sllidar_ros2) StderrLine: {'line': b'   56 |         virtual void onDecodingError(int errMsg, _u8 ansType, const void* payload, \x1b[01;35m\x1b[Ksize_t size\x1b[m\x1b[K) {}\n'}
[3.195002] (sllidar_ros2) StderrLine: {'line': b'      |                                                                                    \x1b[01;35m\x1b[K~~~~~~~^~~~\x1b[m\x1b[K\n'}
[3.204049] (sllidar_ros2) StderrLine: {'line': b'In file included from \x1b[01m\x1b[K/home/andres/Documents/Proyecto_G/LIDAR_prog_ws/src/src/sllidar_ros2/sdk/src/dataunpacker/unpacker/handler_hqnode.cpp:40\x1b[m\x1b[K:\n'}
[3.204435] (sllidar_ros2) StderrLine: {'line': b'\x1b[01m\x1b[K/home/andres/Documents/Proyecto_G/LIDAR_prog_ws/src/src/sllidar_ros2/sdk/src/dataunpacker/unpacker/../dataunpacker.h:\x1b[m\x1b[K In member function \xe2\x80\x98\x1b[01m\x1b[Kvirtual void sl::internal::LIDARSampleDataListener::onCustomSampleDataDecoded(_u8, _u32, const void*, size_t)\x1b[m\x1b[K\xe2\x80\x99:\n'}
[3.204601] (sllidar_ros2) StderrLine: {'line': b'\x1b[01m\x1b[K/home/andres/Documents/Proyecto_G/LIDAR_prog_ws/src/src/sllidar_ros2/sdk/src/dataunpacker/unpacker/../dataunpacker.h:54:52:\x1b[m\x1b[K \x1b[01;35m\x1b[Kwarning: \x1b[m\x1b[Kunused parameter \xe2\x80\x98\x1b[01m\x1b[KansType\x1b[m\x1b[K\xe2\x80\x99 [\x1b[01;35m\x1b[K\x1b]8;;https://gcc.gnu.org/onlinedocs/gcc/Warning-Options.html#index-Wunused-parameter\x07-Wunused-parameter\x1b]8;;\x07\x1b[m\x1b[K]\n'}
[3.204714] (sllidar_ros2) StderrLine: {'line': b'   54 |         virtual void onCustomSampleDataDecoded(\x1b[01;35m\x1b[K_u8 ansType\x1b[m\x1b[K, _u32 customCode, const void* data, size_t size) {}\n'}
[3.204801] (sllidar_ros2) StderrLine: {'line': b'      |                                                \x1b[01;35m\x1b[K~~~~^~~~~~~\x1b[m\x1b[K\n'}
[3.204878] (sllidar_ros2) StderrLine: {'line': b'\x1b[01m\x1b[K/home/andres/Documents/Proyecto_G/LIDAR_prog_ws/src/src/sllidar_ros2/sdk/src/dataunpacker/unpacker/../dataunpacker.h:54:66:\x1b[m\x1b[K \x1b[01;35m\x1b[Kwarning: \x1b[m\x1b[Kunused parameter \xe2\x80\x98\x1b[01m\x1b[KcustomCode\x1b[m\x1b[K\xe2\x80\x99 [\x1b[01;35m\x1b[K\x1b]8;;https://gcc.gnu.org/onlinedocs/gcc/Warning-Options.html#index-Wunused-parameter\x07-Wunused-parameter\x1b]8;;\x07\x1b[m\x1b[K]\n'}
[3.204959] (sllidar_ros2) StderrLine: {'line': b'   54 |         virtual void onCustomSampleDataDecoded(_u8 ansType, \x1b[01;35m\x1b[K_u32 customCode\x1b[m\x1b[K, const void* data, size_t size) {}\n'}
[3.205033] (sllidar_ros2) StderrLine: {'line': b'      |                                                             \x1b[01;35m\x1b[K~~~~~^~~~~~~~~~\x1b[m\x1b[K\n'}
[3.205106] (sllidar_ros2) StderrLine: {'line': b'\x1b[01m\x1b[K/home/andres/Documents/Proyecto_G/LIDAR_prog_ws/src/src/sllidar_ros2/sdk/src/dataunpacker/unpacker/../dataunpacker.h:54:90:\x1b[m\x1b[K \x1b[01;35m\x1b[Kwarning: \x1b[m\x1b[Kunused parameter \xe2\x80\x98\x1b[01m\x1b[Kdata\x1b[m\x1b[K\xe2\x80\x99 [\x1b[01;35m\x1b[K\x1b]8;;https://gcc.gnu.org/onlinedocs/gcc/Warning-Options.html#index-Wunused-parameter\x07-Wunused-parameter\x1b]8;;\x07\x1b[m\x1b[K]\n'}
[3.205203] (sllidar_ros2) StderrLine: {'line': b'   54 |         virtual void onCustomSampleDataDecoded(_u8 ansType, _u32 customCode, \x1b[01;35m\x1b[Kconst void* data\x1b[m\x1b[K, size_t size) {}\n'}
[3.205290] (sllidar_ros2) StderrLine: {'line': b'      |                                                                              \x1b[01;35m\x1b[K~~~~~~~~~~~~^~~~\x1b[m\x1b[K\n'}
[3.205391] (sllidar_ros2) StderrLine: {'line': b'\x1b[01m\x1b[K/home/andres/Documents/Proyecto_G/LIDAR_prog_ws/src/src/sllidar_ros2/sdk/src/dataunpacker/unpacker/../dataunpacker.h:54:103:\x1b[m\x1b[K \x1b[01;35m\x1b[Kwarning: \x1b[m\x1b[Kunused parameter \xe2\x80\x98\x1b[01m\x1b[Ksize\x1b[m\x1b[K\xe2\x80\x99 [\x1b[01;35m\x1b[K\x1b]8;;https://gcc.gnu.org/onlinedocs/gcc/Warning-Options.html#index-Wunused-parameter\x07-Wunused-parameter\x1b]8;;\x07\x1b[m\x1b[K]\n'}
[3.205485] (sllidar_ros2) StderrLine: {'line': b'   54 |         virtual void onCustomSampleDataDecoded(_u8 ansType, _u32 customCode, const void* data, \x1b[01;35m\x1b[Ksize_t size\x1b[m\x1b[K) {}\n'}
[3.205560] (sllidar_ros2) StderrLine: {'line': b'      |                                                                                                \x1b[01;35m\x1b[K~~~~~~~^~~~\x1b[m\x1b[K\n'}
[3.205631] (sllidar_ros2) StderrLine: {'line': b'\x1b[01m\x1b[K/home/andres/Documents/Proyecto_G/LIDAR_prog_ws/src/src/sllidar_ros2/sdk/src/dataunpacker/unpacker/../dataunpacker.h:\x1b[m\x1b[K In member function \xe2\x80\x98\x1b[01m\x1b[Kvirtual void sl::internal::LIDARSampleDataListener::onDecodingError(int, _u8, const void*, size_t)\x1b[m\x1b[K\xe2\x80\x99:\n'}
[3.205706] (sllidar_ros2) StderrLine: {'line': b'\x1b[01m\x1b[K/home/andres/Documents/Proyecto_G/LIDAR_prog_ws/src/src/sllidar_ros2/sdk/src/dataunpacker/unpacker/../dataunpacker.h:56:42:\x1b[m\x1b[K \x1b[01;35m\x1b[Kwarning: \x1b[m\x1b[Kunused parameter \xe2\x80\x98\x1b[01m\x1b[KerrMsg\x1b[m\x1b[K\xe2\x80\x99 [\x1b[01;35m\x1b[K\x1b]8;;https://gcc.gnu.org/onlinedocs/gcc/Warning-Options.html#index-Wunused-parameter\x07-Wunused-parameter\x1b]8;;\x07\x1b[m\x1b[K]\n'}
[3.205782] (sllidar_ros2) StderrLine: {'line': b'   56 |         virtual void onDecodingError(\x1b[01;35m\x1b[Kint errMsg\x1b[m\x1b[K, _u8 ansType, const void* payload, size_t size) {}\n'}
[3.205855] (sllidar_ros2) StderrLine: {'line': b'      |                                      \x1b[01;35m\x1b[K~~~~^~~~~~\x1b[m\x1b[K\n'}
[3.205928] (sllidar_ros2) StderrLine: {'line': b'\x1b[01m\x1b[K/home/andres/Documents/Proyecto_G/LIDAR_prog_ws/src/src/sllidar_ros2/sdk/src/dataunpacker/unpacker/../dataunpacker.h:56:54:\x1b[m\x1b[K \x1b[01;35m\x1b[Kwarning: \x1b[m\x1b[Kunused parameter \xe2\x80\x98\x1b[01m\x1b[KansType\x1b[m\x1b[K\xe2\x80\x99 [\x1b[01;35m\x1b[K\x1b]8;;https://gcc.gnu.org/onlinedocs/gcc/Warning-Options.html#index-Wunused-parameter\x07-Wunused-parameter\x1b]8;;\x07\x1b[m\x1b[K]\n'}
[3.206383] (sllidar_ros2) StderrLine: {'line': b'   56 |         virtual void onDecodingError(int errMsg, \x1b[01;35m\x1b[K_u8 ansType\x1b[m\x1b[K, const void* payload, size_t size) {}\n'}
[3.206480] (sllidar_ros2) StderrLine: {'line': b'      |                                                  \x1b[01;35m\x1b[K~~~~^~~~~~~\x1b[m\x1b[K\n'}
[3.206558] (sllidar_ros2) StderrLine: {'line': b'\x1b[01m\x1b[K/home/andres/Documents/Proyecto_G/LIDAR_prog_ws/src/src/sllidar_ros2/sdk/src/dataunpacker/unpacker/../dataunpacker.h:56:75:\x1b[m\x1b[K \x1b[01;35m\x1b[Kwarning: \x1b[m\x1b[Kunused parameter \xe2\x80\x98\x1b[01m\x1b[Kpayload\x1b[m\x1b[K\xe2\x80\x99 [\x1b[01;35m\x1b[K\x1b]8;;https://gcc.gnu.org/onlinedocs/gcc/Warning-Options.html#index-Wunused-parameter\x07-Wunused-parameter\x1b]8;;\x07\x1b[m\x1b[K]\n'}
[3.206641] (sllidar_ros2) StderrLine: {'line': b'   56 |         virtual void onDecodingError(int errMsg, _u8 ansType, \x1b[01;35m\x1b[Kconst void* payload\x1b[m\x1b[K, size_t size) {}\n'}
[3.206716] (sllidar_ros2) StderrLine: {'line': b'      |                                                               \x1b[01;35m\x1b[K~~~~~~~~~~~~^~~~~~~\x1b[m\x1b[K\n'}
[3.206791] (sllidar_ros2) StderrLine: {'line': b'\x1b[01m\x1b[K/home/andres/Documents/Proyecto_G/LIDAR_prog_ws/src/src/sllidar_ros2/sdk/src/dataunpacker/unpacker/../dataunpacker.h:56:91:\x1b[m\x1b[K \x1b[01;35m\x1b[Kwarning: \x1b[m\x1b[Kunused parameter \xe2\x80\x98\x1b[01m\x1b[Ksize\x1b[m\x1b[K\xe2\x80\x99 [\x1b[01;35m\x1b[K\x1b]8;;https://gcc.gnu.org/onlinedocs/gcc/Warning-Options.html#index-Wunused-parameter\x07-Wunused-parameter\x1b]8;;\x07\x1b[m\x1b[K]\n'}
[3.206878] (sllidar_ros2) StderrLine: {'line': b'   56 |         virtual void onDecodingError(int errMsg, _u8 ansType, const void* payload, \x1b[01;35m\x1b[Ksize_t size\x1b[m\x1b[K) {}\n'}
[3.206959] (sllidar_ros2) StderrLine: {'line': b'      |                                                                                    \x1b[01;35m\x1b[K~~~~~~~^~~~\x1b[m\x1b[K\n'}
[3.207031] (sllidar_ros2) StderrLine: {'line': b'In file included from \x1b[01m\x1b[K/home/andres/Documents/Proyecto_G/LIDAR_prog_ws/src/src/sllidar_ros2/sdk/src/dataunpacker/unpacker/handler_normalnode.cpp:40\x1b[m\x1b[K:\n'}
[3.207104] (sllidar_ros2) StderrLine: {'line': b'\x1b[01m\x1b[K/home/andres/Documents/Proyecto_G/LIDAR_prog_ws/src/src/sllidar_ros2/sdk/src/dataunpacker/unpacker/../dataunpacker.h:\x1b[m\x1b[K In member function \xe2\x80\x98\x1b[01m\x1b[Kvirtual void sl::internal::LIDARSampleDataListener::onCustomSampleDataDecoded(_u8, _u32, const void*, size_t)\x1b[m\x1b[K\xe2\x80\x99:\n'}
[3.207185] (sllidar_ros2) StderrLine: {'line': b'\x1b[01m\x1b[K/home/andres/Documents/Proyecto_G/LIDAR_prog_ws/src/src/sllidar_ros2/sdk/src/dataunpacker/unpacker/../dataunpacker.h:54:52:\x1b[m\x1b[K \x1b[01;35m\x1b[Kwarning: \x1b[m\x1b[Kunused parameter \xe2\x80\x98\x1b[01m\x1b[KansType\x1b[m\x1b[K\xe2\x80\x99 [\x1b[01;35m\x1b[K\x1b]8;;https://gcc.gnu.org/onlinedocs/gcc/Warning-Options.html#index-Wunused-parameter\x07-Wunused-parameter\x1b]8;;\x07\x1b[m\x1b[K]\n'}
[3.207268] (sllidar_ros2) StderrLine: {'line': b'   54 |         virtual void onCustomSampleDataDecoded(\x1b[01;35m\x1b[K_u8 ansType\x1b[m\x1b[K, _u32 customCode, const void* data, size_t size) {}\n'}
[3.207360] (sllidar_ros2) StderrLine: {'line': b'      |                                                \x1b[01;35m\x1b[K~~~~^~~~~~~\x1b[m\x1b[K\n'}
[3.207441] (sllidar_ros2) StderrLine: {'line': b'\x1b[01m\x1b[K/home/andres/Documents/Proyecto_G/LIDAR_prog_ws/src/src/sllidar_ros2/sdk/src/dataunpacker/unpacker/../dataunpacker.h:54:66:\x1b[m\x1b[K \x1b[01;35m\x1b[Kwarning: \x1b[m\x1b[Kunused parameter \xe2\x80\x98\x1b[01m\x1b[KcustomCode\x1b[m\x1b[K\xe2\x80\x99 [\x1b[01;35m\x1b[K\x1b]8;;https://gcc.gnu.org/onlinedocs/gcc/Warning-Options.html#index-Wunused-parameter\x07-Wunused-parameter\x1b]8;;\x07\x1b[m\x1b[K]\n'}
[3.207514] (sllidar_ros2) StderrLine: {'line': b'   54 |         virtual void onCustomSampleDataDecoded(_u8 ansType, \x1b[01;35m\x1b[K_u32 customCode\x1b[m\x1b[K, const void* data, size_t size) {}\n'}
[3.207583] (sllidar_ros2) StderrLine: {'line': b'      |                                                             \x1b[01;35m\x1b[K~~~~~^~~~~~~~~~\x1b[m\x1b[K\n'}
[3.207653] (sllidar_ros2) StderrLine: {'line': b'\x1b[01m\x1b[K/home/andres/Documents/Proyecto_G/LIDAR_prog_ws/src/src/sllidar_ros2/sdk/src/dataunpacker/unpacker/../dataunpacker.h:54:90:\x1b[m\x1b[K \x1b[01;35m\x1b[Kwarning: \x1b[m\x1b[Kunused parameter \xe2\x80\x98\x1b[01m\x1b[Kdata\x1b[m\x1b[K\xe2\x80\x99 [\x1b[01;35m\x1b[K\x1b]8;;https://gcc.gnu.org/onlinedocs/gcc/Warning-Options.html#index-Wunused-parameter\x07-Wunused-parameter\x1b]8;;\x07\x1b[m\x1b[K]\n'}
[3.207727] (sllidar_ros2) StderrLine: {'line': b'   54 |         virtual void onCustomSampleDataDecoded(_u8 ansType, _u32 customCode, \x1b[01;35m\x1b[Kconst void* data\x1b[m\x1b[K, size_t size) {}\n'}
[3.207799] (sllidar_ros2) StderrLine: {'line': b'      |                                                                              \x1b[01;35m\x1b[K~~~~~~~~~~~~^~~~\x1b[m\x1b[K\n'}
[3.207868] (sllidar_ros2) StderrLine: {'line': b'\x1b[01m\x1b[K/home/andres/Documents/Proyecto_G/LIDAR_prog_ws/src/src/sllidar_ros2/sdk/src/dataunpacker/unpacker/../dataunpacker.h:54:103:\x1b[m\x1b[K \x1b[01;35m\x1b[Kwarning: \x1b[m\x1b[Kunused parameter \xe2\x80\x98\x1b[01m\x1b[Ksize\x1b[m\x1b[K\xe2\x80\x99 [\x1b[01;35m\x1b[K\x1b]8;;https://gcc.gnu.org/onlinedocs/gcc/Warning-Options.html#index-Wunused-parameter\x07-Wunused-parameter\x1b]8;;\x07\x1b[m\x1b[K]\n'}
[3.207954] (sllidar_ros2) StderrLine: {'line': b'   54 |         virtual void onCustomSampleDataDecoded(_u8 ansType, _u32 customCode, const void* data, \x1b[01;35m\x1b[Ksize_t size\x1b[m\x1b[K) {}\n'}
[3.208027] (sllidar_ros2) StderrLine: {'line': b'      |                                                                                                \x1b[01;35m\x1b[K~~~~~~~^~~~\x1b[m\x1b[K\n'}
[3.208102] (sllidar_ros2) StderrLine: {'line': b'\x1b[01m\x1b[K/home/andres/Documents/Proyecto_G/LIDAR_prog_ws/src/src/sllidar_ros2/sdk/src/dataunpacker/unpacker/../dataunpacker.h:\x1b[m\x1b[K In member function \xe2\x80\x98\x1b[01m\x1b[Kvirtual void sl::internal::LIDARSampleDataListener::onDecodingError(int, _u8, const void*, size_t)\x1b[m\x1b[K\xe2\x80\x99:\n'}
[3.208182] (sllidar_ros2) StderrLine: {'line': b'\x1b[01m\x1b[K/home/andres/Documents/Proyecto_G/LIDAR_prog_ws/src/src/sllidar_ros2/sdk/src/dataunpacker/unpacker/../dataunpacker.h:56:42:\x1b[m\x1b[K \x1b[01;35m\x1b[Kwarning: \x1b[m\x1b[Kunused parameter \xe2\x80\x98\x1b[01m\x1b[KerrMsg\x1b[m\x1b[K\xe2\x80\x99 [\x1b[01;35m\x1b[K\x1b]8;;https://gcc.gnu.org/onlinedocs/gcc/Warning-Options.html#index-Wunused-parameter\x07-Wunused-parameter\x1b]8;;\x07\x1b[m\x1b[K]\n'}
[3.208259] (sllidar_ros2) StderrLine: {'line': b'   56 |         virtual void onDecodingError(\x1b[01;35m\x1b[Kint errMsg\x1b[m\x1b[K, _u8 ansType, const void* payload, size_t size) {}\n'}
[3.208341] (sllidar_ros2) StderrLine: {'line': b'      |                                      \x1b[01;35m\x1b[K~~~~^~~~~~\x1b[m\x1b[K\n'}
[3.208429] (sllidar_ros2) StderrLine: {'line': b'\x1b[01m\x1b[K/home/andres/Documents/Proyecto_G/LIDAR_prog_ws/src/src/sllidar_ros2/sdk/src/dataunpacker/unpacker/../dataunpacker.h:56:54:\x1b[m\x1b[K \x1b[01;35m\x1b[Kwarning: \x1b[m\x1b[Kunused parameter \xe2\x80\x98\x1b[01m\x1b[KansType\x1b[m\x1b[K\xe2\x80\x99 [\x1b[01;35m\x1b[K\x1b]8;;https://gcc.gnu.org/onlinedocs/gcc/Warning-Options.html#index-Wunused-parameter\x07-Wunused-parameter\x1b]8;;\x07\x1b[m\x1b[K]\n'}
[3.208505] (sllidar_ros2) StderrLine: {'line': b'   56 |         virtual void onDecodingError(int errMsg, \x1b[01;35m\x1b[K_u8 ansType\x1b[m\x1b[K, const void* payload, size_t size) {}\n'}
[3.208576] (sllidar_ros2) StderrLine: {'line': b'      |                                                  \x1b[01;35m\x1b[K~~~~^~~~~~~\x1b[m\x1b[K\n'}
[3.208647] (sllidar_ros2) StderrLine: {'line': b'\x1b[01m\x1b[K/home/andres/Documents/Proyecto_G/LIDAR_prog_ws/src/src/sllidar_ros2/sdk/src/dataunpacker/unpacker/../dataunpacker.h:56:75:\x1b[m\x1b[K \x1b[01;35m\x1b[Kwarning: \x1b[m\x1b[Kunused parameter \xe2\x80\x98\x1b[01m\x1b[Kpayload\x1b[m\x1b[K\xe2\x80\x99 [\x1b[01;35m\x1b[K\x1b]8;;https://gcc.gnu.org/onlinedocs/gcc/Warning-Options.html#index-Wunused-parameter\x07-Wunused-parameter\x1b]8;;\x07\x1b[m\x1b[K]\n'}
[3.208739] (sllidar_ros2) StderrLine: {'line': b'   56 |         virtual void onDecodingError(int errMsg, _u8 ansType, \x1b[01;35m\x1b[Kconst void* payload\x1b[m\x1b[K, size_t size) {}\n'}
[3.208813] (sllidar_ros2) StderrLine: {'line': b'      |                                                               \x1b[01;35m\x1b[K~~~~~~~~~~~~^~~~~~~\x1b[m\x1b[K\n'}
[3.208886] (sllidar_ros2) StderrLine: {'line': b'\x1b[01m\x1b[K/home/andres/Documents/Proyecto_G/LIDAR_prog_ws/src/src/sllidar_ros2/sdk/src/dataunpacker/unpacker/../dataunpacker.h:56:91:\x1b[m\x1b[K \x1b[01;35m\x1b[Kwarning: \x1b[m\x1b[Kunused parameter \xe2\x80\x98\x1b[01m\x1b[Ksize\x1b[m\x1b[K\xe2\x80\x99 [\x1b[01;35m\x1b[K\x1b]8;;https://gcc.gnu.org/onlinedocs/gcc/Warning-Options.html#index-Wunused-parameter\x07-Wunused-parameter\x1b]8;;\x07\x1b[m\x1b[K]\n'}
[3.208975] (sllidar_ros2) StderrLine: {'line': b'   56 |         virtual void onDecodingError(int errMsg, _u8 ansType, const void* payload, \x1b[01;35m\x1b[Ksize_t size\x1b[m\x1b[K) {}\n'}
[3.209047] (sllidar_ros2) StderrLine: {'line': b'      |                                                                                    \x1b[01;35m\x1b[K~~~~~~~^~~~\x1b[m\x1b[K\n'}
[3.210985] (-) TimerEvent: {}
[3.211503] (sllidar_ros2) StderrLine: {'line': b'\x1b[01m\x1b[K/home/andres/Documents/Proyecto_G/LIDAR_prog_ws/src/src/sllidar_ros2/sdk/src/dataunpacker/unpacker/handler_capsules.cpp:\x1b[m\x1b[K In member function \xe2\x80\x98\x1b[01m\x1b[Kvoid sl::internal::unpacker::UnpackerHandler_DenseCapsuleNode::_onScanNodeDenseCapsuleData(rplidar_response_dense_capsule_measurement_nodes_t&, sl::internal::LIDARSampleDataUnpackerInner*)\x1b[m\x1b[K\xe2\x80\x99:\n'}
[3.211707] (sllidar_ros2) StderrLine: {'line': b'\x1b[01m\x1b[K/home/andres/Documents/Proyecto_G/LIDAR_prog_ws/src/src/sllidar_ros2/sdk/src/dataunpacker/unpacker/handler_capsules.cpp:763:30:\x1b[m\x1b[K \x1b[01;35m\x1b[Kwarning: \x1b[m\x1b[Ktype qualifiers ignored on cast result type [\x1b[01;35m\x1b[K\x1b]8;;https://gcc.gnu.org/onlinedocs/gcc/Warning-Options.html#index-Wignored-qualifiers\x07-Wignored-qualifiers\x1b]8;;\x07\x1b[m\x1b[K]\n'}
[3.211828] (sllidar_ros2) StderrLine: {'line': b'  763 |             const int dist = \x1b[01;35m\x1b[Kstatic_cast<const int>(_cached_previous_dense_capsuledata.cabins[pos].distance)\x1b[m\x1b[K;\n'}
[3.211927] (sllidar_ros2) StderrLine: {'line': b'      |                              \x1b[01;35m\x1b[K^~~~~~~~~~~~~~~~~~~~~~~~~~~~~~~~~~~~~~~~~~~~~~~~~~~~~~~~~~~~~~~~~~~~~~~~~~~~~~~\x1b[m\x1b[K\n'}
[3.223364] (sllidar_ros2) StderrLine: {'line': b'In file included from \x1b[01m\x1b[K/home/andres/Documents/Proyecto_G/LIDAR_prog_ws/src/src/sllidar_ros2/sdk/src/dataunpacker/dataunpacker.cpp:40\x1b[m\x1b[K:\n'}
[3.223658] (sllidar_ros2) StderrLine: {'line': b'\x1b[01m\x1b[K/home/andres/Documents/Proyecto_G/LIDAR_prog_ws/src/src/sllidar_ros2/sdk/src/dataunpacker/dataunpacker.h:\x1b[m\x1b[K In member function \xe2\x80\x98\x1b[01m\x1b[Kvirtual void sl::internal::LIDARSampleDataListener::onCustomSampleDataDecoded(_u8, _u32, const void*, size_t)\x1b[m\x1b[K\xe2\x80\x99:\n'}
[3.224101] (sllidar_ros2) StderrLine: {'line': b'\x1b[01m\x1b[K/home/andres/Documents/Proyecto_G/LIDAR_prog_ws/src/src/sllidar_ros2/sdk/src/dataunpacker/dataunpacker.h:54:52:\x1b[m\x1b[K \x1b[01;35m\x1b[Kwarning: \x1b[m\x1b[Kunused parameter \xe2\x80\x98\x1b[01m\x1b[KansType\x1b[m\x1b[K\xe2\x80\x99 [\x1b[01;35m\x1b[K\x1b]8;;https://gcc.gnu.org/onlinedocs/gcc/Warning-Options.html#index-Wunused-parameter\x07-Wunused-parameter\x1b]8;;\x07\x1b[m\x1b[K]\n'}
[3.224265] (sllidar_ros2) StderrLine: {'line': b'   54 |         virtual void onCustomSampleDataDecoded(\x1b[01;35m\x1b[K_u8 ansType\x1b[m\x1b[K, _u32 customCode, const void* data, size_t size) {}\n'}
[3.224382] (sllidar_ros2) StderrLine: {'line': b'      |                                                \x1b[01;35m\x1b[K~~~~^~~~~~~\x1b[m\x1b[K\n'}
[3.224483] (sllidar_ros2) StderrLine: {'line': b'\x1b[01m\x1b[K/home/andres/Documents/Proyecto_G/LIDAR_prog_ws/src/src/sllidar_ros2/sdk/src/dataunpacker/dataunpacker.h:54:66:\x1b[m\x1b[K \x1b[01;35m\x1b[Kwarning: \x1b[m\x1b[Kunused parameter \xe2\x80\x98\x1b[01m\x1b[KcustomCode\x1b[m\x1b[K\xe2\x80\x99 [\x1b[01;35m\x1b[K\x1b]8;;https://gcc.gnu.org/onlinedocs/gcc/Warning-Options.html#index-Wunused-parameter\x07-Wunused-parameter\x1b]8;;\x07\x1b[m\x1b[K]\n'}
[3.224576] (sllidar_ros2) StderrLine: {'line': b'   54 |         virtual void onCustomSampleDataDecoded(_u8 ansType, \x1b[01;35m\x1b[K_u32 customCode\x1b[m\x1b[K, const void* data, size_t size) {}\n'}
[3.224676] (sllidar_ros2) StderrLine: {'line': b'      |                                                             \x1b[01;35m\x1b[K~~~~~^~~~~~~~~~\x1b[m\x1b[K\n'}
[3.224776] (sllidar_ros2) StderrLine: {'line': b'\x1b[01m\x1b[K/home/andres/Documents/Proyecto_G/LIDAR_prog_ws/src/src/sllidar_ros2/sdk/src/dataunpacker/dataunpacker.h:54:90:\x1b[m\x1b[K \x1b[01;35m\x1b[Kwarning: \x1b[m\x1b[Kunused parameter \xe2\x80\x98\x1b[01m\x1b[Kdata\x1b[m\x1b[K\xe2\x80\x99 [\x1b[01;35m\x1b[K\x1b]8;;https://gcc.gnu.org/onlinedocs/gcc/Warning-Options.html#index-Wunused-parameter\x07-Wunused-parameter\x1b]8;;\x07\x1b[m\x1b[K]\n'}
[3.224880] (sllidar_ros2) StderrLine: {'line': b'   54 |         virtual void onCustomSampleDataDecoded(_u8 ansType, _u32 customCode, \x1b[01;35m\x1b[Kconst void* data\x1b[m\x1b[K, size_t size) {}\n'}
[3.225004] (sllidar_ros2) StderrLine: {'line': b'      |                                                                              \x1b[01;35m\x1b[K~~~~~~~~~~~~^~~~\x1b[m\x1b[K\n'}
[3.225107] (sllidar_ros2) StderrLine: {'line': b'\x1b[01m\x1b[K/home/andres/Documents/Proyecto_G/LIDAR_prog_ws/src/src/sllidar_ros2/sdk/src/dataunpacker/dataunpacker.h:54:103:\x1b[m\x1b[K \x1b[01;35m\x1b[Kwarning: \x1b[m\x1b[Kunused parameter \xe2\x80\x98\x1b[01m\x1b[Ksize\x1b[m\x1b[K\xe2\x80\x99 [\x1b[01;35m\x1b[K\x1b]8;;https://gcc.gnu.org/onlinedocs/gcc/Warning-Options.html#index-Wunused-parameter\x07-Wunused-parameter\x1b]8;;\x07\x1b[m\x1b[K]\n'}
[3.225215] (sllidar_ros2) StderrLine: {'line': b'   54 |         virtual void onCustomSampleDataDecoded(_u8 ansType, _u32 customCode, const void* data, \x1b[01;35m\x1b[Ksize_t size\x1b[m\x1b[K) {}\n'}
[3.225312] (sllidar_ros2) StderrLine: {'line': b'      |                                                                                                \x1b[01;35m\x1b[K~~~~~~~^~~~\x1b[m\x1b[K\n'}
[3.225455] (sllidar_ros2) StderrLine: {'line': b'\x1b[01m\x1b[K/home/andres/Documents/Proyecto_G/LIDAR_prog_ws/src/src/sllidar_ros2/sdk/src/dataunpacker/dataunpacker.h:\x1b[m\x1b[K In member function \xe2\x80\x98\x1b[01m\x1b[Kvirtual void sl::internal::LIDARSampleDataListener::onDecodingError(int, _u8, const void*, size_t)\x1b[m\x1b[K\xe2\x80\x99:\n'}
[3.225581] (sllidar_ros2) StderrLine: {'line': b'\x1b[01m\x1b[K/home/andres/Documents/Proyecto_G/LIDAR_prog_ws/src/src/sllidar_ros2/sdk/src/dataunpacker/dataunpacker.h:56:42:\x1b[m\x1b[K \x1b[01;35m\x1b[Kwarning: \x1b[m\x1b[Kunused parameter \xe2\x80\x98\x1b[01m\x1b[KerrMsg\x1b[m\x1b[K\xe2\x80\x99 [\x1b[01;35m\x1b[K\x1b]8;;https://gcc.gnu.org/onlinedocs/gcc/Warning-Options.html#index-Wunused-parameter\x07-Wunused-parameter\x1b]8;;\x07\x1b[m\x1b[K]\n'}
[3.225690] (sllidar_ros2) StderrLine: {'line': b'   56 |         virtual void onDecodingError(\x1b[01;35m\x1b[Kint errMsg\x1b[m\x1b[K, _u8 ansType, const void* payload, size_t size) {}\n'}
[3.225794] (sllidar_ros2) StderrLine: {'line': b'      |                                      \x1b[01;35m\x1b[K~~~~^~~~~~\x1b[m\x1b[K\n'}
[3.225902] (sllidar_ros2) StderrLine: {'line': b'\x1b[01m\x1b[K/home/andres/Documents/Proyecto_G/LIDAR_prog_ws/src/src/sllidar_ros2/sdk/src/dataunpacker/dataunpacker.h:56:54:\x1b[m\x1b[K \x1b[01;35m\x1b[Kwarning: \x1b[m\x1b[Kunused parameter \xe2\x80\x98\x1b[01m\x1b[KansType\x1b[m\x1b[K\xe2\x80\x99 [\x1b[01;35m\x1b[K\x1b]8;;https://gcc.gnu.org/onlinedocs/gcc/Warning-Options.html#index-Wunused-parameter\x07-Wunused-parameter\x1b]8;;\x07\x1b[m\x1b[K]\n'}
[3.226006] (sllidar_ros2) StderrLine: {'line': b'   56 |         virtual void onDecodingError(int errMsg, \x1b[01;35m\x1b[K_u8 ansType\x1b[m\x1b[K, const void* payload, size_t size) {}\n'}
[3.226106] (sllidar_ros2) StderrLine: {'line': b'      |                                                  \x1b[01;35m\x1b[K~~~~^~~~~~~\x1b[m\x1b[K\n'}
[3.226210] (sllidar_ros2) StderrLine: {'line': b'\x1b[01m\x1b[K/home/andres/Documents/Proyecto_G/LIDAR_prog_ws/src/src/sllidar_ros2/sdk/src/dataunpacker/dataunpacker.h:56:75:\x1b[m\x1b[K \x1b[01;35m\x1b[Kwarning: \x1b[m\x1b[Kunused parameter \xe2\x80\x98\x1b[01m\x1b[Kpayload\x1b[m\x1b[K\xe2\x80\x99 [\x1b[01;35m\x1b[K\x1b]8;;https://gcc.gnu.org/onlinedocs/gcc/Warning-Options.html#index-Wunused-parameter\x07-Wunused-parameter\x1b]8;;\x07\x1b[m\x1b[K]\n'}
[3.226322] (sllidar_ros2) StderrLine: {'line': b'   56 |         virtual void onDecodingError(int errMsg, _u8 ansType, \x1b[01;35m\x1b[Kconst void* payload\x1b[m\x1b[K, size_t size) {}\n'}
[3.226457] (sllidar_ros2) StderrLine: {'line': b'      |                                                               \x1b[01;35m\x1b[K~~~~~~~~~~~~^~~~~~~\x1b[m\x1b[K\n'}
[3.226566] (sllidar_ros2) StderrLine: {'line': b'\x1b[01m\x1b[K/home/andres/Documents/Proyecto_G/LIDAR_prog_ws/src/src/sllidar_ros2/sdk/src/dataunpacker/dataunpacker.h:56:91:\x1b[m\x1b[K \x1b[01;35m\x1b[Kwarning: \x1b[m\x1b[Kunused parameter \xe2\x80\x98\x1b[01m\x1b[Ksize\x1b[m\x1b[K\xe2\x80\x99 [\x1b[01;35m\x1b[K\x1b]8;;https://gcc.gnu.org/onlinedocs/gcc/Warning-Options.html#index-Wunused-parameter\x07-Wunused-parameter\x1b]8;;\x07\x1b[m\x1b[K]\n'}
[3.226691] (sllidar_ros2) StderrLine: {'line': b'   56 |         virtual void onDecodingError(int errMsg, _u8 ansType, const void* payload, \x1b[01;35m\x1b[Ksize_t size\x1b[m\x1b[K) {}\n'}
[3.226800] (sllidar_ros2) StderrLine: {'line': b'      |                                                                                    \x1b[01;35m\x1b[K~~~~~~~^~~~\x1b[m\x1b[K\n'}
[3.287616] (sllidar_ros2) StderrLine: {'line': b'In file included from \x1b[01m\x1b[K/home/andres/Documents/Proyecto_G/LIDAR_prog_ws/src/src/sllidar_ros2/sdk/src/sl_lidar_driver.cpp:50\x1b[m\x1b[K:\n'}
[3.288091] (sllidar_ros2) StderrLine: {'line': b'\x1b[01m\x1b[K/home/andres/Documents/Proyecto_G/LIDAR_prog_ws/src/src/sllidar_ros2/sdk/src/dataunpacker/dataunpacker.h:\x1b[m\x1b[K In member function \xe2\x80\x98\x1b[01m\x1b[Kvirtual void sl::internal::LIDARSampleDataListener::onCustomSampleDataDecoded(_u8, _u32, const void*, size_t)\x1b[m\x1b[K\xe2\x80\x99:\n'}
[3.288208] (sllidar_ros2) StderrLine: {'line': b'\x1b[01m\x1b[K/home/andres/Documents/Proyecto_G/LIDAR_prog_ws/src/src/sllidar_ros2/sdk/src/dataunpacker/dataunpacker.h:54:52:\x1b[m\x1b[K \x1b[01;35m\x1b[Kwarning: \x1b[m\x1b[Kunused parameter \xe2\x80\x98\x1b[01m\x1b[KansType\x1b[m\x1b[K\xe2\x80\x99 [\x1b[01;35m\x1b[K\x1b]8;;https://gcc.gnu.org/onlinedocs/gcc/Warning-Options.html#index-Wunused-parameter\x07-Wunused-parameter\x1b]8;;\x07\x1b[m\x1b[K]\n'}
[3.288333] (sllidar_ros2) StderrLine: {'line': b'   54 |         virtual void onCustomSampleDataDecoded(\x1b[01;35m\x1b[K_u8 ansType\x1b[m\x1b[K, _u32 customCode, const void* data, size_t size) {}\n'}
[3.288442] (sllidar_ros2) StderrLine: {'line': b'      |                                                \x1b[01;35m\x1b[K~~~~^~~~~~~\x1b[m\x1b[K\n'}
[3.288532] (sllidar_ros2) StderrLine: {'line': b'\x1b[01m\x1b[K/home/andres/Documents/Proyecto_G/LIDAR_prog_ws/src/src/sllidar_ros2/sdk/src/dataunpacker/dataunpacker.h:54:66:\x1b[m\x1b[K \x1b[01;35m\x1b[Kwarning: \x1b[m\x1b[Kunused parameter \xe2\x80\x98\x1b[01m\x1b[KcustomCode\x1b[m\x1b[K\xe2\x80\x99 [\x1b[01;35m\x1b[K\x1b]8;;https://gcc.gnu.org/onlinedocs/gcc/Warning-Options.html#index-Wunused-parameter\x07-Wunused-parameter\x1b]8;;\x07\x1b[m\x1b[K]\n'}
[3.288625] (sllidar_ros2) StderrLine: {'line': b'   54 |         virtual void onCustomSampleDataDecoded(_u8 ansType, \x1b[01;35m\x1b[K_u32 customCode\x1b[m\x1b[K, const void* data, size_t size) {}\n'}
[3.288714] (sllidar_ros2) StderrLine: {'line': b'      |                                                             \x1b[01;35m\x1b[K~~~~~^~~~~~~~~~\x1b[m\x1b[K\n'}
[3.288796] (sllidar_ros2) StderrLine: {'line': b'\x1b[01m\x1b[K/home/andres/Documents/Proyecto_G/LIDAR_prog_ws/src/src/sllidar_ros2/sdk/src/dataunpacker/dataunpacker.h:54:90:\x1b[m\x1b[K \x1b[01;35m\x1b[Kwarning: \x1b[m\x1b[Kunused parameter \xe2\x80\x98\x1b[01m\x1b[Kdata\x1b[m\x1b[K\xe2\x80\x99 [\x1b[01;35m\x1b[K\x1b]8;;https://gcc.gnu.org/onlinedocs/gcc/Warning-Options.html#index-Wunused-parameter\x07-Wunused-parameter\x1b]8;;\x07\x1b[m\x1b[K]\n'}
[3.288902] (sllidar_ros2) StderrLine: {'line': b'   54 |         virtual void onCustomSampleDataDecoded(_u8 ansType, _u32 customCode, \x1b[01;35m\x1b[Kconst void* data\x1b[m\x1b[K, size_t size) {}\n'}
[3.288986] (sllidar_ros2) StderrLine: {'line': b'      |                                                                              \x1b[01;35m\x1b[K~~~~~~~~~~~~^~~~\x1b[m\x1b[K\n'}
[3.289070] (sllidar_ros2) StderrLine: {'line': b'\x1b[01m\x1b[K/home/andres/Documents/Proyecto_G/LIDAR_prog_ws/src/src/sllidar_ros2/sdk/src/dataunpacker/dataunpacker.h:54:103:\x1b[m\x1b[K \x1b[01;35m\x1b[Kwarning: \x1b[m\x1b[Kunused parameter \xe2\x80\x98\x1b[01m\x1b[Ksize\x1b[m\x1b[K\xe2\x80\x99 [\x1b[01;35m\x1b[K\x1b]8;;https://gcc.gnu.org/onlinedocs/gcc/Warning-Options.html#index-Wunused-parameter\x07-Wunused-parameter\x1b]8;;\x07\x1b[m\x1b[K]\n'}
[3.289172] (sllidar_ros2) StderrLine: {'line': b'   54 |         virtual void onCustomSampleDataDecoded(_u8 ansType, _u32 customCode, const void* data, \x1b[01;35m\x1b[Ksize_t size\x1b[m\x1b[K) {}\n'}
[3.289255] (sllidar_ros2) StderrLine: {'line': b'      |                                                                                                \x1b[01;35m\x1b[K~~~~~~~^~~~\x1b[m\x1b[K\n'}
[3.289353] (sllidar_ros2) StderrLine: {'line': b'\x1b[01m\x1b[K/home/andres/Documents/Proyecto_G/LIDAR_prog_ws/src/src/sllidar_ros2/sdk/src/dataunpacker/dataunpacker.h:\x1b[m\x1b[K In member function \xe2\x80\x98\x1b[01m\x1b[Kvirtual void sl::internal::LIDARSampleDataListener::onDecodingError(int, _u8, const void*, size_t)\x1b[m\x1b[K\xe2\x80\x99:\n'}
[3.289460] (sllidar_ros2) StderrLine: {'line': b'\x1b[01m\x1b[K/home/andres/Documents/Proyecto_G/LIDAR_prog_ws/src/src/sllidar_ros2/sdk/src/dataunpacker/dataunpacker.h:56:42:\x1b[m\x1b[K \x1b[01;35m\x1b[Kwarning: \x1b[m\x1b[Kunused parameter \xe2\x80\x98\x1b[01m\x1b[KerrMsg\x1b[m\x1b[K\xe2\x80\x99 [\x1b[01;35m\x1b[K\x1b]8;;https://gcc.gnu.org/onlinedocs/gcc/Warning-Options.html#index-Wunused-parameter\x07-Wunused-parameter\x1b]8;;\x07\x1b[m\x1b[K]\n'}
[3.289550] (sllidar_ros2) StderrLine: {'line': b'   56 |         virtual void onDecodingError(\x1b[01;35m\x1b[Kint errMsg\x1b[m\x1b[K, _u8 ansType, const void* payload, size_t size) {}\n'}
[3.289630] (sllidar_ros2) StderrLine: {'line': b'      |                                      \x1b[01;35m\x1b[K~~~~^~~~~~\x1b[m\x1b[K\n'}
[3.289714] (sllidar_ros2) StderrLine: {'line': b'\x1b[01m\x1b[K/home/andres/Documents/Proyecto_G/LIDAR_prog_ws/src/src/sllidar_ros2/sdk/src/dataunpacker/dataunpacker.h:56:54:\x1b[m\x1b[K \x1b[01;35m\x1b[Kwarning: \x1b[m\x1b[Kunused parameter \xe2\x80\x98\x1b[01m\x1b[KansType\x1b[m\x1b[K\xe2\x80\x99 [\x1b[01;35m\x1b[K\x1b]8;;https://gcc.gnu.org/onlinedocs/gcc/Warning-Options.html#index-Wunused-parameter\x07-Wunused-parameter\x1b]8;;\x07\x1b[m\x1b[K]\n'}
[3.289797] (sllidar_ros2) StderrLine: {'line': b'   56 |         virtual void onDecodingError(int errMsg, \x1b[01;35m\x1b[K_u8 ansType\x1b[m\x1b[K, const void* payload, size_t size) {}\n'}
[3.289875] (sllidar_ros2) StderrLine: {'line': b'      |                                                  \x1b[01;35m\x1b[K~~~~^~~~~~~\x1b[m\x1b[K\n'}
[3.289956] (sllidar_ros2) StderrLine: {'line': b'\x1b[01m\x1b[K/home/andres/Documents/Proyecto_G/LIDAR_prog_ws/src/src/sllidar_ros2/sdk/src/dataunpacker/dataunpacker.h:56:75:\x1b[m\x1b[K \x1b[01;35m\x1b[Kwarning: \x1b[m\x1b[Kunused parameter \xe2\x80\x98\x1b[01m\x1b[Kpayload\x1b[m\x1b[K\xe2\x80\x99 [\x1b[01;35m\x1b[K\x1b]8;;https://gcc.gnu.org/onlinedocs/gcc/Warning-Options.html#index-Wunused-parameter\x07-Wunused-parameter\x1b]8;;\x07\x1b[m\x1b[K]\n'}
[3.290036] (sllidar_ros2) StderrLine: {'line': b'   56 |         virtual void onDecodingError(int errMsg, _u8 ansType, \x1b[01;35m\x1b[Kconst void* payload\x1b[m\x1b[K, size_t size) {}\n'}
[3.290112] (sllidar_ros2) StderrLine: {'line': b'      |                                                               \x1b[01;35m\x1b[K~~~~~~~~~~~~^~~~~~~\x1b[m\x1b[K\n'}
[3.290192] (sllidar_ros2) StderrLine: {'line': b'\x1b[01m\x1b[K/home/andres/Documents/Proyecto_G/LIDAR_prog_ws/src/src/sllidar_ros2/sdk/src/dataunpacker/dataunpacker.h:56:91:\x1b[m\x1b[K \x1b[01;35m\x1b[Kwarning: \x1b[m\x1b[Kunused parameter \xe2\x80\x98\x1b[01m\x1b[Ksize\x1b[m\x1b[K\xe2\x80\x99 [\x1b[01;35m\x1b[K\x1b]8;;https://gcc.gnu.org/onlinedocs/gcc/Warning-Options.html#index-Wunused-parameter\x07-Wunused-parameter\x1b]8;;\x07\x1b[m\x1b[K]\n'}
[3.290287] (sllidar_ros2) StderrLine: {'line': b'   56 |         virtual void onDecodingError(int errMsg, _u8 ansType, const void* payload, \x1b[01;35m\x1b[Ksize_t size\x1b[m\x1b[K) {}\n'}
[3.290390] (sllidar_ros2) StderrLine: {'line': b'      |                                                                                    \x1b[01;35m\x1b[K~~~~~~~^~~~\x1b[m\x1b[K\n'}
[3.297255] (sllidar_ros2) StderrLine: {'line': b'In file included from \x1b[01m\x1b[K/home/andres/Documents/Proyecto_G/LIDAR_prog_ws/src/src/sllidar_ros2/sdk/src/sl_lidar_driver.cpp:51\x1b[m\x1b[K:\n'}
[3.297527] (sllidar_ros2) StderrLine: {'line': b'\x1b[01m\x1b[K/home/andres/Documents/Proyecto_G/LIDAR_prog_ws/src/src/sllidar_ros2/sdk/src/sl_async_transceiver.h:\x1b[m\x1b[K In member function \xe2\x80\x98\x1b[01m\x1b[Kvirtual void sl::internal::IAsyncProtocolCodec::onChannelError(u_result)\x1b[m\x1b[K\xe2\x80\x99:\n'}
[3.297619] (sllidar_ros2) StderrLine: {'line': b'\x1b[01m\x1b[K/home/andres/Documents/Proyecto_G/LIDAR_prog_ws/src/src/sllidar_ros2/sdk/src/sl_async_transceiver.h:90:48:\x1b[m\x1b[K \x1b[01;35m\x1b[Kwarning: \x1b[m\x1b[Kunused parameter \xe2\x80\x98\x1b[01m\x1b[KerrCode\x1b[m\x1b[K\xe2\x80\x99 [\x1b[01;35m\x1b[K\x1b]8;;https://gcc.gnu.org/onlinedocs/gcc/Warning-Options.html#index-Wunused-parameter\x07-Wunused-parameter\x1b]8;;\x07\x1b[m\x1b[K]\n'}
[3.297719] (sllidar_ros2) StderrLine: {'line': b'   90 |         virtual void   onChannelError(\x1b[01;35m\x1b[Ku_result errCode\x1b[m\x1b[K) {}\n'}
[3.297796] (sllidar_ros2) StderrLine: {'line': b'      |                                       \x1b[01;35m\x1b[K~~~~~~~~~^~~~~~~\x1b[m\x1b[K\n'}
[3.305121] (sllidar_ros2) StderrLine: {'line': b'In file included from \x1b[01m\x1b[K/home/andres/Documents/Proyecto_G/LIDAR_prog_ws/src/src/sllidar_ros2/sdk/src/sl_lidarprotocol_codec.cpp:49\x1b[m\x1b[K:\n'}
[3.305399] (sllidar_ros2) StderrLine: {'line': b'\x1b[01m\x1b[K/home/andres/Documents/Proyecto_G/LIDAR_prog_ws/src/src/sllidar_ros2/sdk/src/sl_async_transceiver.h:\x1b[m\x1b[K In member function \xe2\x80\x98\x1b[01m\x1b[Kvirtual void sl::internal::IAsyncProtocolCodec::onChannelError(u_result)\x1b[m\x1b[K\xe2\x80\x99:\n'}
[3.305508] (sllidar_ros2) StderrLine: {'line': b'\x1b[01m\x1b[K/home/andres/Documents/Proyecto_G/LIDAR_prog_ws/src/src/sllidar_ros2/sdk/src/sl_async_transceiver.h:90:48:\x1b[m\x1b[K \x1b[01;35m\x1b[Kwarning: \x1b[m\x1b[Kunused parameter \xe2\x80\x98\x1b[01m\x1b[KerrCode\x1b[m\x1b[K\xe2\x80\x99 [\x1b[01;35m\x1b[K\x1b]8;;https://gcc.gnu.org/onlinedocs/gcc/Warning-Options.html#index-Wunused-parameter\x07-Wunused-parameter\x1b]8;;\x07\x1b[m\x1b[K]\n'}
[3.305589] (sllidar_ros2) StderrLine: {'line': b'   90 |         virtual void   onChannelError(\x1b[01;35m\x1b[Ku_result errCode\x1b[m\x1b[K) {}\n'}
[3.305657] (sllidar_ros2) StderrLine: {'line': b'      |                                       \x1b[01;35m\x1b[K~~~~~~~~~^~~~~~~\x1b[m\x1b[K\n'}
[3.311105] (-) TimerEvent: {}
[3.324281] (sllidar_ros2) StderrLine: {'line': b'\x1b[01m\x1b[K/home/andres/Documents/Proyecto_G/LIDAR_prog_ws/src/src/sllidar_ros2/sdk/src/sl_lidar_driver.cpp:\x1b[m\x1b[K In member function \xe2\x80\x98\x1b[01m\x1b[Kvirtual sl_result sl::SlamtecLidarDriver::reset(sl_u32)\x1b[m\x1b[K\xe2\x80\x99:\n'}
[3.324536] (sllidar_ros2) StderrLine: {'line': b'\x1b[01m\x1b[K/home/andres/Documents/Proyecto_G/LIDAR_prog_ws/src/src/sllidar_ros2/sdk/src/sl_lidar_driver.cpp:511:32:\x1b[m\x1b[K \x1b[01;35m\x1b[Kwarning: \x1b[m\x1b[Kunused parameter \xe2\x80\x98\x1b[01m\x1b[KtimeoutInMs\x1b[m\x1b[K\xe2\x80\x99 [\x1b[01;35m\x1b[K\x1b]8;;https://gcc.gnu.org/onlinedocs/gcc/Warning-Options.html#index-Wunused-parameter\x07-Wunused-parameter\x1b]8;;\x07\x1b[m\x1b[K]\n'}
[3.324631] (sllidar_ros2) StderrLine: {'line': b'  511 |         sl_result reset(\x1b[01;35m\x1b[Ksl_u32 timeoutInMs = DEFAULT_TIMEOUT\x1b[m\x1b[K)\n'}
[3.324706] (sllidar_ros2) StderrLine: {'line': b'      |                         \x1b[01;35m\x1b[K~~~~~~~^~~~~~~~~~~~~~~~~~~~~~~~~~~~~\x1b[m\x1b[K\n'}
[3.328506] (sllidar_ros2) StderrLine: {'line': b'\x1b[01m\x1b[K/home/andres/Documents/Proyecto_G/LIDAR_prog_ws/src/src/sllidar_ros2/sdk/src/sl_lidar_driver.cpp:\x1b[m\x1b[K In member function \xe2\x80\x98\x1b[01m\x1b[Kvirtual sl_result sl::SlamtecLidarDriver::startScan(bool, bool, sl_u32, sl::LidarScanMode*)\x1b[m\x1b[K\xe2\x80\x99:\n'}
[3.328710] (sllidar_ros2) StderrLine: {'line': b'\x1b[01m\x1b[K/home/andres/Documents/Proyecto_G/LIDAR_prog_ws/src/src/sllidar_ros2/sdk/src/sl_lidar_driver.cpp:586:69:\x1b[m\x1b[K \x1b[01;35m\x1b[Kwarning: \x1b[m\x1b[Kunused parameter \xe2\x80\x98\x1b[01m\x1b[Koptions\x1b[m\x1b[K\xe2\x80\x99 [\x1b[01;35m\x1b[K\x1b]8;;https://gcc.gnu.org/onlinedocs/gcc/Warning-Options.html#index-Wunused-parameter\x07-Wunused-parameter\x1b]8;;\x07\x1b[m\x1b[K]\n'}
[3.328839] (sllidar_ros2) StderrLine: {'line': b'  586 |         sl_result startScan(bool force, bool useTypicalScan, \x1b[01;35m\x1b[Ksl_u32 options = 0\x1b[m\x1b[K, LidarScanMode* outUsedScanMode = nullptr)\n'}
[3.328917] (sllidar_ros2) StderrLine: {'line': b'      |                                                              \x1b[01;35m\x1b[K~~~~~~~^~~~~~~~~~~\x1b[m\x1b[K\n'}
[3.330535] (sllidar_ros2) StderrLine: {'line': b'\x1b[01m\x1b[K/home/andres/Documents/Proyecto_G/LIDAR_prog_ws/src/src/sllidar_ros2/sdk/src/sl_lidar_driver.cpp:\x1b[m\x1b[K In member function \xe2\x80\x98\x1b[01m\x1b[Kvirtual sl_result sl::SlamtecLidarDriver::stop(sl_u32)\x1b[m\x1b[K\xe2\x80\x99:\n'}
[3.330669] (sllidar_ros2) StderrLine: {'line': b'\x1b[01m\x1b[K/home/andres/Documents/Proyecto_G/LIDAR_prog_ws/src/src/sllidar_ros2/sdk/src/sl_lidar_driver.cpp:763:31:\x1b[m\x1b[K \x1b[01;35m\x1b[Kwarning: \x1b[m\x1b[Kunused parameter \xe2\x80\x98\x1b[01m\x1b[Ktimeout\x1b[m\x1b[K\xe2\x80\x99 [\x1b[01;35m\x1b[K\x1b]8;;https://gcc.gnu.org/onlinedocs/gcc/Warning-Options.html#index-Wunused-parameter\x07-Wunused-parameter\x1b]8;;\x07\x1b[m\x1b[K]\n'}
[3.330743] (sllidar_ros2) StderrLine: {'line': b'  763 |         sl_result stop(\x1b[01;35m\x1b[Ksl_u32 timeout = DEFAULT_TIMEOUT\x1b[m\x1b[K)\n'}
[3.330800] (sllidar_ros2) StderrLine: {'line': b'      |                        \x1b[01;35m\x1b[K~~~~~~~^~~~~~~~~~~~~~~~~~~~~~~~~\x1b[m\x1b[K\n'}
[3.332557] (sllidar_ros2) StderrLine: {'line': b'\x1b[01m\x1b[K/home/andres/Documents/Proyecto_G/LIDAR_prog_ws/src/src/sllidar_ros2/sdk/src/sl_lidar_driver.cpp:\x1b[m\x1b[K In member function \xe2\x80\x98\x1b[01m\x1b[Kvirtual sl_result sl::SlamtecLidarDriver::getFrequency(const sl::LidarScanMode&, const sl_lidar_response_measurement_node_hq_t*, size_t, float&)\x1b[m\x1b[K\xe2\x80\x99:\n'}
[3.332729] (sllidar_ros2) StderrLine: {'line': b'\x1b[01m\x1b[K/home/andres/Documents/Proyecto_G/LIDAR_prog_ws/src/src/sllidar_ros2/sdk/src/sl_lidar_driver.cpp:880:110:\x1b[m\x1b[K \x1b[01;35m\x1b[Kwarning: \x1b[m\x1b[Kunused parameter \xe2\x80\x98\x1b[01m\x1b[Knodes\x1b[m\x1b[K\xe2\x80\x99 [\x1b[01;35m\x1b[K\x1b]8;;https://gcc.gnu.org/onlinedocs/gcc/Warning-Options.html#index-Wunused-parameter\x07-Wunused-parameter\x1b]8;;\x07\x1b[m\x1b[K]\n'}
[3.332833] (sllidar_ros2) StderrLine: {'line': b'  880 |         sl_result getFrequency(const LidarScanMode& scanMode, \x1b[01;35m\x1b[Kconst sl_lidar_response_measurement_node_hq_t* nodes\x1b[m\x1b[K, size_t count, float& frequency)\n'}
[3.332956] (sllidar_ros2) StderrLine: {'line': b'      |                                                               \x1b[01;35m\x1b[K~~~~~~~~~~~~~~~~~~~~~~~~~~~~~~~~~~~~~~~~~~~~~~~^~~~~\x1b[m\x1b[K\n'}
[3.335145] (sllidar_ros2) StderrLine: {'line': b'\x1b[01m\x1b[K/home/andres/Documents/Proyecto_G/LIDAR_prog_ws/src/src/sllidar_ros2/sdk/src/sl_lidar_driver.cpp:\x1b[m\x1b[K In member function \xe2\x80\x98\x1b[01m\x1b[Kvirtual sl_result sl::SlamtecLidarDriver::getMotorInfo(sl::LidarMotorInfo&, sl_u32)\x1b[m\x1b[K\xe2\x80\x99:\n'}
[3.335344] (sllidar_ros2) StderrLine: {'line': b'\x1b[01m\x1b[K/home/andres/Documents/Proyecto_G/LIDAR_prog_ws/src/src/sllidar_ros2/sdk/src/sl_lidar_driver.cpp:1023:66:\x1b[m\x1b[K \x1b[01;35m\x1b[Kwarning: \x1b[m\x1b[Kunused parameter \xe2\x80\x98\x1b[01m\x1b[KtimeoutInMs\x1b[m\x1b[K\xe2\x80\x99 [\x1b[01;35m\x1b[K\x1b]8;;https://gcc.gnu.org/onlinedocs/gcc/Warning-Options.html#index-Wunused-parameter\x07-Wunused-parameter\x1b]8;;\x07\x1b[m\x1b[K]\n'}
[3.335464] (sllidar_ros2) StderrLine: {'line': b' 1023 |         sl_result getMotorInfo(LidarMotorInfo &motorInfo, \x1b[01;35m\x1b[Ksl_u32 timeoutInMs\x1b[m\x1b[K)\n'}
[3.335545] (sllidar_ros2) StderrLine: {'line': b'      |                                                           \x1b[01;35m\x1b[K~~~~~~~^~~~~~~~~~~\x1b[m\x1b[K\n'}
[3.336573] (sllidar_ros2) StderrLine: {'line': b'\x1b[01m\x1b[K/home/andres/Documents/Proyecto_G/LIDAR_prog_ws/src/src/sllidar_ros2/sdk/src/sl_lidar_driver.cpp:\x1b[m\x1b[K In member function \xe2\x80\x98\x1b[01m\x1b[Ku_result sl::SlamtecLidarDriver::getScanModeCount(sl_u16&, sl_u32)\x1b[m\x1b[K\xe2\x80\x99:\n'}
[3.336682] (sllidar_ros2) StderrLine: {'line': b'\x1b[01m\x1b[K/home/andres/Documents/Proyecto_G/LIDAR_prog_ws/src/src/sllidar_ros2/sdk/src/sl_lidar_driver.cpp:1199:61:\x1b[m\x1b[K \x1b[01;35m\x1b[Kwarning: \x1b[m\x1b[Kunused parameter \xe2\x80\x98\x1b[01m\x1b[KtimeoutInMs\x1b[m\x1b[K\xe2\x80\x99 [\x1b[01;35m\x1b[K\x1b]8;;https://gcc.gnu.org/onlinedocs/gcc/Warning-Options.html#index-Wunused-parameter\x07-Wunused-parameter\x1b]8;;\x07\x1b[m\x1b[K]\n'}
[3.336757] (sllidar_ros2) StderrLine: {'line': b' 1199 |         u_result getScanModeCount(sl_u16& modeCount, \x1b[01;35m\x1b[Ksl_u32 timeoutInMs = DEFAULT_TIMEOUT\x1b[m\x1b[K)\n'}
[3.336816] (sllidar_ros2) StderrLine: {'line': b'      |                                                      \x1b[01;35m\x1b[K~~~~~~~^~~~~~~~~~~~~~~~~~~~~~~~~~~~~\x1b[m\x1b[K\n'}
[3.383013] (sllidar_ros2) StderrLine: {'line': b'/home/andres/Documents/Proyecto_G/LIDAR_prog_ws/src/src/sllidar_ros2/sdk/src/sl_lidar_driver.cpp: In instantiation of \xe2\x80\x98\x1b[01m\x1b[Kvoid sl::RawSampleNodeHolder<T>::pushNode(_u64, const T*) [with T = sl_lidar_response_measurement_node_hq_t; _u64 = long unsigned int]\x1b[m\x1b[K\xe2\x80\x99:\n'}
[3.383230] (sllidar_ros2) StderrLine: {'line': b'\x1b[01m\x1b[K/home/andres/Documents/Proyecto_G/LIDAR_prog_ws/src/src/sllidar_ros2/sdk/src/sl_lidar_driver.cpp:1648:42:\x1b[m\x1b[K   required from here\n'}
[3.383307] (sllidar_ros2) StderrLine: {'line': b'\x1b[01m\x1b[K/home/andres/Documents/Proyecto_G/LIDAR_prog_ws/src/src/sllidar_ros2/sdk/src/sl_lidar_driver.cpp:202:28:\x1b[m\x1b[K \x1b[01;35m\x1b[Kwarning: \x1b[m\x1b[Kunused parameter \xe2\x80\x98\x1b[01m\x1b[Ktimestamp_uS\x1b[m\x1b[K\xe2\x80\x99 [\x1b[01;35m\x1b[K\x1b]8;;https://gcc.gnu.org/onlinedocs/gcc/Warning-Options.html#index-Wunused-parameter\x07-Wunused-parameter\x1b]8;;\x07\x1b[m\x1b[K]\n'}
[3.383395] (sllidar_ros2) StderrLine: {'line': b'  202 |         void pushNode(\x1b[01;35m\x1b[K_u64 timestamp_uS\x1b[m\x1b[K, const T* node)\n'}
[3.383456] (sllidar_ros2) StderrLine: {'line': b'      |                       \x1b[01;35m\x1b[K~~~~~^~~~~~~~~~~~\x1b[m\x1b[K\n'}
[3.411246] (-) TimerEvent: {}
[3.503927] (sllidar_ros2) StderrLine: {'line': b'\x1b[01m\x1b[K/home/andres/Documents/Proyecto_G/LIDAR_prog_ws/src/src/sllidar_ros2/sdk/src/sl_lidar_driver.cpp:\x1b[m\x1b[K At global scope:\n'}
[3.504179] (sllidar_ros2) StderrLine: {'line': b'\x1b[01m\x1b[K/home/andres/Documents/Proyecto_G/LIDAR_prog_ws/src/src/sllidar_ros2/sdk/src/sl_lidar_driver.cpp:83:17:\x1b[m\x1b[K \x1b[01;35m\x1b[Kwarning: \x1b[m\x1b[K\xe2\x80\x98\x1b[01m\x1b[Kvoid sl::convert(const sl_lidar_response_measurement_node_hq_t&, sl_lidar_response_measurement_node_t&)\x1b[m\x1b[K\xe2\x80\x99 defined but not used [\x1b[01;35m\x1b[K\x1b]8;;https://gcc.gnu.org/onlinedocs/gcc/Warning-Options.html#index-Wunused-function\x07-Wunused-function\x1b]8;;\x07\x1b[m\x1b[K]\n'}
[3.504277] (sllidar_ros2) StderrLine: {'line': b'   83 |     static void \x1b[01;35m\x1b[Kconvert\x1b[m\x1b[K(const sl_lidar_response_measurement_node_hq_t& from, sl_lidar_response_measurement_node_t& to)\n'}
[3.504367] (sllidar_ros2) StderrLine: {'line': b'      |                 \x1b[01;35m\x1b[K^~~~~~~\x1b[m\x1b[K\n'}
[3.504444] (sllidar_ros2) StderrLine: {'line': b'\x1b[01m\x1b[K/home/andres/Documents/Proyecto_G/LIDAR_prog_ws/src/src/sllidar_ros2/sdk/src/sl_lidar_driver.cpp:75:17:\x1b[m\x1b[K \x1b[01;35m\x1b[Kwarning: \x1b[m\x1b[K\xe2\x80\x98\x1b[01m\x1b[Kvoid sl::convert(const sl_lidar_response_measurement_node_t&, sl_lidar_response_measurement_node_hq_t&)\x1b[m\x1b[K\xe2\x80\x99 defined but not used [\x1b[01;35m\x1b[K\x1b]8;;https://gcc.gnu.org/onlinedocs/gcc/Warning-Options.html#index-Wunused-function\x07-Wunused-function\x1b]8;;\x07\x1b[m\x1b[K]\n'}
[3.504542] (sllidar_ros2) StderrLine: {'line': b'   75 |     static void \x1b[01;35m\x1b[Kconvert\x1b[m\x1b[K(const sl_lidar_response_measurement_node_t& from, sl_lidar_response_measurement_node_hq_t& to)\n'}
[3.504610] (sllidar_ros2) StderrLine: {'line': b'      |                 \x1b[01;35m\x1b[K^~~~~~~\x1b[m\x1b[K\n'}
[3.504676] (sllidar_ros2) StderrLine: {'line': b'\x1b[01m\x1b[K/home/andres/Documents/Proyecto_G/LIDAR_prog_ws/src/src/sllidar_ros2/sdk/src/sl_lidar_driver.cpp:70:17:\x1b[m\x1b[K \x1b[01;35m\x1b[Kwarning: \x1b[m\x1b[K\xe2\x80\x98\x1b[01m\x1b[Kvoid sl::printDeprecationWarn(const char*, const char*)\x1b[m\x1b[K\xe2\x80\x99 defined but not used [\x1b[01;35m\x1b[K\x1b]8;;https://gcc.gnu.org/onlinedocs/gcc/Warning-Options.html#index-Wunused-function\x07-Wunused-function\x1b]8;;\x07\x1b[m\x1b[K]\n'}
[3.504756] (sllidar_ros2) StderrLine: {'line': b'   70 |     static void \x1b[01;35m\x1b[KprintDeprecationWarn\x1b[m\x1b[K(const char* fn, const char* replacement)\n'}
[3.504821] (sllidar_ros2) StderrLine: {'line': b'      |                 \x1b[01;35m\x1b[K^~~~~~~~~~~~~~~~~~~~\x1b[m\x1b[K\n'}
[3.511419] (-) TimerEvent: {}
[3.611774] (-) TimerEvent: {}
[3.712134] (-) TimerEvent: {}
[3.812488] (-) TimerEvent: {}
[3.912814] (-) TimerEvent: {}
[4.013181] (-) TimerEvent: {}
[4.114976] (-) TimerEvent: {}
[4.215370] (-) TimerEvent: {}
[4.315730] (-) TimerEvent: {}
[4.416098] (-) TimerEvent: {}
[4.516524] (-) TimerEvent: {}
[4.616853] (-) TimerEvent: {}
[4.717187] (-) TimerEvent: {}
[4.817654] (-) TimerEvent: {}
[4.917993] (-) TimerEvent: {}
[5.018344] (-) TimerEvent: {}
[5.118738] (-) TimerEvent: {}
[5.219072] (-) TimerEvent: {}
[5.319446] (-) TimerEvent: {}
[5.419803] (-) TimerEvent: {}
[5.450187] (sllidar_ros2) StderrLine: {'line': b'In file included from \x1b[01m\x1b[K/home/andres/Documents/Proyecto_G/LIDAR_prog_ws/src/src/sllidar_ros2/./sdk/include/sl_lidar_cmd.h:41\x1b[m\x1b[K,\n'}
[5.450457] (sllidar_ros2) StderrLine: {'line': b'                 from \x1b[01m\x1b[K/home/andres/Documents/Proyecto_G/LIDAR_prog_ws/src/src/sllidar_ros2/./sdk/include/sl_lidar_driver.h:54\x1b[m\x1b[K,\n'}
[5.450570] (sllidar_ros2) StderrLine: {'line': b'                 from \x1b[01m\x1b[K/home/andres/Documents/Proyecto_G/LIDAR_prog_ws/src/src/sllidar_ros2/./sdk/include/sl_lidar.h:36\x1b[m\x1b[K,\n'}
[5.450651] (sllidar_ros2) StderrLine: {'line': b'                 from \x1b[01m\x1b[K/home/andres/Documents/Proyecto_G/LIDAR_prog_ws/src/src/sllidar_ros2/src/sllidar_node.cpp:38\x1b[m\x1b[K:\n'}
[5.450735] (sllidar_ros2) StderrLine: {'line': b'\x1b[01m\x1b[K/home/andres/Documents/Proyecto_G/LIDAR_prog_ws/src/src/sllidar_ros2/./sdk/include/sl_lidar_protocol.h:66:16:\x1b[m\x1b[K \x1b[01;35m\x1b[Kwarning: \x1b[m\x1b[KISO C++ forbids zero-size array \xe2\x80\x98\x1b[01m\x1b[Kdata\x1b[m\x1b[K\xe2\x80\x99 [\x1b[01;35m\x1b[K\x1b]8;;https://gcc.gnu.org/onlinedocs/gcc/Warning-Options.html#index-Wpedantic\x07-Wpedantic\x1b]8;;\x07\x1b[m\x1b[K]\n'}
[5.450814] (sllidar_ros2) StderrLine: {'line': b'   66 |     sl_u8 data[\x1b[01;35m\x1b[K0\x1b[m\x1b[K];\n'}
[5.450899] (sllidar_ros2) StderrLine: {'line': b'      |                \x1b[01;35m\x1b[K^\x1b[m\x1b[K\n'}
[5.451077] (sllidar_ros2) StderrLine: {'line': b'In file included from \x1b[01m\x1b[K/home/andres/Documents/Proyecto_G/LIDAR_prog_ws/src/src/sllidar_ros2/./sdk/include/sl_lidar_driver.h:54\x1b[m\x1b[K,\n'}
[5.451163] (sllidar_ros2) StderrLine: {'line': b'                 from \x1b[01m\x1b[K/home/andres/Documents/Proyecto_G/LIDAR_prog_ws/src/src/sllidar_ros2/./sdk/include/sl_lidar.h:36\x1b[m\x1b[K,\n'}
[5.451235] (sllidar_ros2) StderrLine: {'line': b'                 from \x1b[01m\x1b[K/home/andres/Documents/Proyecto_G/LIDAR_prog_ws/src/src/sllidar_ros2/src/sllidar_node.cpp:38\x1b[m\x1b[K:\n'}
[5.451302] (sllidar_ros2) StderrLine: {'line': b'\x1b[01m\x1b[K/home/andres/Documents/Proyecto_G/LIDAR_prog_ws/src/src/sllidar_ros2/./sdk/include/sl_lidar_cmd.h:324:20:\x1b[m\x1b[K \x1b[01;35m\x1b[Kwarning: \x1b[m\x1b[KISO C++ forbids zero-size array \xe2\x80\x98\x1b[01m\x1b[Kpayload\x1b[m\x1b[K\xe2\x80\x99 [\x1b[01;35m\x1b[K\x1b]8;;https://gcc.gnu.org/onlinedocs/gcc/Warning-Options.html#index-Wpedantic\x07-Wpedantic\x1b]8;;\x07\x1b[m\x1b[K]\n'}
[5.451502] (sllidar_ros2) StderrLine: {'line': b'  324 |     sl_u8  payload[\x1b[01;35m\x1b[K0\x1b[m\x1b[K];\n'}
[5.451580] (sllidar_ros2) StderrLine: {'line': b'      |                    \x1b[01;35m\x1b[K^\x1b[m\x1b[K\n'}
[5.519956] (-) TimerEvent: {}
[5.620375] (-) TimerEvent: {}
[5.720791] (-) TimerEvent: {}
[5.821220] (-) TimerEvent: {}
[5.921621] (-) TimerEvent: {}
[6.021964] (-) TimerEvent: {}
[6.122318] (-) TimerEvent: {}
[6.222676] (-) TimerEvent: {}
[6.323024] (-) TimerEvent: {}
[6.423400] (-) TimerEvent: {}
[6.523731] (-) TimerEvent: {}
[6.624058] (-) TimerEvent: {}
[6.724400] (-) TimerEvent: {}
[6.824733] (-) TimerEvent: {}
[6.925052] (-) TimerEvent: {}
[7.025389] (-) TimerEvent: {}
[7.125719] (-) TimerEvent: {}
[7.226045] (-) TimerEvent: {}
[7.326509] (-) TimerEvent: {}
[7.426840] (-) TimerEvent: {}
[7.527158] (-) TimerEvent: {}
[7.627410] (-) TimerEvent: {}
[7.727699] (-) TimerEvent: {}
[7.827989] (-) TimerEvent: {}
[7.928280] (-) TimerEvent: {}
[8.028640] (-) TimerEvent: {}
[8.128979] (-) TimerEvent: {}
[8.229315] (-) TimerEvent: {}
[8.309855] (sllidar_ros2) StdoutLine: {'line': b'[ 95%] \x1b[32m\x1b[1mLinking CXX executable sllidar_node\x1b[0m\n'}
[8.329453] (-) TimerEvent: {}
[8.429965] (-) TimerEvent: {}
[8.530611] (-) TimerEvent: {}
[8.594015] (sllidar_ros2) StdoutLine: {'line': b'[ 95%] Built target sllidar_node\n'}
[8.630710] (-) TimerEvent: {}
[8.730995] (-) TimerEvent: {}
[8.831280] (-) TimerEvent: {}
[8.931595] (-) TimerEvent: {}
[9.031866] (-) TimerEvent: {}
[9.132139] (-) TimerEvent: {}
[9.232410] (-) TimerEvent: {}
[9.332717] (-) TimerEvent: {}
[9.433046] (-) TimerEvent: {}
[9.533336] (-) TimerEvent: {}
[9.633610] (-) TimerEvent: {}
[9.733885] (-) TimerEvent: {}
[9.834162] (-) TimerEvent: {}
[9.934418] (-) TimerEvent: {}
[10.034721] (-) TimerEvent: {}
[10.134992] (-) TimerEvent: {}
[10.235264] (-) TimerEvent: {}
[10.335570] (-) TimerEvent: {}
[10.435885] (-) TimerEvent: {}
[10.536188] (-) TimerEvent: {}
[10.636519] (-) TimerEvent: {}
[10.713181] (sllidar_ros2) StdoutLine: {'line': b'[100%] \x1b[32m\x1b[1mLinking CXX executable sllidar_client\x1b[0m\n'}
[10.736628] (-) TimerEvent: {}
[10.836939] (-) TimerEvent: {}
[10.937227] (-) TimerEvent: {}
[10.972152] (sllidar_ros2) StdoutLine: {'line': b'[100%] Built target sllidar_client\n'}
[10.983659] (sllidar_ros2) CommandEnded: {'returncode': 0}
[10.984244] (sllidar_ros2) JobProgress: {'identifier': 'sllidar_ros2', 'progress': 'install'}
[10.993182] (sllidar_ros2) Command: {'cmd': ['/usr/bin/cmake', '--install', '/home/andres/Documents/Proyecto_G/LIDAR_prog_ws/src/build/sllidar_ros2'], 'cwd': '/home/andres/Documents/Proyecto_G/LIDAR_prog_ws/src/build/sllidar_ros2', 'env': OrderedDict([('LESSOPEN', '| /usr/bin/lesspipe %s'), ('LANGUAGE', 'en_US:en'), ('USER', 'andres'), ('LC_TIME', 'es_BO.UTF-8'), ('XDG_SESSION_TYPE', 'wayland'), ('SHLVL', '1'), ('LD_LIBRARY_PATH', '/home/andres/microros_ws/install/micro_ros_agent/lib:/home/andres/microros_ws/install/micro_ros_msgs/lib:/home/andres/turtlebot3_ws/install/turtlebot3_msgs/lib:/home/andres/turtlebot3_ws/install/dynamixel_sdk_custom_interfaces/lib:/home/andres/turtlebot3_ws/install/dynamixel_sdk/lib:/opt/ros/humble/opt/rviz_ogre_vendor/lib:/opt/ros/humble/lib/x86_64-linux-gnu:/opt/ros/humble/lib:/usr/lib/x86_64-linux-gnu/gazebo-11/plugins:'), ('HOME', '/home/andres'), ('OLDPWD', '/home/andres/Documents/Proyecto_G'), ('DESKTOP_SESSION', 'ubuntu'), ('GAZEBO_MASTER_URI', 'http://localhost:11345'), ('ROS_PYTHON_VERSION', '3'), ('GNOME_SHELL_SESSION_MODE', 'ubuntu'), ('GTK_MODULES', 'gail:atk-bridge'), ('LC_MONETARY', 'es_BO.UTF-8'), ('MANAGERPID', '2418'), ('SYSTEMD_EXEC_PID', '2785'), ('DBUS_SESSION_BUS_ADDRESS', 'unix:path=/run/user/1000/bus'), ('COLORTERM', 'truecolor'), ('TERMINATOR_DBUS_NAME', 'net.tenshu.Terminator25ef4b219e3b005583550f2b0f9f990c3'), ('GIO_LAUNCHED_DESKTOP_FILE_PID', '14232'), ('PICO_TOOLCHAIN_PATH', '...'), ('IM_CONFIG_PHASE', '1'), ('WAYLAND_DISPLAY', 'wayland-0'), ('COLCON_PREFIX_PATH', '/home/andres/microros_ws/install:/home/andres/turtlebot3_ws/install:/home/andres/Documents/Robotica/LIDAR/install:/home/andres/ros2_ws/install'), ('ROS_DISTRO', 'humble'), ('LOGNAME', 'andres'), ('IGN_GAZEBO_MODEL_PATH', '/opt/ros/humble/share'), ('JOURNAL_STREAM', '8:16349'), ('_', '/usr/bin/colcon'), ('ROS_VERSION', '2'), ('XDG_SESSION_CLASS', 'user'), ('USERNAME', 'andres'), ('TERM', 'xterm-256color'), ('GAZEBO_MODEL_PATH', '/usr/share/gazebo-11/models:/opt/ros/humble/share'), ('GNOME_DESKTOP_SESSION_ID', 'this-is-deprecated'), ('ROS_LOCALHOST_ONLY', '0'), ('OGRE_RESOURCE_PATH', '/usr/lib/x86_64-linux-gnu/OGRE-1.9.0'), ('PATH', '/opt/ros/humble/bin:/home/andres/.local/bin:/usr/local/sbin:/usr/local/bin:/usr/sbin:/usr/bin:/sbin:/bin:/usr/games:/usr/local/games:/snap/bin:/snap/bin'), ('SESSION_MANAGER', 'local/andresHp:@/tmp/.ICE-unix/2570,unix/andresHp:/tmp/.ICE-unix/2570'), ('INVOCATION_ID', '2ac124e77aad43b2b36e588efed00213'), ('PAPERSIZE', 'letter'), ('XDG_MENU_PREFIX', 'gnome-'), ('LC_ADDRESS', 'es_BO.UTF-8'), ('GNOME_SETUP_DISPLAY', ':1'), ('XDG_RUNTIME_DIR', '/run/user/1000'), ('DISPLAY', ':0'), ('TERMINATOR_DBUS_PATH', '/net/tenshu/Terminator2'), ('LANG', 'en_US.UTF-8'), ('XDG_CURRENT_DESKTOP', 'ubuntu:GNOME'), ('IBUS_DISABLE_SNOOPER', '1'), ('LC_TELEPHONE', 'es_BO.UTF-8'), ('XMODIFIERS', '@im=ibus'), ('XDG_SESSION_DESKTOP', 'ubuntu'), ('XAUTHORITY', '/run/user/1000/.mutter-Xwaylandauth.HKOSP3'), ('LS_COLORS', 'rs=0:di=01;34:ln=01;36:mh=00:pi=40;33:so=01;35:do=01;35:bd=40;33;01:cd=40;33;01:or=40;31;01:mi=00:su=37;41:sg=30;43:ca=30;41:tw=30;42:ow=34;42:st=37;44:ex=01;32:*.tar=01;31:*.tgz=01;31:*.arc=01;31:*.arj=01;31:*.taz=01;31:*.lha=01;31:*.lz4=01;31:*.lzh=01;31:*.lzma=01;31:*.tlz=01;31:*.txz=01;31:*.tzo=01;31:*.t7z=01;31:*.zip=01;31:*.z=01;31:*.dz=01;31:*.gz=01;31:*.lrz=01;31:*.lz=01;31:*.lzo=01;31:*.xz=01;31:*.zst=01;31:*.tzst=01;31:*.bz2=01;31:*.bz=01;31:*.tbz=01;31:*.tbz2=01;31:*.tz=01;31:*.deb=01;31:*.rpm=01;31:*.jar=01;31:*.war=01;31:*.ear=01;31:*.sar=01;31:*.rar=01;31:*.alz=01;31:*.ace=01;31:*.zoo=01;31:*.cpio=01;31:*.7z=01;31:*.rz=01;31:*.cab=01;31:*.wim=01;31:*.swm=01;31:*.dwm=01;31:*.esd=01;31:*.jpg=01;35:*.jpeg=01;35:*.mjpg=01;35:*.mjpeg=01;35:*.gif=01;35:*.bmp=01;35:*.pbm=01;35:*.pgm=01;35:*.ppm=01;35:*.tga=01;35:*.xbm=01;35:*.xpm=01;35:*.tif=01;35:*.tiff=01;35:*.png=01;35:*.svg=01;35:*.svgz=01;35:*.mng=01;35:*.pcx=01;35:*.mov=01;35:*.mpg=01;35:*.mpeg=01;35:*.m2v=01;35:*.mkv=01;35:*.webm=01;35:*.webp=01;35:*.ogm=01;35:*.mp4=01;35:*.m4v=01;35:*.mp4v=01;35:*.vob=01;35:*.qt=01;35:*.nuv=01;35:*.wmv=01;35:*.asf=01;35:*.rm=01;35:*.rmvb=01;35:*.flc=01;35:*.avi=01;35:*.fli=01;35:*.flv=01;35:*.gl=01;35:*.dl=01;35:*.xcf=01;35:*.xwd=01;35:*.yuv=01;35:*.cgm=01;35:*.emf=01;35:*.ogv=01;35:*.ogx=01;35:*.aac=00;36:*.au=00;36:*.flac=00;36:*.m4a=00;36:*.mid=00;36:*.midi=00;36:*.mka=00;36:*.mp3=00;36:*.mpc=00;36:*.ogg=00;36:*.ra=00;36:*.wav=00;36:*.oga=00;36:*.opus=00;36:*.spx=00;36:*.xspf=00;36:'), ('SSH_AGENT_LAUNCHER', 'gnome-keyring'), ('SSH_AUTH_SOCK', '/run/user/1000/keyring/ssh'), ('ROS_DOMAIN_ID', '30'), ('AMENT_PREFIX_PATH', '/home/andres/microros_ws/install/micro_ros_setup:/home/andres/microros_ws/install/micro_ros_agent:/home/andres/microros_ws/install/micro_ros_msgs:/home/andres/turtlebot3_ws/install/turtlebot3:/home/andres/turtlebot3_ws/install/turtlebot3_teleop:/home/andres/turtlebot3_ws/install/turtlebot3_simulations:/home/andres/turtlebot3_ws/install/turtlebot3_bringup:/home/andres/turtlebot3_ws/install/turtlebot3_node:/home/andres/turtlebot3_ws/install/turtlebot3_navigation2:/home/andres/turtlebot3_ws/install/turtlebot3_fake_node:/home/andres/turtlebot3_ws/install/turtlebot3_example:/home/andres/turtlebot3_ws/install/turtlebot3_msgs:/home/andres/turtlebot3_ws/install/turtlebot3_manipulation_gazebo:/home/andres/turtlebot3_ws/install/turtlebot3_gazebo:/home/andres/turtlebot3_ws/install/turtlebot3_description:/home/andres/turtlebot3_ws/install/turtlebot3_cartographer:/home/andres/turtlebot3_ws/install/dynamixel_sdk_examples:/home/andres/turtlebot3_ws/install/dynamixel_sdk_custom_interfaces:/home/andres/turtlebot3_ws/install/dynamixel_sdk:/home/andres/ros2_ws/install/sllidar_ros2:/home/andres/ros2_ws/install/my_robot_gazebo:/home/andres/Documents/Robotica/LIDAR/install/sllidar_ros2:/opt/ros/humble'), ('SHELL', '/bin/bash'), ('LC_NAME', 'es_BO.UTF-8'), ('TERMINATOR_UUID', 'urn:uuid:017c41cf-816c-48eb-bb43-2b4e4b855394'), ('QT_ACCESSIBILITY', '1'), ('GDMSESSION', 'ubuntu'), ('LESSCLOSE', '/usr/bin/lesspipe %s %s'), ('IGN_GAZEBO_RESOURCE_PATH', '/opt/ros/humble/share'), ('LC_MEASUREMENT', 'es_BO.UTF-8'), ('GAZEBO_RESOURCE_PATH', '/usr/share/gazebo-11:/opt/ros/humble/share'), ('LC_IDENTIFICATION', 'es_BO.UTF-8'), ('GAZEBO_MODEL_DATABASE_URI', 'http://models.gazebosim.org'), ('QT_IM_MODULE', 'ibus'), ('PWD', '/home/andres/Documents/Proyecto_G/LIDAR_prog_ws/src/build/sllidar_ros2'), ('TURTLEBOT3_MODEL', 'burger'), ('LC_ALL', 'en_US.UTF-8'), ('XDG_CONFIG_DIRS', '/etc/xdg/xdg-ubuntu:/etc/xdg'), ('PICO_SDK_PATH', '/home/andres/pico-sdk'), ('GAZEBO_PLUGIN_PATH', '/usr/lib/x86_64-linux-gnu/gazebo-11/plugins:'), ('XDG_DATA_DIRS', '/usr/share/ubuntu:/usr/local/share/:/usr/share/:/var/lib/snapd/desktop'), ('PYTHONPATH', '/home/andres/microros_ws/install/micro_ros_msgs/local/lib/python3.10/dist-packages:/home/andres/turtlebot3_ws/install/turtlebot3_teleop/lib/python3.10/site-packages:/home/andres/turtlebot3_ws/install/turtlebot3_example/lib/python3.10/site-packages:/home/andres/turtlebot3_ws/install/turtlebot3_msgs/local/lib/python3.10/dist-packages:/home/andres/turtlebot3_ws/install/dynamixel_sdk_custom_interfaces/local/lib/python3.10/dist-packages:/home/andres/turtlebot3_ws/install/dynamixel_sdk/local/lib/python3.10/dist-packages:/opt/ros/humble/lib/python3.10/site-packages:/opt/ros/humble/local/lib/python3.10/dist-packages'), ('LC_NUMERIC', 'es_BO.UTF-8'), ('LC_PAPER', 'es_BO.UTF-8'), ('COLCON', '1'), ('VTE_VERSION', '6800'), ('CMAKE_PREFIX_PATH', '/home/andres/microros_ws/install/micro_ros_setup:/home/andres/microros_ws/install/micro_ros_agent:/home/andres/microros_ws/install/micro_ros_msgs:/home/andres/turtlebot3_ws/install/turtlebot3:/home/andres/turtlebot3_ws/install/turtlebot3_simulations:/home/andres/turtlebot3_ws/install/turtlebot3_bringup:/home/andres/turtlebot3_ws/install/turtlebot3_node:/home/andres/turtlebot3_ws/install/turtlebot3_navigation2:/home/andres/turtlebot3_ws/install/turtlebot3_fake_node:/home/andres/turtlebot3_ws/install/turtlebot3_msgs:/home/andres/turtlebot3_ws/install/turtlebot3_manipulation_gazebo:/home/andres/turtlebot3_ws/install/turtlebot3_gazebo:/home/andres/turtlebot3_ws/install/turtlebot3_description:/home/andres/turtlebot3_ws/install/turtlebot3_cartographer:/home/andres/turtlebot3_ws/install/dynamixel_sdk_examples:/home/andres/turtlebot3_ws/install/dynamixel_sdk_custom_interfaces:/home/andres/turtlebot3_ws/install/dynamixel_sdk:/home/andres/ros2_ws/install/sllidar_ros2:/home/andres/ros2_ws/install/my_robot_gazebo:/home/andres/Documents/Robotica/LIDAR/install/sllidar_ros2:/home/andres/turtlebot3_ws/install/turtlebot3_teleop:/home/andres/turtlebot3_ws/install/turtlebot3_example:/opt/ros/humble')]), 'shell': False}
[10.999921] (sllidar_ros2) StdoutLine: {'line': b'-- Install configuration: ""\n'}
[11.000439] (sllidar_ros2) StdoutLine: {'line': b'-- Execute custom install script\n'}
[11.001133] (sllidar_ros2) StdoutLine: {'line': b'-- Symlinking: /home/andres/Documents/Proyecto_G/LIDAR_prog_ws/src/install/sllidar_ros2/share/sllidar_ros2/launch/sllidar_a1_launch.py\n'}
[11.010662] (sllidar_ros2) StdoutLine: {'line': b'-- Symlinking: /home/andres/Documents/Proyecto_G/LIDAR_prog_ws/src/install/sllidar_ros2/share/sllidar_ros2/launch/sllidar_a2m12_launch .py\n'}
[11.020680] (sllidar_ros2) StdoutLine: {'line': b'-- Symlinking: /home/andres/Documents/Proyecto_G/LIDAR_prog_ws/src/install/sllidar_ros2/share/sllidar_ros2/launch/sllidar_a2m7_launch.py\n'}
[11.029711] (sllidar_ros2) StdoutLine: {'line': b'-- Symlinking: /home/andres/Documents/Proyecto_G/LIDAR_prog_ws/src/install/sllidar_ros2/share/sllidar_ros2/launch/sllidar_a2m8_launch.py\n'}
[11.037310] (-) TimerEvent: {}
[11.039846] (sllidar_ros2) StdoutLine: {'line': b'-- Symlinking: /home/andres/Documents/Proyecto_G/LIDAR_prog_ws/src/install/sllidar_ros2/share/sllidar_ros2/launch/sllidar_a3_launch.py\n'}
[11.049923] (sllidar_ros2) StdoutLine: {'line': b'-- Symlinking: /home/andres/Documents/Proyecto_G/LIDAR_prog_ws/src/install/sllidar_ros2/share/sllidar_ros2/launch/sllidar_c1_launch.py\n'}
[11.057936] (sllidar_ros2) StdoutLine: {'line': b'-- Symlinking: /home/andres/Documents/Proyecto_G/LIDAR_prog_ws/src/install/sllidar_ros2/share/sllidar_ros2/launch/sllidar_s1_launch.py\n'}
[11.066845] (sllidar_ros2) StdoutLine: {'line': b'-- Symlinking: /home/andres/Documents/Proyecto_G/LIDAR_prog_ws/src/install/sllidar_ros2/share/sllidar_ros2/launch/sllidar_s1_tcp_launch.py\n'}
[11.077644] (sllidar_ros2) StdoutLine: {'line': b'-- Symlinking: /home/andres/Documents/Proyecto_G/LIDAR_prog_ws/src/install/sllidar_ros2/share/sllidar_ros2/launch/sllidar_s2_launch.py\n'}
[11.086979] (sllidar_ros2) StdoutLine: {'line': b'-- Symlinking: /home/andres/Documents/Proyecto_G/LIDAR_prog_ws/src/install/sllidar_ros2/share/sllidar_ros2/launch/sllidar_s2e_launch.py\n'}
[11.098413] (sllidar_ros2) StdoutLine: {'line': b'-- Symlinking: /home/andres/Documents/Proyecto_G/LIDAR_prog_ws/src/install/sllidar_ros2/share/sllidar_ros2/launch/sllidar_s3_launch.py\n'}
[11.107862] (sllidar_ros2) StdoutLine: {'line': b'-- Symlinking: /home/andres/Documents/Proyecto_G/LIDAR_prog_ws/src/install/sllidar_ros2/share/sllidar_ros2/launch/sllidar_t1_launch.py\n'}
[11.116750] (sllidar_ros2) StdoutLine: {'line': b'-- Symlinking: /home/andres/Documents/Proyecto_G/LIDAR_prog_ws/src/install/sllidar_ros2/share/sllidar_ros2/launch/view_sllidar_a1_launch.py\n'}
[11.124704] (sllidar_ros2) StdoutLine: {'line': b'-- Symlinking: /home/andres/Documents/Proyecto_G/LIDAR_prog_ws/src/install/sllidar_ros2/share/sllidar_ros2/launch/view_sllidar_a2m12_launch.py\n'}
[11.132572] (sllidar_ros2) StdoutLine: {'line': b'-- Symlinking: /home/andres/Documents/Proyecto_G/LIDAR_prog_ws/src/install/sllidar_ros2/share/sllidar_ros2/launch/view_sllidar_a2m7_launch.py\n'}
[11.137363] (-) TimerEvent: {}
[11.140582] (sllidar_ros2) StdoutLine: {'line': b'-- Symlinking: /home/andres/Documents/Proyecto_G/LIDAR_prog_ws/src/install/sllidar_ros2/share/sllidar_ros2/launch/view_sllidar_a2m8_launch.py\n'}
[11.148565] (sllidar_ros2) StdoutLine: {'line': b'-- Symlinking: /home/andres/Documents/Proyecto_G/LIDAR_prog_ws/src/install/sllidar_ros2/share/sllidar_ros2/launch/view_sllidar_a3_launch.py\n'}
[11.158047] (sllidar_ros2) StdoutLine: {'line': b'-- Symlinking: /home/andres/Documents/Proyecto_G/LIDAR_prog_ws/src/install/sllidar_ros2/share/sllidar_ros2/launch/view_sllidar_c1_launch.py\n'}
[11.166863] (sllidar_ros2) StdoutLine: {'line': b'-- Symlinking: /home/andres/Documents/Proyecto_G/LIDAR_prog_ws/src/install/sllidar_ros2/share/sllidar_ros2/launch/view_sllidar_s1_launch.py\n'}
[11.176725] (sllidar_ros2) StdoutLine: {'line': b'-- Symlinking: /home/andres/Documents/Proyecto_G/LIDAR_prog_ws/src/install/sllidar_ros2/share/sllidar_ros2/launch/view_sllidar_s1_tcp_launch.py\n'}
[11.185243] (sllidar_ros2) StdoutLine: {'line': b'-- Symlinking: /home/andres/Documents/Proyecto_G/LIDAR_prog_ws/src/install/sllidar_ros2/share/sllidar_ros2/launch/view_sllidar_s2_launch.py\n'}
[11.194126] (sllidar_ros2) StdoutLine: {'line': b'-- Symlinking: /home/andres/Documents/Proyecto_G/LIDAR_prog_ws/src/install/sllidar_ros2/share/sllidar_ros2/launch/view_sllidar_s2e_launch.py\n'}
[11.201978] (sllidar_ros2) StdoutLine: {'line': b'-- Symlinking: /home/andres/Documents/Proyecto_G/LIDAR_prog_ws/src/install/sllidar_ros2/share/sllidar_ros2/launch/view_sllidar_s3_launch.py\n'}
[11.209612] (sllidar_ros2) StdoutLine: {'line': b'-- Symlinking: /home/andres/Documents/Proyecto_G/LIDAR_prog_ws/src/install/sllidar_ros2/share/sllidar_ros2/launch/view_sllidar_t1_launch.py\n'}
[11.217506] (sllidar_ros2) StdoutLine: {'line': b'-- Symlinking: /home/andres/Documents/Proyecto_G/LIDAR_prog_ws/src/install/sllidar_ros2/share/sllidar_ros2/rviz/sllidar_ros2.rviz\n'}
[11.225897] (sllidar_ros2) StdoutLine: {'line': b'-- Symlinking: /home/andres/Documents/Proyecto_G/LIDAR_prog_ws/src/install/sllidar_ros2/lib/sllidar_ros2/sllidar_node\n'}
[11.234324] (sllidar_ros2) StdoutLine: {'line': b'-- Symlinking: /home/andres/Documents/Proyecto_G/LIDAR_prog_ws/src/install/sllidar_ros2/lib/sllidar_ros2/sllidar_client\n'}
[11.237439] (-) TimerEvent: {}
[11.243688] (sllidar_ros2) StdoutLine: {'line': b'-- Symlinking: /home/andres/Documents/Proyecto_G/LIDAR_prog_ws/src/install/sllidar_ros2/share/ament_index/resource_index/package_run_dependencies/sllidar_ros2\n'}
[11.252124] (sllidar_ros2) StdoutLine: {'line': b'-- Symlinking: /home/andres/Documents/Proyecto_G/LIDAR_prog_ws/src/install/sllidar_ros2/share/ament_index/resource_index/parent_prefix_path/sllidar_ros2\n'}
[11.260907] (sllidar_ros2) StdoutLine: {'line': b'-- Symlinking: /home/andres/Documents/Proyecto_G/LIDAR_prog_ws/src/install/sllidar_ros2/share/sllidar_ros2/environment/ament_prefix_path.sh\n'}
[11.269637] (sllidar_ros2) StdoutLine: {'line': b'-- Symlinking: /home/andres/Documents/Proyecto_G/LIDAR_prog_ws/src/install/sllidar_ros2/share/sllidar_ros2/environment/ament_prefix_path.dsv\n'}
[11.279022] (sllidar_ros2) StdoutLine: {'line': b'-- Symlinking: /home/andres/Documents/Proyecto_G/LIDAR_prog_ws/src/install/sllidar_ros2/share/sllidar_ros2/environment/path.sh\n'}
[11.287405] (sllidar_ros2) StdoutLine: {'line': b'-- Symlinking: /home/andres/Documents/Proyecto_G/LIDAR_prog_ws/src/install/sllidar_ros2/share/sllidar_ros2/environment/path.dsv\n'}
[11.296007] (sllidar_ros2) StdoutLine: {'line': b'-- Symlinking: /home/andres/Documents/Proyecto_G/LIDAR_prog_ws/src/install/sllidar_ros2/share/sllidar_ros2/local_setup.bash\n'}
[11.306241] (sllidar_ros2) StdoutLine: {'line': b'-- Symlinking: /home/andres/Documents/Proyecto_G/LIDAR_prog_ws/src/install/sllidar_ros2/share/sllidar_ros2/local_setup.sh\n'}
[11.316659] (sllidar_ros2) StdoutLine: {'line': b'-- Symlinking: /home/andres/Documents/Proyecto_G/LIDAR_prog_ws/src/install/sllidar_ros2/share/sllidar_ros2/local_setup.zsh\n'}
[11.325576] (sllidar_ros2) StdoutLine: {'line': b'-- Symlinking: /home/andres/Documents/Proyecto_G/LIDAR_prog_ws/src/install/sllidar_ros2/share/sllidar_ros2/local_setup.dsv\n'}
[11.335014] (sllidar_ros2) StdoutLine: {'line': b'-- Symlinking: /home/andres/Documents/Proyecto_G/LIDAR_prog_ws/src/install/sllidar_ros2/share/sllidar_ros2/package.dsv\n'}
[11.337521] (-) TimerEvent: {}
[11.343975] (sllidar_ros2) StdoutLine: {'line': b'-- Symlinking: /home/andres/Documents/Proyecto_G/LIDAR_prog_ws/src/install/sllidar_ros2/share/ament_index/resource_index/packages/sllidar_ros2\n'}
[11.352624] (sllidar_ros2) StdoutLine: {'line': b'-- Symlinking: /home/andres/Documents/Proyecto_G/LIDAR_prog_ws/src/install/sllidar_ros2/share/sllidar_ros2/cmake/ament_cmake_export_dependencies-extras.cmake\n'}
[11.361269] (sllidar_ros2) StdoutLine: {'line': b'-- Symlinking: /home/andres/Documents/Proyecto_G/LIDAR_prog_ws/src/install/sllidar_ros2/share/sllidar_ros2/cmake/ament_cmake_export_include_directories-extras.cmake\n'}
[11.370185] (sllidar_ros2) StdoutLine: {'line': b'-- Symlinking: /home/andres/Documents/Proyecto_G/LIDAR_prog_ws/src/install/sllidar_ros2/share/sllidar_ros2/cmake/sllidar_ros2Config.cmake\n'}
[11.378967] (sllidar_ros2) StdoutLine: {'line': b'-- Symlinking: /home/andres/Documents/Proyecto_G/LIDAR_prog_ws/src/install/sllidar_ros2/share/sllidar_ros2/cmake/sllidar_ros2Config-version.cmake\n'}
[11.387864] (sllidar_ros2) StdoutLine: {'line': b'-- Symlinking: /home/andres/Documents/Proyecto_G/LIDAR_prog_ws/src/install/sllidar_ros2/share/sllidar_ros2/package.xml\n'}
[11.398885] (sllidar_ros2) CommandEnded: {'returncode': 0}
[11.420801] (sllidar_ros2) JobEnded: {'identifier': 'sllidar_ros2', 'rc': 0}
[11.433525] (-) EventReactorShutdown: {}
