[0.000000] (-) TimerEvent: {}
[0.000187] (sllidar_ros2) JobQueued: {'identifier': 'sllidar_ros2', 'dependencies': OrderedDict()}
[0.000902] (sllidar_ros2) JobStarted: {'identifier': 'sllidar_ros2'}
[0.013784] (sllidar_ros2) JobProgress: {'identifier': 'sllidar_ros2', 'progress': 'cmake'}
[0.014607] (sllidar_ros2) Command: {'cmd': ['/usr/bin/cmake', '/home/andres/Documents/Proyecto_G/LIDAR_prog_ws/src/src/sllidar_ros2', '-DAMENT_CMAKE_SYMLINK_INSTALL=1', '-DCMAKE_INSTALL_PREFIX=/home/andres/Documents/Proyecto_G/LIDAR_prog_ws/install/sllidar_ros2'], 'cwd': '/home/andres/Documents/Proyecto_G/LIDAR_prog_ws/build/sllidar_ros2', 'env': OrderedDict([('LESSOPEN', '| /usr/bin/lesspipe %s'), ('LANGUAGE', 'en_US:en'), ('USER', 'andres'), ('LC_TIME', 'es_BO.UTF-8'), ('XDG_SESSION_TYPE', 'wayland'), ('SHLVL', '1'), ('LD_LIBRARY_PATH', '/home/andres/microros_ws/install/micro_ros_agent/lib:/home/andres/microros_ws/install/micro_ros_msgs/lib:/home/andres/turtlebot3_ws/install/turtlebot3_msgs/lib:/home/andres/turtlebot3_ws/install/dynamixel_sdk_custom_interfaces/lib:/home/andres/turtlebot3_ws/install/dynamixel_sdk/lib:/opt/ros/humble/opt/rviz_ogre_vendor/lib:/opt/ros/humble/lib/x86_64-linux-gnu:/opt/ros/humble/lib:/usr/lib/x86_64-linux-gnu/gazebo-11/plugins:'), ('HOME', '/home/andres'), ('OLDPWD', '/home/andres/Documents/Proyecto_G/LIDAR_prog_ws/src'), ('DESKTOP_SESSION', 'ubuntu'), ('GAZEBO_MASTER_URI', 'http://localhost:11345'), ('ROS_PYTHON_VERSION', '3'), ('GNOME_SHELL_SESSION_MODE', 'ubuntu'), ('GTK_MODULES', 'gail:atk-bridge'), ('LC_MONETARY', 'es_BO.UTF-8'), ('MANAGERPID', '2418'), ('SYSTEMD_EXEC_PID', '2785'), ('DBUS_SESSION_BUS_ADDRESS', 'unix:path=/run/user/1000/bus'), ('COLORTERM', 'truecolor'), ('TERMINATOR_DBUS_NAME', 'net.tenshu.Terminator25ef4b219e3b005583550f2b0f9f990c3'), ('GIO_LAUNCHED_DESKTOP_FILE_PID', '14232'), ('PICO_TOOLCHAIN_PATH', '...'), ('IM_CONFIG_PHASE', '1'), ('WAYLAND_DISPLAY', 'wayland-0'), ('COLCON_PREFIX_PATH', '/home/andres/microros_ws/install:/home/andres/turtlebot3_ws/install:/home/andres/Documents/Robotica/LIDAR/install:/home/andres/ros2_ws/install'), ('ROS_DISTRO', 'humble'), ('LOGNAME', 'andres'), ('IGN_GAZEBO_MODEL_PATH', '/opt/ros/humble/share'), ('JOURNAL_STREAM', '8:16349'), ('_', '/usr/bin/colcon'), ('ROS_VERSION', '2'), ('XDG_SESSION_CLASS', 'user'), ('USERNAME', 'andres'), ('TERM', 'xterm-256color'), ('GAZEBO_MODEL_PATH', '/usr/share/gazebo-11/models:/opt/ros/humble/share'), ('GNOME_DESKTOP_SESSION_ID', 'this-is-deprecated'), ('ROS_LOCALHOST_ONLY', '0'), ('OGRE_RESOURCE_PATH', '/usr/lib/x86_64-linux-gnu/OGRE-1.9.0'), ('PATH', '/opt/ros/humble/bin:/home/andres/.local/bin:/usr/local/sbin:/usr/local/bin:/usr/sbin:/usr/bin:/sbin:/bin:/usr/games:/usr/local/games:/snap/bin:/snap/bin'), ('SESSION_MANAGER', 'local/andresHp:@/tmp/.ICE-unix/2570,unix/andresHp:/tmp/.ICE-unix/2570'), ('INVOCATION_ID', '2ac124e77aad43b2b36e588efed00213'), ('PAPERSIZE', 'letter'), ('XDG_MENU_PREFIX', 'gnome-'), ('LC_ADDRESS', 'es_BO.UTF-8'), ('GNOME_SETUP_DISPLAY', ':1'), ('XDG_RUNTIME_DIR', '/run/user/1000'), ('DISPLAY', ':0'), ('TERMINATOR_DBUS_PATH', '/net/tenshu/Terminator2'), ('LANG', 'en_US.UTF-8'), ('XDG_CURRENT_DESKTOP', 'ubuntu:GNOME'), ('IBUS_DISABLE_SNOOPER', '1'), ('LC_TELEPHONE', 'es_BO.UTF-8'), ('XMODIFIERS', '@im=ibus'), ('XDG_SESSION_DESKTOP', 'ubuntu'), ('XAUTHORITY', '/run/user/1000/.mutter-Xwaylandauth.HKOSP3'), ('LS_COLORS', 'rs=0:di=01;34:ln=01;36:mh=00:pi=40;33:so=01;35:do=01;35:bd=40;33;01:cd=40;33;01:or=40;31;01:mi=00:su=37;41:sg=30;43:ca=30;41:tw=30;42:ow=34;42:st=37;44:ex=01;32:*.tar=01;31:*.tgz=01;31:*.arc=01;31:*.arj=01;31:*.taz=01;31:*.lha=01;31:*.lz4=01;31:*.lzh=01;31:*.lzma=01;31:*.tlz=01;31:*.txz=01;31:*.tzo=01;31:*.t7z=01;31:*.zip=01;31:*.z=01;31:*.dz=01;31:*.gz=01;31:*.lrz=01;31:*.lz=01;31:*.lzo=01;31:*.xz=01;31:*.zst=01;31:*.tzst=01;31:*.bz2=01;31:*.bz=01;31:*.tbz=01;31:*.tbz2=01;31:*.tz=01;31:*.deb=01;31:*.rpm=01;31:*.jar=01;31:*.war=01;31:*.ear=01;31:*.sar=01;31:*.rar=01;31:*.alz=01;31:*.ace=01;31:*.zoo=01;31:*.cpio=01;31:*.7z=01;31:*.rz=01;31:*.cab=01;31:*.wim=01;31:*.swm=01;31:*.dwm=01;31:*.esd=01;31:*.jpg=01;35:*.jpeg=01;35:*.mjpg=01;35:*.mjpeg=01;35:*.gif=01;35:*.bmp=01;35:*.pbm=01;35:*.pgm=01;35:*.ppm=01;35:*.tga=01;35:*.xbm=01;35:*.xpm=01;35:*.tif=01;35:*.tiff=01;35:*.png=01;35:*.svg=01;35:*.svgz=01;35:*.mng=01;35:*.pcx=01;35:*.mov=01;35:*.mpg=01;35:*.mpeg=01;35:*.m2v=01;35:*.mkv=01;35:*.webm=01;35:*.webp=01;35:*.ogm=01;35:*.mp4=01;35:*.m4v=01;35:*.mp4v=01;35:*.vob=01;35:*.qt=01;35:*.nuv=01;35:*.wmv=01;35:*.asf=01;35:*.rm=01;35:*.rmvb=01;35:*.flc=01;35:*.avi=01;35:*.fli=01;35:*.flv=01;35:*.gl=01;35:*.dl=01;35:*.xcf=01;35:*.xwd=01;35:*.yuv=01;35:*.cgm=01;35:*.emf=01;35:*.ogv=01;35:*.ogx=01;35:*.aac=00;36:*.au=00;36:*.flac=00;36:*.m4a=00;36:*.mid=00;36:*.midi=00;36:*.mka=00;36:*.mp3=00;36:*.mpc=00;36:*.ogg=00;36:*.ra=00;36:*.wav=00;36:*.oga=00;36:*.opus=00;36:*.spx=00;36:*.xspf=00;36:'), ('SSH_AGENT_LAUNCHER', 'gnome-keyring'), ('SSH_AUTH_SOCK', '/run/user/1000/keyring/ssh'), ('ROS_DOMAIN_ID', '30'), ('AMENT_PREFIX_PATH', '/home/andres/microros_ws/install/micro_ros_setup:/home/andres/microros_ws/install/micro_ros_agent:/home/andres/microros_ws/install/micro_ros_msgs:/home/andres/turtlebot3_ws/install/turtlebot3:/home/andres/turtlebot3_ws/install/turtlebot3_teleop:/home/andres/turtlebot3_ws/install/turtlebot3_simulations:/home/andres/turtlebot3_ws/install/turtlebot3_bringup:/home/andres/turtlebot3_ws/install/turtlebot3_node:/home/andres/turtlebot3_ws/install/turtlebot3_navigation2:/home/andres/turtlebot3_ws/install/turtlebot3_fake_node:/home/andres/turtlebot3_ws/install/turtlebot3_example:/home/andres/turtlebot3_ws/install/turtlebot3_msgs:/home/andres/turtlebot3_ws/install/turtlebot3_manipulation_gazebo:/home/andres/turtlebot3_ws/install/turtlebot3_gazebo:/home/andres/turtlebot3_ws/install/turtlebot3_description:/home/andres/turtlebot3_ws/install/turtlebot3_cartographer:/home/andres/turtlebot3_ws/install/dynamixel_sdk_examples:/home/andres/turtlebot3_ws/install/dynamixel_sdk_custom_interfaces:/home/andres/turtlebot3_ws/install/dynamixel_sdk:/home/andres/ros2_ws/install/sllidar_ros2:/home/andres/ros2_ws/install/my_robot_gazebo:/home/andres/Documents/Robotica/LIDAR/install/sllidar_ros2:/opt/ros/humble'), ('SHELL', '/bin/bash'), ('LC_NAME', 'es_BO.UTF-8'), ('TERMINATOR_UUID', 'urn:uuid:017c41cf-816c-48eb-bb43-2b4e4b855394'), ('QT_ACCESSIBILITY', '1'), ('GDMSESSION', 'ubuntu'), ('LESSCLOSE', '/usr/bin/lesspipe %s %s'), ('IGN_GAZEBO_RESOURCE_PATH', '/opt/ros/humble/share'), ('LC_MEASUREMENT', 'es_BO.UTF-8'), ('GAZEBO_RESOURCE_PATH', '/usr/share/gazebo-11:/opt/ros/humble/share'), ('LC_IDENTIFICATION', 'es_BO.UTF-8'), ('GAZEBO_MODEL_DATABASE_URI', 'http://models.gazebosim.org'), ('QT_IM_MODULE', 'ibus'), ('PWD', '/home/andres/Documents/Proyecto_G/LIDAR_prog_ws/build/sllidar_ros2'), ('TURTLEBOT3_MODEL', 'burger'), ('LC_ALL', 'en_US.UTF-8'), ('XDG_CONFIG_DIRS', '/etc/xdg/xdg-ubuntu:/etc/xdg'), ('PICO_SDK_PATH', '/home/andres/pico-sdk'), ('GAZEBO_PLUGIN_PATH', '/usr/lib/x86_64-linux-gnu/gazebo-11/plugins:'), ('XDG_DATA_DIRS', '/usr/share/ubuntu:/usr/local/share/:/usr/share/:/var/lib/snapd/desktop'), ('PYTHONPATH', '/home/andres/microros_ws/install/micro_ros_msgs/local/lib/python3.10/dist-packages:/home/andres/turtlebot3_ws/install/turtlebot3_teleop/lib/python3.10/site-packages:/home/andres/turtlebot3_ws/install/turtlebot3_example/lib/python3.10/site-packages:/home/andres/turtlebot3_ws/install/turtlebot3_msgs/local/lib/python3.10/dist-packages:/home/andres/turtlebot3_ws/install/dynamixel_sdk_custom_interfaces/local/lib/python3.10/dist-packages:/home/andres/turtlebot3_ws/install/dynamixel_sdk/local/lib/python3.10/dist-packages:/opt/ros/humble/lib/python3.10/site-packages:/opt/ros/humble/local/lib/python3.10/dist-packages'), ('LC_NUMERIC', 'es_BO.UTF-8'), ('LC_PAPER', 'es_BO.UTF-8'), ('COLCON', '1'), ('VTE_VERSION', '6800'), ('CMAKE_PREFIX_PATH', '/home/andres/microros_ws/install/micro_ros_setup:/home/andres/microros_ws/install/micro_ros_agent:/home/andres/microros_ws/install/micro_ros_msgs:/home/andres/turtlebot3_ws/install/turtlebot3:/home/andres/turtlebot3_ws/install/turtlebot3_simulations:/home/andres/turtlebot3_ws/install/turtlebot3_bringup:/home/andres/turtlebot3_ws/install/turtlebot3_node:/home/andres/turtlebot3_ws/install/turtlebot3_navigation2:/home/andres/turtlebot3_ws/install/turtlebot3_fake_node:/home/andres/turtlebot3_ws/install/turtlebot3_msgs:/home/andres/turtlebot3_ws/install/turtlebot3_manipulation_gazebo:/home/andres/turtlebot3_ws/install/turtlebot3_gazebo:/home/andres/turtlebot3_ws/install/turtlebot3_description:/home/andres/turtlebot3_ws/install/turtlebot3_cartographer:/home/andres/turtlebot3_ws/install/dynamixel_sdk_examples:/home/andres/turtlebot3_ws/install/dynamixel_sdk_custom_interfaces:/home/andres/turtlebot3_ws/install/dynamixel_sdk:/home/andres/ros2_ws/install/sllidar_ros2:/home/andres/ros2_ws/install/my_robot_gazebo:/home/andres/Documents/Robotica/LIDAR/install/sllidar_ros2:/home/andres/turtlebot3_ws/install/turtlebot3_teleop:/home/andres/turtlebot3_ws/install/turtlebot3_example:/opt/ros/humble')]), 'shell': False}
[0.087359] (sllidar_ros2) StdoutLine: {'line': b'-- The C compiler identification is GNU 11.4.0\n'}
[0.099724] (-) TimerEvent: {}
[0.155340] (sllidar_ros2) StdoutLine: {'line': b'-- The CXX compiler identification is GNU 11.4.0\n'}
[0.164265] (sllidar_ros2) StdoutLine: {'line': b'-- Detecting C compiler ABI info\n'}
[0.199853] (-) TimerEvent: {}
[0.256942] (sllidar_ros2) StdoutLine: {'line': b'-- Detecting C compiler ABI info - done\n'}
[0.264406] (sllidar_ros2) StdoutLine: {'line': b'-- Check for working C compiler: /usr/bin/cc - skipped\n'}
[0.264758] (sllidar_ros2) StdoutLine: {'line': b'-- Detecting C compile features\n'}
[0.265203] (sllidar_ros2) StdoutLine: {'line': b'-- Detecting C compile features - done\n'}
[0.268368] (sllidar_ros2) StdoutLine: {'line': b'-- Detecting CXX compiler ABI info\n'}
[0.299976] (-) TimerEvent: {}
[0.376932] (sllidar_ros2) StdoutLine: {'line': b'-- Detecting CXX compiler ABI info - done\n'}
[0.385296] (sllidar_ros2) StdoutLine: {'line': b'-- Check for working CXX compiler: /usr/bin/c++ - skipped\n'}
[0.385659] (sllidar_ros2) StdoutLine: {'line': b'-- Detecting CXX compile features\n'}
[0.386209] (sllidar_ros2) StdoutLine: {'line': b'-- Detecting CXX compile features - done\n'}
[0.392310] (sllidar_ros2) StdoutLine: {'line': b'-- Found ament_cmake: 1.3.14 (/opt/ros/humble/share/ament_cmake/cmake)\n'}
[0.400049] (-) TimerEvent: {}
[0.500298] (-) TimerEvent: {}
[0.580566] (sllidar_ros2) StdoutLine: {'line': b'-- Found Python3: /usr/bin/python3 (found version "3.10.12") found components: Interpreter \n'}
[0.600415] (-) TimerEvent: {}
[0.653492] (sllidar_ros2) StdoutLine: {'line': b'-- Override CMake install command with custom implementation using symlinks instead of copying resources\n'}
[0.700507] (-) TimerEvent: {}
[0.724623] (sllidar_ros2) StdoutLine: {'line': b'-- Found rclcpp: 16.0.19 (/opt/ros/humble/share/rclcpp/cmake)\n'}
[0.800611] (-) TimerEvent: {}
[0.803961] (sllidar_ros2) StdoutLine: {'line': b'-- Found rosidl_generator_c: 3.1.8 (/opt/ros/humble/share/rosidl_generator_c/cmake)\n'}
[0.814979] (sllidar_ros2) StdoutLine: {'line': b'-- Found rosidl_adapter: 3.1.8 (/opt/ros/humble/share/rosidl_adapter/cmake)\n'}
[0.829654] (sllidar_ros2) StdoutLine: {'line': b'-- Found rosidl_generator_cpp: 3.1.8 (/opt/ros/humble/share/rosidl_generator_cpp/cmake)\n'}
[0.849057] (sllidar_ros2) StdoutLine: {'line': b'-- Using all available rosidl_typesupport_c: rosidl_typesupport_fastrtps_c;rosidl_typesupport_introspection_c\n'}
[0.875321] (sllidar_ros2) StdoutLine: {'line': b'-- Using all available rosidl_typesupport_cpp: rosidl_typesupport_fastrtps_cpp;rosidl_typesupport_introspection_cpp\n'}
[0.900701] (-) TimerEvent: {}
[0.951408] (sllidar_ros2) StdoutLine: {'line': b'-- Found rmw_implementation_cmake: 6.1.2 (/opt/ros/humble/share/rmw_implementation_cmake/cmake)\n'}
[0.957876] (sllidar_ros2) StdoutLine: {'line': b'-- Found rmw_fastrtps_cpp: 6.2.10 (/opt/ros/humble/share/rmw_fastrtps_cpp/cmake)\n'}
[1.000799] (-) TimerEvent: {}
[1.101045] (-) TimerEvent: {}
[1.101663] (sllidar_ros2) StdoutLine: {'line': b'-- Found OpenSSL: /usr/lib/x86_64-linux-gnu/libcrypto.so (found version "3.0.2")  \n'}
[1.143411] (sllidar_ros2) StdoutLine: {'line': b'-- Found FastRTPS: /opt/ros/humble/include  \n'}
[1.201148] (-) TimerEvent: {}
[1.207745] (sllidar_ros2) StdoutLine: {'line': b"-- Using RMW implementation 'rmw_fastrtps_cpp' as default\n"}
[1.225790] (sllidar_ros2) StdoutLine: {'line': b'-- Looking for pthread.h\n'}
[1.301274] (-) TimerEvent: {}
[1.322050] (sllidar_ros2) StdoutLine: {'line': b'-- Looking for pthread.h - found\n'}
[1.322574] (sllidar_ros2) StdoutLine: {'line': b'-- Performing Test CMAKE_HAVE_LIBC_PTHREAD\n'}
[1.401398] (-) TimerEvent: {}
[1.423269] (sllidar_ros2) StdoutLine: {'line': b'-- Performing Test CMAKE_HAVE_LIBC_PTHREAD - Success\n'}
[1.424504] (sllidar_ros2) StdoutLine: {'line': b'-- Found Threads: TRUE  \n'}
[1.493551] (sllidar_ros2) StdoutLine: {'line': b'-- Found sensor_msgs: 4.9.1 (/opt/ros/humble/share/sensor_msgs/cmake)\n'}
[1.501482] (-) TimerEvent: {}
[1.533048] (sllidar_ros2) StdoutLine: {'line': b'-- Found std_srvs: 4.9.1 (/opt/ros/humble/share/std_srvs/cmake)\n'}
[1.601606] (-) TimerEvent: {}
[1.656787] (sllidar_ros2) StdoutLine: {'line': b'-- Configuring done\n'}
[1.674524] (sllidar_ros2) StdoutLine: {'line': b'-- Generating done\n'}
[1.680270] (sllidar_ros2) StdoutLine: {'line': b'-- Build files have been written to: /home/andres/Documents/Proyecto_G/LIDAR_prog_ws/build/sllidar_ros2\n'}
[1.691571] (sllidar_ros2) CommandEnded: {'returncode': 0}
[1.692537] (sllidar_ros2) JobProgress: {'identifier': 'sllidar_ros2', 'progress': 'build'}
[1.694115] (sllidar_ros2) Command: {'cmd': ['/usr/bin/cmake', '--build', '/home/andres/Documents/Proyecto_G/LIDAR_prog_ws/build/sllidar_ros2', '--', '-j16', '-l16'], 'cwd': '/home/andres/Documents/Proyecto_G/LIDAR_prog_ws/build/sllidar_ros2', 'env': OrderedDict([('LESSOPEN', '| /usr/bin/lesspipe %s'), ('LANGUAGE', 'en_US:en'), ('USER', 'andres'), ('LC_TIME', 'es_BO.UTF-8'), ('XDG_SESSION_TYPE', 'wayland'), ('SHLVL', '1'), ('LD_LIBRARY_PATH', '/home/andres/microros_ws/install/micro_ros_agent/lib:/home/andres/microros_ws/install/micro_ros_msgs/lib:/home/andres/turtlebot3_ws/install/turtlebot3_msgs/lib:/home/andres/turtlebot3_ws/install/dynamixel_sdk_custom_interfaces/lib:/home/andres/turtlebot3_ws/install/dynamixel_sdk/lib:/opt/ros/humble/opt/rviz_ogre_vendor/lib:/opt/ros/humble/lib/x86_64-linux-gnu:/opt/ros/humble/lib:/usr/lib/x86_64-linux-gnu/gazebo-11/plugins:'), ('HOME', '/home/andres'), ('OLDPWD', '/home/andres/Documents/Proyecto_G/LIDAR_prog_ws/src'), ('DESKTOP_SESSION', 'ubuntu'), ('GAZEBO_MASTER_URI', 'http://localhost:11345'), ('ROS_PYTHON_VERSION', '3'), ('GNOME_SHELL_SESSION_MODE', 'ubuntu'), ('GTK_MODULES', 'gail:atk-bridge'), ('LC_MONETARY', 'es_BO.UTF-8'), ('MANAGERPID', '2418'), ('SYSTEMD_EXEC_PID', '2785'), ('DBUS_SESSION_BUS_ADDRESS', 'unix:path=/run/user/1000/bus'), ('COLORTERM', 'truecolor'), ('TERMINATOR_DBUS_NAME', 'net.tenshu.Terminator25ef4b219e3b005583550f2b0f9f990c3'), ('GIO_LAUNCHED_DESKTOP_FILE_PID', '14232'), ('PICO_TOOLCHAIN_PATH', '...'), ('IM_CONFIG_PHASE', '1'), ('WAYLAND_DISPLAY', 'wayland-0'), ('COLCON_PREFIX_PATH', '/home/andres/microros_ws/install:/home/andres/turtlebot3_ws/install:/home/andres/Documents/Robotica/LIDAR/install:/home/andres/ros2_ws/install'), ('ROS_DISTRO', 'humble'), ('LOGNAME', 'andres'), ('IGN_GAZEBO_MODEL_PATH', '/opt/ros/humble/share'), ('JOURNAL_STREAM', '8:16349'), ('_', '/usr/bin/colcon'), ('ROS_VERSION', '2'), ('XDG_SESSION_CLASS', 'user'), ('USERNAME', 'andres'), ('TERM', 'xterm-256color'), ('GAZEBO_MODEL_PATH', '/usr/share/gazebo-11/models:/opt/ros/humble/share'), ('GNOME_DESKTOP_SESSION_ID', 'this-is-deprecated'), ('ROS_LOCALHOST_ONLY', '0'), ('OGRE_RESOURCE_PATH', '/usr/lib/x86_64-linux-gnu/OGRE-1.9.0'), ('PATH', '/opt/ros/humble/bin:/home/andres/.local/bin:/usr/local/sbin:/usr/local/bin:/usr/sbin:/usr/bin:/sbin:/bin:/usr/games:/usr/local/games:/snap/bin:/snap/bin'), ('SESSION_MANAGER', 'local/andresHp:@/tmp/.ICE-unix/2570,unix/andresHp:/tmp/.ICE-unix/2570'), ('INVOCATION_ID', '2ac124e77aad43b2b36e588efed00213'), ('PAPERSIZE', 'letter'), ('XDG_MENU_PREFIX', 'gnome-'), ('LC_ADDRESS', 'es_BO.UTF-8'), ('GNOME_SETUP_DISPLAY', ':1'), ('XDG_RUNTIME_DIR', '/run/user/1000'), ('DISPLAY', ':0'), ('TERMINATOR_DBUS_PATH', '/net/tenshu/Terminator2'), ('LANG', 'en_US.UTF-8'), ('XDG_CURRENT_DESKTOP', 'ubuntu:GNOME'), ('IBUS_DISABLE_SNOOPER', '1'), ('LC_TELEPHONE', 'es_BO.UTF-8'), ('XMODIFIERS', '@im=ibus'), ('XDG_SESSION_DESKTOP', 'ubuntu'), ('XAUTHORITY', '/run/user/1000/.mutter-Xwaylandauth.HKOSP3'), ('LS_COLORS', 'rs=0:di=01;34:ln=01;36:mh=00:pi=40;33:so=01;35:do=01;35:bd=40;33;01:cd=40;33;01:or=40;31;01:mi=00:su=37;41:sg=30;43:ca=30;41:tw=30;42:ow=34;42:st=37;44:ex=01;32:*.tar=01;31:*.tgz=01;31:*.arc=01;31:*.arj=01;31:*.taz=01;31:*.lha=01;31:*.lz4=01;31:*.lzh=01;31:*.lzma=01;31:*.tlz=01;31:*.txz=01;31:*.tzo=01;31:*.t7z=01;31:*.zip=01;31:*.z=01;31:*.dz=01;31:*.gz=01;31:*.lrz=01;31:*.lz=01;31:*.lzo=01;31:*.xz=01;31:*.zst=01;31:*.tzst=01;31:*.bz2=01;31:*.bz=01;31:*.tbz=01;31:*.tbz2=01;31:*.tz=01;31:*.deb=01;31:*.rpm=01;31:*.jar=01;31:*.war=01;31:*.ear=01;31:*.sar=01;31:*.rar=01;31:*.alz=01;31:*.ace=01;31:*.zoo=01;31:*.cpio=01;31:*.7z=01;31:*.rz=01;31:*.cab=01;31:*.wim=01;31:*.swm=01;31:*.dwm=01;31:*.esd=01;31:*.jpg=01;35:*.jpeg=01;35:*.mjpg=01;35:*.mjpeg=01;35:*.gif=01;35:*.bmp=01;35:*.pbm=01;35:*.pgm=01;35:*.ppm=01;35:*.tga=01;35:*.xbm=01;35:*.xpm=01;35:*.tif=01;35:*.tiff=01;35:*.png=01;35:*.svg=01;35:*.svgz=01;35:*.mng=01;35:*.pcx=01;35:*.mov=01;35:*.mpg=01;35:*.mpeg=01;35:*.m2v=01;35:*.mkv=01;35:*.webm=01;35:*.webp=01;35:*.ogm=01;35:*.mp4=01;35:*.m4v=01;35:*.mp4v=01;35:*.vob=01;35:*.qt=01;35:*.nuv=01;35:*.wmv=01;35:*.asf=01;35:*.rm=01;35:*.rmvb=01;35:*.flc=01;35:*.avi=01;35:*.fli=01;35:*.flv=01;35:*.gl=01;35:*.dl=01;35:*.xcf=01;35:*.xwd=01;35:*.yuv=01;35:*.cgm=01;35:*.emf=01;35:*.ogv=01;35:*.ogx=01;35:*.aac=00;36:*.au=00;36:*.flac=00;36:*.m4a=00;36:*.mid=00;36:*.midi=00;36:*.mka=00;36:*.mp3=00;36:*.mpc=00;36:*.ogg=00;36:*.ra=00;36:*.wav=00;36:*.oga=00;36:*.opus=00;36:*.spx=00;36:*.xspf=00;36:'), ('SSH_AGENT_LAUNCHER', 'gnome-keyring'), ('SSH_AUTH_SOCK', '/run/user/1000/keyring/ssh'), ('ROS_DOMAIN_ID', '30'), ('AMENT_PREFIX_PATH', '/home/andres/microros_ws/install/micro_ros_setup:/home/andres/microros_ws/install/micro_ros_agent:/home/andres/microros_ws/install/micro_ros_msgs:/home/andres/turtlebot3_ws/install/turtlebot3:/home/andres/turtlebot3_ws/install/turtlebot3_teleop:/home/andres/turtlebot3_ws/install/turtlebot3_simulations:/home/andres/turtlebot3_ws/install/turtlebot3_bringup:/home/andres/turtlebot3_ws/install/turtlebot3_node:/home/andres/turtlebot3_ws/install/turtlebot3_navigation2:/home/andres/turtlebot3_ws/install/turtlebot3_fake_node:/home/andres/turtlebot3_ws/install/turtlebot3_example:/home/andres/turtlebot3_ws/install/turtlebot3_msgs:/home/andres/turtlebot3_ws/install/turtlebot3_manipulation_gazebo:/home/andres/turtlebot3_ws/install/turtlebot3_gazebo:/home/andres/turtlebot3_ws/install/turtlebot3_description:/home/andres/turtlebot3_ws/install/turtlebot3_cartographer:/home/andres/turtlebot3_ws/install/dynamixel_sdk_examples:/home/andres/turtlebot3_ws/install/dynamixel_sdk_custom_interfaces:/home/andres/turtlebot3_ws/install/dynamixel_sdk:/home/andres/ros2_ws/install/sllidar_ros2:/home/andres/ros2_ws/install/my_robot_gazebo:/home/andres/Documents/Robotica/LIDAR/install/sllidar_ros2:/opt/ros/humble'), ('SHELL', '/bin/bash'), ('LC_NAME', 'es_BO.UTF-8'), ('TERMINATOR_UUID', 'urn:uuid:017c41cf-816c-48eb-bb43-2b4e4b855394'), ('QT_ACCESSIBILITY', '1'), ('GDMSESSION', 'ubuntu'), ('LESSCLOSE', '/usr/bin/lesspipe %s %s'), ('IGN_GAZEBO_RESOURCE_PATH', '/opt/ros/humble/share'), ('LC_MEASUREMENT', 'es_BO.UTF-8'), ('GAZEBO_RESOURCE_PATH', '/usr/share/gazebo-11:/opt/ros/humble/share'), ('LC_IDENTIFICATION', 'es_BO.UTF-8'), ('GAZEBO_MODEL_DATABASE_URI', 'http://models.gazebosim.org'), ('QT_IM_MODULE', 'ibus'), ('PWD', '/home/andres/Documents/Proyecto_G/LIDAR_prog_ws/build/sllidar_ros2'), ('TURTLEBOT3_MODEL', 'burger'), ('LC_ALL', 'en_US.UTF-8'), ('XDG_CONFIG_DIRS', '/etc/xdg/xdg-ubuntu:/etc/xdg'), ('PICO_SDK_PATH', '/home/andres/pico-sdk'), ('GAZEBO_PLUGIN_PATH', '/usr/lib/x86_64-linux-gnu/gazebo-11/plugins:'), ('XDG_DATA_DIRS', '/usr/share/ubuntu:/usr/local/share/:/usr/share/:/var/lib/snapd/desktop'), ('PYTHONPATH', '/home/andres/microros_ws/install/micro_ros_msgs/local/lib/python3.10/dist-packages:/home/andres/turtlebot3_ws/install/turtlebot3_teleop/lib/python3.10/site-packages:/home/andres/turtlebot3_ws/install/turtlebot3_example/lib/python3.10/site-packages:/home/andres/turtlebot3_ws/install/turtlebot3_msgs/local/lib/python3.10/dist-packages:/home/andres/turtlebot3_ws/install/dynamixel_sdk_custom_interfaces/local/lib/python3.10/dist-packages:/home/andres/turtlebot3_ws/install/dynamixel_sdk/local/lib/python3.10/dist-packages:/opt/ros/humble/lib/python3.10/site-packages:/opt/ros/humble/local/lib/python3.10/dist-packages'), ('LC_NUMERIC', 'es_BO.UTF-8'), ('LC_PAPER', 'es_BO.UTF-8'), ('COLCON', '1'), ('VTE_VERSION', '6800'), ('CMAKE_PREFIX_PATH', '/home/andres/microros_ws/install/micro_ros_setup:/home/andres/microros_ws/install/micro_ros_agent:/home/andres/microros_ws/install/micro_ros_msgs:/home/andres/turtlebot3_ws/install/turtlebot3:/home/andres/turtlebot3_ws/install/turtlebot3_simulations:/home/andres/turtlebot3_ws/install/turtlebot3_bringup:/home/andres/turtlebot3_ws/install/turtlebot3_node:/home/andres/turtlebot3_ws/install/turtlebot3_navigation2:/home/andres/turtlebot3_ws/install/turtlebot3_fake_node:/home/andres/turtlebot3_ws/install/turtlebot3_msgs:/home/andres/turtlebot3_ws/install/turtlebot3_manipulation_gazebo:/home/andres/turtlebot3_ws/install/turtlebot3_gazebo:/home/andres/turtlebot3_ws/install/turtlebot3_description:/home/andres/turtlebot3_ws/install/turtlebot3_cartographer:/home/andres/turtlebot3_ws/install/dynamixel_sdk_examples:/home/andres/turtlebot3_ws/install/dynamixel_sdk_custom_interfaces:/home/andres/turtlebot3_ws/install/dynamixel_sdk:/home/andres/ros2_ws/install/sllidar_ros2:/home/andres/ros2_ws/install/my_robot_gazebo:/home/andres/Documents/Robotica/LIDAR/install/sllidar_ros2:/home/andres/turtlebot3_ws/install/turtlebot3_teleop:/home/andres/turtlebot3_ws/install/turtlebot3_example:/opt/ros/humble')]), 'shell': False}
[1.701696] (-) TimerEvent: {}
[1.775445] (sllidar_ros2) StdoutLine: {'line': b'[ 25%] \x1b[32mBuilding CXX object CMakeFiles/sllidar_client.dir/src/sllidar_client.cpp.o\x1b[0m\n'}
[1.775807] (sllidar_ros2) StdoutLine: {'line': b'[ 25%] \x1b[32mBuilding CXX object CMakeFiles/sllidar_node.dir/sdk/src/arch/linux/timer.cpp.o\x1b[0m\n'}
[1.775928] (sllidar_ros2) StdoutLine: {'line': b'[ 35%] \x1b[32mBuilding CXX object CMakeFiles/sllidar_node.dir/sdk/src/arch/linux/net_socket.cpp.o\x1b[0m\n'}
[1.776039] (sllidar_ros2) StdoutLine: {'line': b'[ 35%] \x1b[32mBuilding CXX object CMakeFiles/sllidar_node.dir/src/sllidar_node.cpp.o\x1b[0m\n'}
[1.776169] (sllidar_ros2) StdoutLine: {'line': b'[ 35%] \x1b[32mBuilding CXX object CMakeFiles/sllidar_node.dir/sdk/src/dataunpacker/unpacker/handler_capsules.cpp.o\x1b[0m\n'}
[1.776259] (sllidar_ros2) StdoutLine: {'line': b'[ 35%] \x1b[32mBuilding CXX object CMakeFiles/sllidar_node.dir/sdk/src/dataunpacker/dataunpacker.cpp.o\x1b[0m\n'}
[1.776348] (sllidar_ros2) StdoutLine: {'line': b'[ 35%] \x1b[32mBuilding CXX object CMakeFiles/sllidar_node.dir/sdk/src/arch/linux/net_serial.cpp.o\x1b[0m\n'}
[1.776432] (sllidar_ros2) StdoutLine: {'line': b'[ 45%] \x1b[32mBuilding CXX object CMakeFiles/sllidar_node.dir/sdk/src/rplidar_driver.cpp.o\x1b[0m\n'}
[1.776504] (sllidar_ros2) StdoutLine: {'line': b'[ 45%] \x1b[32mBuilding CXX object CMakeFiles/sllidar_node.dir/sdk/src/dataunpacker/unpacker/handler_hqnode.cpp.o\x1b[0m\n'}
[1.776561] (sllidar_ros2) StdoutLine: {'line': b'[ 50%] \x1b[32mBuilding CXX object CMakeFiles/sllidar_node.dir/sdk/src/dataunpacker/unpacker/handler_normalnode.cpp.o\x1b[0m\n'}
[1.776626] (sllidar_ros2) StdoutLine: {'line': b'[ 55%] \x1b[32mBuilding CXX object CMakeFiles/sllidar_node.dir/sdk/src/hal/thread.cpp.o\x1b[0m\n'}
[1.776681] (sllidar_ros2) StdoutLine: {'line': b'[ 60%] \x1b[32mBuilding CXX object CMakeFiles/sllidar_node.dir/sdk/src/sl_async_transceiver.cpp.o\x1b[0m\n'}
[1.776734] (sllidar_ros2) StdoutLine: {'line': b'[ 65%] \x1b[32mBuilding CXX object CMakeFiles/sllidar_node.dir/sdk/src/sl_crc.cpp.o\x1b[0m\n'}
[1.776796] (sllidar_ros2) StdoutLine: {'line': b'[ 70%] \x1b[32mBuilding CXX object CMakeFiles/sllidar_node.dir/sdk/src/sl_lidar_driver.cpp.o\x1b[0m\n'}
[1.776850] (sllidar_ros2) StdoutLine: {'line': b'[ 75%] \x1b[32mBuilding CXX object CMakeFiles/sllidar_node.dir/sdk/src/sl_lidarprotocol_codec.cpp.o\x1b[0m\n'}
[1.785682] (sllidar_ros2) StdoutLine: {'line': b'[ 80%] \x1b[32mBuilding CXX object CMakeFiles/sllidar_node.dir/sdk/src/sl_serial_channel.cpp.o\x1b[0m\n'}
[1.801840] (-) TimerEvent: {}
[1.808051] (sllidar_ros2) StderrLine: {'line': b'In file included from \x1b[01m\x1b[K/home/andres/Documents/Proyecto_G/LIDAR_prog_ws/src/src/sllidar_ros2/./sdk/include/sl_lidar_cmd.h:41\x1b[m\x1b[K,\n'}
[1.808285] (sllidar_ros2) StderrLine: {'line': b'                 from \x1b[01m\x1b[K/home/andres/Documents/Proyecto_G/LIDAR_prog_ws/src/src/sllidar_ros2/./sdk/include/sl_crc.h:36\x1b[m\x1b[K,\n'}
[1.808391] (sllidar_ros2) StderrLine: {'line': b'                 from \x1b[01m\x1b[K/home/andres/Documents/Proyecto_G/LIDAR_prog_ws/src/src/sllidar_ros2/sdk/src/sl_crc.cpp:33\x1b[m\x1b[K:\n'}
[1.808498] (sllidar_ros2) StderrLine: {'line': b'\x1b[01m\x1b[K/home/andres/Documents/Proyecto_G/LIDAR_prog_ws/src/src/sllidar_ros2/./sdk/include/sl_lidar_protocol.h:66:16:\x1b[m\x1b[K \x1b[01;35m\x1b[Kwarning: \x1b[m\x1b[KISO C++ forbids zero-size array \xe2\x80\x98\x1b[01m\x1b[Kdata\x1b[m\x1b[K\xe2\x80\x99 [\x1b[01;35m\x1b[K\x1b]8;;https://gcc.gnu.org/onlinedocs/gcc/Warning-Options.html#index-Wpedantic\x07-Wpedantic\x1b]8;;\x07\x1b[m\x1b[K]\n'}
[1.808591] (sllidar_ros2) StderrLine: {'line': b'   66 |     sl_u8 data[\x1b[01;35m\x1b[K0\x1b[m\x1b[K];\n'}
[1.808677] (sllidar_ros2) StderrLine: {'line': b'      |                \x1b[01;35m\x1b[K^\x1b[m\x1b[K\n'}
[1.808904] (sllidar_ros2) StderrLine: {'line': b'In file included from \x1b[01m\x1b[K/home/andres/Documents/Proyecto_G/LIDAR_prog_ws/src/src/sllidar_ros2/./sdk/include/sl_crc.h:36\x1b[m\x1b[K,\n'}
[1.809052] (sllidar_ros2) StderrLine: {'line': b'                 from \x1b[01m\x1b[K/home/andres/Documents/Proyecto_G/LIDAR_prog_ws/src/src/sllidar_ros2/sdk/src/sl_crc.cpp:33\x1b[m\x1b[K:\n'}
[1.809157] (sllidar_ros2) StderrLine: {'line': b'\x1b[01m\x1b[K/home/andres/Documents/Proyecto_G/LIDAR_prog_ws/src/src/sllidar_ros2/./sdk/include/sl_lidar_cmd.h:324:20:\x1b[m\x1b[K \x1b[01;35m\x1b[Kwarning: \x1b[m\x1b[KISO C++ forbids zero-size array \xe2\x80\x98\x1b[01m\x1b[Kpayload\x1b[m\x1b[K\xe2\x80\x99 [\x1b[01;35m\x1b[K\x1b]8;;https://gcc.gnu.org/onlinedocs/gcc/Warning-Options.html#index-Wpedantic\x07-Wpedantic\x1b]8;;\x07\x1b[m\x1b[K]\n'}
[1.809255] (sllidar_ros2) StderrLine: {'line': b'  324 |     sl_u8  payload[\x1b[01;35m\x1b[K0\x1b[m\x1b[K];\n'}
[1.809341] (sllidar_ros2) StderrLine: {'line': b'      |                    \x1b[01;35m\x1b[K^\x1b[m\x1b[K\n'}
[1.847036] (sllidar_ros2) StdoutLine: {'line': b'[ 85%] \x1b[32mBuilding CXX object CMakeFiles/sllidar_node.dir/sdk/src/sl_tcp_channel.cpp.o\x1b[0m\n'}
[1.901986] (-) TimerEvent: {}
[2.002465] (-) TimerEvent: {}
[2.103065] (-) TimerEvent: {}
[2.204905] (-) TimerEvent: {}
[2.222507] (sllidar_ros2) StderrLine: {'line': b'In file included from \x1b[01m\x1b[K/home/andres/Documents/Proyecto_G/LIDAR_prog_ws/src/src/sllidar_ros2/./sdk/include/sl_lidar_cmd.h:41\x1b[m\x1b[K,\n'}
[2.222895] (sllidar_ros2) StderrLine: {'line': b'                 from \x1b[01m\x1b[K/home/andres/Documents/Proyecto_G/LIDAR_prog_ws/src/src/sllidar_ros2/./sdk/include/sl_lidar_driver.h:54\x1b[m\x1b[K,\n'}
[2.223104] (sllidar_ros2) StderrLine: {'line': b'                 from \x1b[01m\x1b[K/home/andres/Documents/Proyecto_G/LIDAR_prog_ws/src/src/sllidar_ros2/sdk/src/sl_serial_channel.cpp:33\x1b[m\x1b[K:\n'}
[2.223246] (sllidar_ros2) StderrLine: {'line': b'\x1b[01m\x1b[K/home/andres/Documents/Proyecto_G/LIDAR_prog_ws/src/src/sllidar_ros2/./sdk/include/sl_lidar_protocol.h:66:16:\x1b[m\x1b[K \x1b[01;35m\x1b[Kwarning: \x1b[m\x1b[KISO C++ forbids zero-size array \xe2\x80\x98\x1b[01m\x1b[Kdata\x1b[m\x1b[K\xe2\x80\x99 [\x1b[01;35m\x1b[K\x1b]8;;https://gcc.gnu.org/onlinedocs/gcc/Warning-Options.html#index-Wpedantic\x07-Wpedantic\x1b]8;;\x07\x1b[m\x1b[K]\n'}
[2.223389] (sllidar_ros2) StderrLine: {'line': b'   66 |     sl_u8 data[\x1b[01;35m\x1b[K0\x1b[m\x1b[K];\n'}
[2.223485] (sllidar_ros2) StderrLine: {'line': b'      |                \x1b[01;35m\x1b[K^\x1b[m\x1b[K\n'}
[2.227189] (sllidar_ros2) StderrLine: {'line': b'In file included from \x1b[01m\x1b[K/home/andres/Documents/Proyecto_G/LIDAR_prog_ws/src/src/sllidar_ros2/./sdk/include/sl_lidar_driver.h:54\x1b[m\x1b[K,\n'}
[2.227502] (sllidar_ros2) StderrLine: {'line': b'                 from \x1b[01m\x1b[K/home/andres/Documents/Proyecto_G/LIDAR_prog_ws/src/src/sllidar_ros2/sdk/src/sl_serial_channel.cpp:33\x1b[m\x1b[K:\n'}
[2.227656] (sllidar_ros2) StderrLine: {'line': b'\x1b[01m\x1b[K/home/andres/Documents/Proyecto_G/LIDAR_prog_ws/src/src/sllidar_ros2/./sdk/include/sl_lidar_cmd.h:324:20:\x1b[m\x1b[K \x1b[01;35m\x1b[Kwarning: \x1b[m\x1b[KISO C++ forbids zero-size array \xe2\x80\x98\x1b[01m\x1b[Kpayload\x1b[m\x1b[K\xe2\x80\x99 [\x1b[01;35m\x1b[K\x1b]8;;https://gcc.gnu.org/onlinedocs/gcc/Warning-Options.html#index-Wpedantic\x07-Wpedantic\x1b]8;;\x07\x1b[m\x1b[K]\n'}
[2.227778] (sllidar_ros2) StderrLine: {'line': b'  324 |     sl_u8  payload[\x1b[01;35m\x1b[K0\x1b[m\x1b[K];\n'}
[2.227886] (sllidar_ros2) StderrLine: {'line': b'      |                    \x1b[01;35m\x1b[K^\x1b[m\x1b[K\n'}
[2.301110] (sllidar_ros2) StderrLine: {'line': b'In file included from \x1b[01m\x1b[K/home/andres/Documents/Proyecto_G/LIDAR_prog_ws/src/src/sllidar_ros2/./sdk/include/sl_lidar_cmd.h:41\x1b[m\x1b[K,\n'}
[2.301868] (sllidar_ros2) StderrLine: {'line': b'                 from \x1b[01m\x1b[K/home/andres/Documents/Proyecto_G/LIDAR_prog_ws/src/src/sllidar_ros2/./sdk/include/sl_lidar_driver.h:54\x1b[m\x1b[K,\n'}
[2.302186] (sllidar_ros2) StderrLine: {'line': b'                 from \x1b[01m\x1b[K/home/andres/Documents/Proyecto_G/LIDAR_prog_ws/src/src/sllidar_ros2/sdk/src/sl_tcp_channel.cpp:33\x1b[m\x1b[K:\n'}
[2.302403] (sllidar_ros2) StderrLine: {'line': b'\x1b[01m\x1b[K/home/andres/Documents/Proyecto_G/LIDAR_prog_ws/src/src/sllidar_ros2/./sdk/include/sl_lidar_protocol.h:66:16:\x1b[m\x1b[K \x1b[01;35m\x1b[Kwarning: \x1b[m\x1b[KISO C++ forbids zero-size array \xe2\x80\x98\x1b[01m\x1b[Kdata\x1b[m\x1b[K\xe2\x80\x99 [\x1b[01;35m\x1b[K\x1b]8;;https://gcc.gnu.org/onlinedocs/gcc/Warning-Options.html#index-Wpedantic\x07-Wpedantic\x1b]8;;\x07\x1b[m\x1b[K]\n'}
[2.302585] (sllidar_ros2) StderrLine: {'line': b'   66 |     sl_u8 data[\x1b[01;35m\x1b[K0\x1b[m\x1b[K];\n'}
[2.302789] (sllidar_ros2) StderrLine: {'line': b'      |                \x1b[01;35m\x1b[K^\x1b[m\x1b[K\n'}
[2.304572] (sllidar_ros2) StderrLine: {'line': b'In file included from \x1b[01m\x1b[K/home/andres/Documents/Proyecto_G/LIDAR_prog_ws/src/src/sllidar_ros2/./sdk/include/sl_lidar_driver.h:54\x1b[m\x1b[K,\n'}
[2.304767] (sllidar_ros2) StderrLine: {'line': b'                 from \x1b[01m\x1b[K/home/andres/Documents/Proyecto_G/LIDAR_prog_ws/src/src/sllidar_ros2/sdk/src/sl_tcp_channel.cpp:33\x1b[m\x1b[K:\n'}
[2.304878] (-) TimerEvent: {}
[2.305082] (sllidar_ros2) StderrLine: {'line': b'\x1b[01m\x1b[K/home/andres/Documents/Proyecto_G/LIDAR_prog_ws/src/src/sllidar_ros2/./sdk/include/sl_lidar_cmd.h:324:20:\x1b[m\x1b[K \x1b[01;35m\x1b[Kwarning: \x1b[m\x1b[KISO C++ forbids zero-size array \xe2\x80\x98\x1b[01m\x1b[Kpayload\x1b[m\x1b[K\xe2\x80\x99 [\x1b[01;35m\x1b[K\x1b]8;;https://gcc.gnu.org/onlinedocs/gcc/Warning-Options.html#index-Wpedantic\x07-Wpedantic\x1b]8;;\x07\x1b[m\x1b[K]\n'}
[2.305259] (sllidar_ros2) StderrLine: {'line': b'  324 |     sl_u8  payload[\x1b[01;35m\x1b[K0\x1b[m\x1b[K];\n'}
[2.305370] (sllidar_ros2) StderrLine: {'line': b'      |                    \x1b[01;35m\x1b[K^\x1b[m\x1b[K\n'}
[2.313029] (sllidar_ros2) StderrLine: {'line': b'\x1b[01m\x1b[K/home/andres/Documents/Proyecto_G/LIDAR_prog_ws/src/src/sllidar_ros2/sdk/src/sl_tcp_channel.cpp:\x1b[m\x1b[K In member function \xe2\x80\x98\x1b[01m\x1b[Kvoid sl::TcpChannel::setStatus(_u32)\x1b[m\x1b[K\xe2\x80\x99:\n'}
[2.313493] (sllidar_ros2) StderrLine: {'line': b'\x1b[01m\x1b[K/home/andres/Documents/Proyecto_G/LIDAR_prog_ws/src/src/sllidar_ros2/sdk/src/sl_tcp_channel.cpp:109:29:\x1b[m\x1b[K \x1b[01;35m\x1b[Kwarning: \x1b[m\x1b[Kunused parameter \xe2\x80\x98\x1b[01m\x1b[Kflag\x1b[m\x1b[K\xe2\x80\x99 [\x1b[01;35m\x1b[K\x1b]8;;https://gcc.gnu.org/onlinedocs/gcc/Warning-Options.html#index-Wunused-parameter\x07-Wunused-parameter\x1b]8;;\x07\x1b[m\x1b[K]\n'}
[2.313682] (sllidar_ros2) StderrLine: {'line': b'  109 |         void setStatus(\x1b[01;35m\x1b[K_u32 flag\x1b[m\x1b[K){}\n'}
[2.313835] (sllidar_ros2) StderrLine: {'line': b'      |                        \x1b[01;35m\x1b[K~~~~~^~~~\x1b[m\x1b[K\n'}
[2.370992] (sllidar_ros2) StdoutLine: {'line': b'[ 90%] \x1b[32mBuilding CXX object CMakeFiles/sllidar_node.dir/sdk/src/sl_udp_channel.cpp.o\x1b[0m\n'}
[2.405179] (-) TimerEvent: {}
[2.473131] (sllidar_ros2) StderrLine: {'line': b'In file included from \x1b[01m\x1b[K/home/andres/Documents/Proyecto_G/LIDAR_prog_ws/src/src/sllidar_ros2/./sdk/include/rplidar_protocol.h:36\x1b[m\x1b[K,\n'}
[2.473446] (sllidar_ros2) StderrLine: {'line': b'                 from \x1b[01m\x1b[K/home/andres/Documents/Proyecto_G/LIDAR_prog_ws/src/src/sllidar_ros2/./sdk/include/rplidar.h:39\x1b[m\x1b[K,\n'}
[2.473628] (sllidar_ros2) StderrLine: {'line': b'                 from \x1b[01m\x1b[K/home/andres/Documents/Proyecto_G/LIDAR_prog_ws/src/src/sllidar_ros2/./sdk/src/sdkcommon.h:49\x1b[m\x1b[K,\n'}
[2.473767] (sllidar_ros2) StderrLine: {'line': b'                 from \x1b[01m\x1b[K/home/andres/Documents/Proyecto_G/LIDAR_prog_ws/src/src/sllidar_ros2/sdk/src/hal/thread.cpp:35\x1b[m\x1b[K:\n'}
[2.473890] (sllidar_ros2) StderrLine: {'line': b'\x1b[01m\x1b[K/home/andres/Documents/Proyecto_G/LIDAR_prog_ws/src/src/sllidar_ros2/./sdk/include/sl_lidar_protocol.h:66:16:\x1b[m\x1b[K \x1b[01;35m\x1b[Kwarning: \x1b[m\x1b[KISO C++ forbids zero-size array \xe2\x80\x98\x1b[01m\x1b[Kdata\x1b[m\x1b[K\xe2\x80\x99 [\x1b[01;35m\x1b[K\x1b]8;;https://gcc.gnu.org/onlinedocs/gcc/Warning-Options.html#index-Wpedantic\x07-Wpedantic\x1b]8;;\x07\x1b[m\x1b[K]\n'}
[2.475123] (sllidar_ros2) StderrLine: {'line': b'   66 |     sl_u8 data[\x1b[01;35m\x1b[K0\x1b[m\x1b[K];\n'}
[2.475330] (sllidar_ros2) StderrLine: {'line': b'      |                \x1b[01;35m\x1b[K^\x1b[m\x1b[K\n'}
[2.475441] (sllidar_ros2) StderrLine: {'line': b'In file included from \x1b[01m\x1b[K/home/andres/Documents/Proyecto_G/LIDAR_prog_ws/src/src/sllidar_ros2/./sdk/include/rplidar_cmd.h:36\x1b[m\x1b[K,\n'}
[2.475633] (sllidar_ros2) StderrLine: {'line': b'                 from \x1b[01m\x1b[K/home/andres/Documents/Proyecto_G/LIDAR_prog_ws/src/src/sllidar_ros2/./sdk/include/rplidar.h:40\x1b[m\x1b[K,\n'}
[2.475753] (sllidar_ros2) StderrLine: {'line': b'                 from \x1b[01m\x1b[K/home/andres/Documents/Proyecto_G/LIDAR_prog_ws/src/src/sllidar_ros2/./sdk/src/sdkcommon.h:49\x1b[m\x1b[K,\n'}
[2.475850] (sllidar_ros2) StderrLine: {'line': b'                 from \x1b[01m\x1b[K/home/andres/Documents/Proyecto_G/LIDAR_prog_ws/src/src/sllidar_ros2/sdk/src/hal/thread.cpp:35\x1b[m\x1b[K:\n'}
[2.475951] (sllidar_ros2) StderrLine: {'line': b'\x1b[01m\x1b[K/home/andres/Documents/Proyecto_G/LIDAR_prog_ws/src/src/sllidar_ros2/./sdk/include/sl_lidar_cmd.h:324:20:\x1b[m\x1b[K \x1b[01;35m\x1b[Kwarning: \x1b[m\x1b[KISO C++ forbids zero-size array \xe2\x80\x98\x1b[01m\x1b[Kpayload\x1b[m\x1b[K\xe2\x80\x99 [\x1b[01;35m\x1b[K\x1b]8;;https://gcc.gnu.org/onlinedocs/gcc/Warning-Options.html#index-Wpedantic\x07-Wpedantic\x1b]8;;\x07\x1b[m\x1b[K]\n'}
[2.476066] (sllidar_ros2) StderrLine: {'line': b'  324 |     sl_u8  payload[\x1b[01;35m\x1b[K0\x1b[m\x1b[K];\n'}
[2.476154] (sllidar_ros2) StderrLine: {'line': b'      |                    \x1b[01;35m\x1b[K^\x1b[m\x1b[K\n'}
[2.476240] (sllidar_ros2) StderrLine: {'line': b'In file included from \x1b[01m\x1b[K/home/andres/Documents/Proyecto_G/LIDAR_prog_ws/src/src/sllidar_ros2/./sdk/include/rplidar_protocol.h:36\x1b[m\x1b[K,\n'}
[2.476326] (sllidar_ros2) StderrLine: {'line': b'                 from \x1b[01m\x1b[K/home/andres/Documents/Proyecto_G/LIDAR_prog_ws/src/src/sllidar_ros2/./sdk/include/rplidar.h:39\x1b[m\x1b[K,\n'}
[2.476425] (sllidar_ros2) StderrLine: {'line': b'                 from \x1b[01m\x1b[K/home/andres/Documents/Proyecto_G/LIDAR_prog_ws/src/src/sllidar_ros2/sdk/src/sdkcommon.h:49\x1b[m\x1b[K,\n'}
[2.476517] (sllidar_ros2) StderrLine: {'line': b'                 from \x1b[01m\x1b[K/home/andres/Documents/Proyecto_G/LIDAR_prog_ws/src/src/sllidar_ros2/sdk/src/rplidar_driver.cpp:33\x1b[m\x1b[K:\n'}
[2.476607] (sllidar_ros2) StderrLine: {'line': b'\x1b[01m\x1b[K/home/andres/Documents/Proyecto_G/LIDAR_prog_ws/src/src/sllidar_ros2/./sdk/include/sl_lidar_protocol.h:66:16:\x1b[m\x1b[K \x1b[01;35m\x1b[Kwarning: \x1b[m\x1b[KISO C++ forbids zero-size array \xe2\x80\x98\x1b[01m\x1b[Kdata\x1b[m\x1b[K\xe2\x80\x99 [\x1b[01;35m\x1b[K\x1b]8;;https://gcc.gnu.org/onlinedocs/gcc/Warning-Options.html#index-Wpedantic\x07-Wpedantic\x1b]8;;\x07\x1b[m\x1b[K]\n'}
[2.476698] (sllidar_ros2) StderrLine: {'line': b'   66 |     sl_u8 data[\x1b[01;35m\x1b[K0\x1b[m\x1b[K];\n'}
[2.476790] (sllidar_ros2) StderrLine: {'line': b'      |                \x1b[01;35m\x1b[K^\x1b[m\x1b[K\n'}
[2.476876] (sllidar_ros2) StderrLine: {'line': b'In file included from \x1b[01m\x1b[K/home/andres/Documents/Proyecto_G/LIDAR_prog_ws/src/src/sllidar_ros2/./sdk/include/rplidar_protocol.h:36\x1b[m\x1b[K,\n'}
[2.476974] (sllidar_ros2) StderrLine: {'line': b'                 from \x1b[01m\x1b[K/home/andres/Documents/Proyecto_G/LIDAR_prog_ws/src/src/sllidar_ros2/./sdk/include/rplidar.h:39\x1b[m\x1b[K,\n'}
[2.477080] (sllidar_ros2) StderrLine: {'line': b'                 from \x1b[01m\x1b[K/home/andres/Documents/Proyecto_G/LIDAR_prog_ws/src/src/sllidar_ros2/sdk/src/sdkcommon.h:49\x1b[m\x1b[K,\n'}
[2.477168] (sllidar_ros2) StderrLine: {'line': b'                 from \x1b[01m\x1b[K/home/andres/Documents/Proyecto_G/LIDAR_prog_ws/src/src/sllidar_ros2/sdk/src/sl_async_transceiver.cpp:35\x1b[m\x1b[K:\n'}
[2.477269] (sllidar_ros2) StderrLine: {'line': b'\x1b[01m\x1b[K/home/andres/Documents/Proyecto_G/LIDAR_prog_ws/src/src/sllidar_ros2/./sdk/include/sl_lidar_protocol.h:66:16:\x1b[m\x1b[K \x1b[01;35m\x1b[Kwarning: \x1b[m\x1b[KISO C++ forbids zero-size array \xe2\x80\x98\x1b[01m\x1b[Kdata\x1b[m\x1b[K\xe2\x80\x99 [\x1b[01;35m\x1b[K\x1b]8;;https://gcc.gnu.org/onlinedocs/gcc/Warning-Options.html#index-Wpedantic\x07-Wpedantic\x1b]8;;\x07\x1b[m\x1b[K]\n'}
[2.477364] (sllidar_ros2) StderrLine: {'line': b'   66 |     sl_u8 data[\x1b[01;35m\x1b[K0\x1b[m\x1b[K];\n'}
[2.477449] (sllidar_ros2) StderrLine: {'line': b'      |                \x1b[01;35m\x1b[K^\x1b[m\x1b[K\n'}
[2.477533] (sllidar_ros2) StderrLine: {'line': b'In file included from \x1b[01m\x1b[K/home/andres/Documents/Proyecto_G/LIDAR_prog_ws/src/src/sllidar_ros2/./sdk/include/rplidar_cmd.h:36\x1b[m\x1b[K,\n'}
[2.477618] (sllidar_ros2) StderrLine: {'line': b'                 from \x1b[01m\x1b[K/home/andres/Documents/Proyecto_G/LIDAR_prog_ws/src/src/sllidar_ros2/./sdk/include/rplidar.h:40\x1b[m\x1b[K,\n'}
[2.477702] (sllidar_ros2) StderrLine: {'line': b'                 from \x1b[01m\x1b[K/home/andres/Documents/Proyecto_G/LIDAR_prog_ws/src/src/sllidar_ros2/sdk/src/sdkcommon.h:49\x1b[m\x1b[K,\n'}
[2.477784] (sllidar_ros2) StderrLine: {'line': b'                 from \x1b[01m\x1b[K/home/andres/Documents/Proyecto_G/LIDAR_prog_ws/src/src/sllidar_ros2/sdk/src/rplidar_driver.cpp:33\x1b[m\x1b[K:\n'}
[2.477869] (sllidar_ros2) StderrLine: {'line': b'\x1b[01m\x1b[K/home/andres/Documents/Proyecto_G/LIDAR_prog_ws/src/src/sllidar_ros2/./sdk/include/sl_lidar_cmd.h:324:20:\x1b[m\x1b[K \x1b[01;35m\x1b[Kwarning: \x1b[m\x1b[KISO C++ forbids zero-size array \xe2\x80\x98\x1b[01m\x1b[Kpayload\x1b[m\x1b[K\xe2\x80\x99 [\x1b[01;35m\x1b[K\x1b]8;;https://gcc.gnu.org/onlinedocs/gcc/Warning-Options.html#index-Wpedantic\x07-Wpedantic\x1b]8;;\x07\x1b[m\x1b[K]\n'}
[2.477975] (sllidar_ros2) StderrLine: {'line': b'  324 |     sl_u8  payload[\x1b[01;35m\x1b[K0\x1b[m\x1b[K];\n'}
[2.478071] (sllidar_ros2) StderrLine: {'line': b'      |                    \x1b[01;35m\x1b[K^\x1b[m\x1b[K\n'}
[2.478167] (sllidar_ros2) StderrLine: {'line': b'In file included from \x1b[01m\x1b[K/home/andres/Documents/Proyecto_G/LIDAR_prog_ws/src/src/sllidar_ros2/./sdk/include/rplidar_cmd.h:36\x1b[m\x1b[K,\n'}
[2.478251] (sllidar_ros2) StderrLine: {'line': b'                 from \x1b[01m\x1b[K/home/andres/Documents/Proyecto_G/LIDAR_prog_ws/src/src/sllidar_ros2/./sdk/include/rplidar.h:40\x1b[m\x1b[K,\n'}
[2.478342] (sllidar_ros2) StderrLine: {'line': b'                 from \x1b[01m\x1b[K/home/andres/Documents/Proyecto_G/LIDAR_prog_ws/src/src/sllidar_ros2/sdk/src/sdkcommon.h:49\x1b[m\x1b[K,\n'}
[2.478427] (sllidar_ros2) StderrLine: {'line': b'                 from \x1b[01m\x1b[K/home/andres/Documents/Proyecto_G/LIDAR_prog_ws/src/src/sllidar_ros2/sdk/src/sl_async_transceiver.cpp:35\x1b[m\x1b[K:\n'}
[2.478512] (sllidar_ros2) StderrLine: {'line': b'\x1b[01m\x1b[K/home/andres/Documents/Proyecto_G/LIDAR_prog_ws/src/src/sllidar_ros2/./sdk/include/sl_lidar_cmd.h:324:20:\x1b[m\x1b[K \x1b[01;35m\x1b[Kwarning: \x1b[m\x1b[KISO C++ forbids zero-size array \xe2\x80\x98\x1b[01m\x1b[Kpayload\x1b[m\x1b[K\xe2\x80\x99 [\x1b[01;35m\x1b[K\x1b]8;;https://gcc.gnu.org/onlinedocs/gcc/Warning-Options.html#index-Wpedantic\x07-Wpedantic\x1b]8;;\x07\x1b[m\x1b[K]\n'}
[2.478601] (sllidar_ros2) StderrLine: {'line': b'  324 |     sl_u8  payload[\x1b[01;35m\x1b[K0\x1b[m\x1b[K];\n'}
[2.478682] (sllidar_ros2) StderrLine: {'line': b'      |                    \x1b[01;35m\x1b[K^\x1b[m\x1b[K\n'}
[2.494052] (sllidar_ros2) StderrLine: {'line': b'In file included from \x1b[01m\x1b[K/home/andres/Documents/Proyecto_G/LIDAR_prog_ws/src/src/sllidar_ros2/./sdk/include/rplidar_protocol.h:36\x1b[m\x1b[K,\n'}
[2.494435] (sllidar_ros2) StderrLine: {'line': b'                 from \x1b[01m\x1b[K/home/andres/Documents/Proyecto_G/LIDAR_prog_ws/src/src/sllidar_ros2/./sdk/include/rplidar.h:39\x1b[m\x1b[K,\n'}
[2.494598] (sllidar_ros2) StderrLine: {'line': b'                 from \x1b[01m\x1b[K/home/andres/Documents/Proyecto_G/LIDAR_prog_ws/src/src/sllidar_ros2/./sdk/src/sdkcommon.h:49\x1b[m\x1b[K,\n'}
[2.494727] (sllidar_ros2) StderrLine: {'line': b'                 from \x1b[01m\x1b[K/home/andres/Documents/Proyecto_G/LIDAR_prog_ws/src/src/sllidar_ros2/sdk/src/dataunpacker/dataunnpacker_commondef.h:41\x1b[m\x1b[K,\n'}
[2.494839] (sllidar_ros2) StderrLine: {'line': b'                 from \x1b[01m\x1b[K/home/andres/Documents/Proyecto_G/LIDAR_prog_ws/src/src/sllidar_ros2/sdk/src/dataunpacker/dataunpacker.cpp:39\x1b[m\x1b[K:\n'}
[2.494952] (sllidar_ros2) StderrLine: {'line': b'\x1b[01m\x1b[K/home/andres/Documents/Proyecto_G/LIDAR_prog_ws/src/src/sllidar_ros2/./sdk/include/sl_lidar_protocol.h:66:16:\x1b[m\x1b[K \x1b[01;35m\x1b[Kwarning: \x1b[m\x1b[KISO C++ forbids zero-size array \xe2\x80\x98\x1b[01m\x1b[Kdata\x1b[m\x1b[K\xe2\x80\x99 [\x1b[01;35m\x1b[K\x1b]8;;https://gcc.gnu.org/onlinedocs/gcc/Warning-Options.html#index-Wpedantic\x07-Wpedantic\x1b]8;;\x07\x1b[m\x1b[K]\n'}
[2.495075] (sllidar_ros2) StderrLine: {'line': b'   66 |     sl_u8 data[\x1b[01;35m\x1b[K0\x1b[m\x1b[K];\n'}
[2.495168] (sllidar_ros2) StderrLine: {'line': b'      |                \x1b[01;35m\x1b[K^\x1b[m\x1b[K\n'}
[2.495257] (sllidar_ros2) StderrLine: {'line': b'In file included from \x1b[01m\x1b[K/home/andres/Documents/Proyecto_G/LIDAR_prog_ws/src/src/sllidar_ros2/./sdk/include/rplidar_cmd.h:36\x1b[m\x1b[K,\n'}
[2.495349] (sllidar_ros2) StderrLine: {'line': b'                 from \x1b[01m\x1b[K/home/andres/Documents/Proyecto_G/LIDAR_prog_ws/src/src/sllidar_ros2/./sdk/include/rplidar.h:40\x1b[m\x1b[K,\n'}
[2.495434] (sllidar_ros2) StderrLine: {'line': b'                 from \x1b[01m\x1b[K/home/andres/Documents/Proyecto_G/LIDAR_prog_ws/src/src/sllidar_ros2/./sdk/src/sdkcommon.h:49\x1b[m\x1b[K,\n'}
[2.495543] (sllidar_ros2) StderrLine: {'line': b'                 from \x1b[01m\x1b[K/home/andres/Documents/Proyecto_G/LIDAR_prog_ws/src/src/sllidar_ros2/sdk/src/dataunpacker/dataunnpacker_commondef.h:41\x1b[m\x1b[K,\n'}
[2.495635] (sllidar_ros2) StderrLine: {'line': b'                 from \x1b[01m\x1b[K/home/andres/Documents/Proyecto_G/LIDAR_prog_ws/src/src/sllidar_ros2/sdk/src/dataunpacker/dataunpacker.cpp:39\x1b[m\x1b[K:\n'}
[2.495730] (sllidar_ros2) StderrLine: {'line': b'\x1b[01m\x1b[K/home/andres/Documents/Proyecto_G/LIDAR_prog_ws/src/src/sllidar_ros2/./sdk/include/sl_lidar_cmd.h:324:20:\x1b[m\x1b[K \x1b[01;35m\x1b[Kwarning: \x1b[m\x1b[KISO C++ forbids zero-size array \xe2\x80\x98\x1b[01m\x1b[Kpayload\x1b[m\x1b[K\xe2\x80\x99 [\x1b[01;35m\x1b[K\x1b]8;;https://gcc.gnu.org/onlinedocs/gcc/Warning-Options.html#index-Wpedantic\x07-Wpedantic\x1b]8;;\x07\x1b[m\x1b[K]\n'}
[2.495827] (sllidar_ros2) StderrLine: {'line': b'  324 |     sl_u8  payload[\x1b[01;35m\x1b[K0\x1b[m\x1b[K];\n'}
[2.495912] (sllidar_ros2) StderrLine: {'line': b'      |                    \x1b[01;35m\x1b[K^\x1b[m\x1b[K\n'}
[2.503009] (sllidar_ros2) StderrLine: {'line': b'In file included from \x1b[01m\x1b[K/home/andres/Documents/Proyecto_G/LIDAR_prog_ws/src/src/sllidar_ros2/./sdk/include/rplidar_protocol.h:36\x1b[m\x1b[K,\n'}
[2.503328] (sllidar_ros2) StderrLine: {'line': b'                 from \x1b[01m\x1b[K/home/andres/Documents/Proyecto_G/LIDAR_prog_ws/src/src/sllidar_ros2/./sdk/include/rplidar.h:39\x1b[m\x1b[K,\n'}
[2.503490] (sllidar_ros2) StderrLine: {'line': b'                 from \x1b[01m\x1b[K/home/andres/Documents/Proyecto_G/LIDAR_prog_ws/src/src/sllidar_ros2/./sdk/src/sdkcommon.h:49\x1b[m\x1b[K,\n'}
[2.503606] (sllidar_ros2) StderrLine: {'line': b'                 from \x1b[01m\x1b[K/home/andres/Documents/Proyecto_G/LIDAR_prog_ws/src/src/sllidar_ros2/sdk/src/dataunpacker/unpacker/../dataunnpacker_commondef.h:41\x1b[m\x1b[K,\n'}
[2.503705] (sllidar_ros2) StderrLine: {'line': b'                 from \x1b[01m\x1b[K/home/andres/Documents/Proyecto_G/LIDAR_prog_ws/src/src/sllidar_ros2/sdk/src/dataunpacker/unpacker/handler_normalnode.cpp:39\x1b[m\x1b[K:\n'}
[2.503804] (sllidar_ros2) StderrLine: {'line': b'\x1b[01m\x1b[K/home/andres/Documents/Proyecto_G/LIDAR_prog_ws/src/src/sllidar_ros2/./sdk/include/sl_lidar_protocol.h:66:16:\x1b[m\x1b[K \x1b[01;35m\x1b[Kwarning: \x1b[m\x1b[KISO C++ forbids zero-size array \xe2\x80\x98\x1b[01m\x1b[Kdata\x1b[m\x1b[K\xe2\x80\x99 [\x1b[01;35m\x1b[K\x1b]8;;https://gcc.gnu.org/onlinedocs/gcc/Warning-Options.html#index-Wpedantic\x07-Wpedantic\x1b]8;;\x07\x1b[m\x1b[K]\n'}
[2.503925] (sllidar_ros2) StderrLine: {'line': b'   66 |     sl_u8 data[\x1b[01;35m\x1b[K0\x1b[m\x1b[K];\n'}
[2.504049] (sllidar_ros2) StderrLine: {'line': b'      |                \x1b[01;35m\x1b[K^\x1b[m\x1b[K\n'}
[2.504141] (sllidar_ros2) StderrLine: {'line': b'In file included from \x1b[01m\x1b[K/home/andres/Documents/Proyecto_G/LIDAR_prog_ws/src/src/sllidar_ros2/./sdk/include/rplidar_cmd.h:36\x1b[m\x1b[K,\n'}
[2.504228] (sllidar_ros2) StderrLine: {'line': b'                 from \x1b[01m\x1b[K/home/andres/Documents/Proyecto_G/LIDAR_prog_ws/src/src/sllidar_ros2/./sdk/include/rplidar.h:40\x1b[m\x1b[K,\n'}
[2.504312] (sllidar_ros2) StderrLine: {'line': b'                 from \x1b[01m\x1b[K/home/andres/Documents/Proyecto_G/LIDAR_prog_ws/src/src/sllidar_ros2/./sdk/src/sdkcommon.h:49\x1b[m\x1b[K,\n'}
[2.504398] (sllidar_ros2) StderrLine: {'line': b'                 from \x1b[01m\x1b[K/home/andres/Documents/Proyecto_G/LIDAR_prog_ws/src/src/sllidar_ros2/sdk/src/dataunpacker/unpacker/../dataunnpacker_commondef.h:41\x1b[m\x1b[K,\n'}
[2.504482] (sllidar_ros2) StderrLine: {'line': b'                 from \x1b[01m\x1b[K/home/andres/Documents/Proyecto_G/LIDAR_prog_ws/src/src/sllidar_ros2/sdk/src/dataunpacker/unpacker/handler_normalnode.cpp:39\x1b[m\x1b[K:\n'}
[2.504569] (sllidar_ros2) StderrLine: {'line': b'\x1b[01m\x1b[K/home/andres/Documents/Proyecto_G/LIDAR_prog_ws/src/src/sllidar_ros2/./sdk/include/sl_lidar_cmd.h:324:20:\x1b[m\x1b[K \x1b[01;35m\x1b[Kwarning: \x1b[m\x1b[KISO C++ forbids zero-size array \xe2\x80\x98\x1b[01m\x1b[Kpayload\x1b[m\x1b[K\xe2\x80\x99 [\x1b[01;35m\x1b[K\x1b]8;;https://gcc.gnu.org/onlinedocs/gcc/Warning-Options.html#index-Wpedantic\x07-Wpedantic\x1b]8;;\x07\x1b[m\x1b[K]\n'}
[2.504659] (sllidar_ros2) StderrLine: {'line': b'  324 |     sl_u8  payload[\x1b[01;35m\x1b[K0\x1b[m\x1b[K];\n'}
[2.504755] (sllidar_ros2) StderrLine: {'line': b'      |                    \x1b[01;35m\x1b[K^\x1b[m\x1b[K\n'}
[2.508070] (-) TimerEvent: {}
[2.516721] (sllidar_ros2) StderrLine: {'line': b'In file included from \x1b[01m\x1b[K/home/andres/Documents/Proyecto_G/LIDAR_prog_ws/src/src/sllidar_ros2/./sdk/include/rplidar_protocol.h:36\x1b[m\x1b[K,\n'}
[2.517147] (sllidar_ros2) StderrLine: {'line': b'                 from \x1b[01m\x1b[K/home/andres/Documents/Proyecto_G/LIDAR_prog_ws/src/src/sllidar_ros2/./sdk/include/rplidar.h:39\x1b[m\x1b[K,\n'}
[2.517313] (sllidar_ros2) StderrLine: {'line': b'                 from \x1b[01m\x1b[K/home/andres/Documents/Proyecto_G/LIDAR_prog_ws/src/src/sllidar_ros2/./sdk/src/sdkcommon.h:49\x1b[m\x1b[K,\n'}
[2.517590] (sllidar_ros2) StderrLine: {'line': b'                 from \x1b[01m\x1b[K/home/andres/Documents/Proyecto_G/LIDAR_prog_ws/src/src/sllidar_ros2/sdk/src/dataunpacker/unpacker/../dataunnpacker_commondef.h:41\x1b[m\x1b[K,\n'}
[2.517714] (sllidar_ros2) StderrLine: {'line': b'                 from \x1b[01m\x1b[K/home/andres/Documents/Proyecto_G/LIDAR_prog_ws/src/src/sllidar_ros2/sdk/src/dataunpacker/unpacker/handler_hqnode.cpp:39\x1b[m\x1b[K:\n'}
[2.517817] (sllidar_ros2) StderrLine: {'line': b'\x1b[01m\x1b[K/home/andres/Documents/Proyecto_G/LIDAR_prog_ws/src/src/sllidar_ros2/./sdk/include/sl_lidar_protocol.h:66:16:\x1b[m\x1b[K \x1b[01;35m\x1b[Kwarning: \x1b[m\x1b[KISO C++ forbids zero-size array \xe2\x80\x98\x1b[01m\x1b[Kdata\x1b[m\x1b[K\xe2\x80\x99 [\x1b[01;35m\x1b[K\x1b]8;;https://gcc.gnu.org/onlinedocs/gcc/Warning-Options.html#index-Wpedantic\x07-Wpedantic\x1b]8;;\x07\x1b[m\x1b[K]\n'}
[2.517944] (sllidar_ros2) StderrLine: {'line': b'   66 |     sl_u8 data[\x1b[01;35m\x1b[K0\x1b[m\x1b[K];\n'}
[2.518051] (sllidar_ros2) StderrLine: {'line': b'      |                \x1b[01;35m\x1b[K^\x1b[m\x1b[K\n'}
[2.518141] (sllidar_ros2) StderrLine: {'line': b'In file included from \x1b[01m\x1b[K/home/andres/Documents/Proyecto_G/LIDAR_prog_ws/src/src/sllidar_ros2/./sdk/include/rplidar_protocol.h:36\x1b[m\x1b[K,\n'}
[2.518244] (sllidar_ros2) StderrLine: {'line': b'                 from \x1b[01m\x1b[K/home/andres/Documents/Proyecto_G/LIDAR_prog_ws/src/src/sllidar_ros2/./sdk/include/rplidar.h:39\x1b[m\x1b[K,\n'}
[2.518509] (sllidar_ros2) StderrLine: {'line': b'                 from \x1b[01m\x1b[K/home/andres/Documents/Proyecto_G/LIDAR_prog_ws/src/src/sllidar_ros2/./sdk/src/sdkcommon.h:49\x1b[m\x1b[K,\n'}
[2.518601] (sllidar_ros2) StderrLine: {'line': b'                 from \x1b[01m\x1b[K/home/andres/Documents/Proyecto_G/LIDAR_prog_ws/src/src/sllidar_ros2/sdk/src/arch/linux/net_socket.cpp:10\x1b[m\x1b[K:\n'}
[2.518687] (sllidar_ros2) StderrLine: {'line': b'\x1b[01m\x1b[K/home/andres/Documents/Proyecto_G/LIDAR_prog_ws/src/src/sllidar_ros2/./sdk/include/sl_lidar_protocol.h:66:16:\x1b[m\x1b[K \x1b[01;35m\x1b[Kwarning: \x1b[m\x1b[KISO C++ forbids zero-size array \xe2\x80\x98\x1b[01m\x1b[Kdata\x1b[m\x1b[K\xe2\x80\x99 [\x1b[01;35m\x1b[K\x1b]8;;https://gcc.gnu.org/onlinedocs/gcc/Warning-Options.html#index-Wpedantic\x07-Wpedantic\x1b]8;;\x07\x1b[m\x1b[K]\n'}
[2.518783] (sllidar_ros2) StderrLine: {'line': b'   66 |     sl_u8 data[\x1b[01;35m\x1b[K0\x1b[m\x1b[K];\n'}
[2.518874] (sllidar_ros2) StderrLine: {'line': b'      |                \x1b[01;35m\x1b[K^\x1b[m\x1b[K\n'}
[2.518973] (sllidar_ros2) StderrLine: {'line': b'In file included from \x1b[01m\x1b[K/home/andres/Documents/Proyecto_G/LIDAR_prog_ws/src/src/sllidar_ros2/./sdk/include/rplidar_cmd.h:36\x1b[m\x1b[K,\n'}
[2.519073] (sllidar_ros2) StderrLine: {'line': b'                 from \x1b[01m\x1b[K/home/andres/Documents/Proyecto_G/LIDAR_prog_ws/src/src/sllidar_ros2/./sdk/include/rplidar.h:40\x1b[m\x1b[K,\n'}
[2.519157] (sllidar_ros2) StderrLine: {'line': b'                 from \x1b[01m\x1b[K/home/andres/Documents/Proyecto_G/LIDAR_prog_ws/src/src/sllidar_ros2/./sdk/src/sdkcommon.h:49\x1b[m\x1b[K,\n'}
[2.519257] (sllidar_ros2) StderrLine: {'line': b'                 from \x1b[01m\x1b[K/home/andres/Documents/Proyecto_G/LIDAR_prog_ws/src/src/sllidar_ros2/sdk/src/dataunpacker/unpacker/../dataunnpacker_commondef.h:41\x1b[m\x1b[K,\n'}
[2.519351] (sllidar_ros2) StderrLine: {'line': b'                 from \x1b[01m\x1b[K/home/andres/Documents/Proyecto_G/LIDAR_prog_ws/src/src/sllidar_ros2/sdk/src/dataunpacker/unpacker/handler_hqnode.cpp:39\x1b[m\x1b[K:\n'}
[2.519437] (sllidar_ros2) StderrLine: {'line': b'\x1b[01m\x1b[K/home/andres/Documents/Proyecto_G/LIDAR_prog_ws/src/src/sllidar_ros2/./sdk/include/sl_lidar_cmd.h:324:20:\x1b[m\x1b[K \x1b[01;35m\x1b[Kwarning: \x1b[m\x1b[KISO C++ forbids zero-size array \xe2\x80\x98\x1b[01m\x1b[Kpayload\x1b[m\x1b[K\xe2\x80\x99 [\x1b[01;35m\x1b[K\x1b]8;;https://gcc.gnu.org/onlinedocs/gcc/Warning-Options.html#index-Wpedantic\x07-Wpedantic\x1b]8;;\x07\x1b[m\x1b[K]\n'}
[2.519523] (sllidar_ros2) StderrLine: {'line': b'  324 |     sl_u8  payload[\x1b[01;35m\x1b[K0\x1b[m\x1b[K];\n'}
[2.519606] (sllidar_ros2) StderrLine: {'line': b'      |                    \x1b[01;35m\x1b[K^\x1b[m\x1b[K\n'}
[2.524014] (sllidar_ros2) StderrLine: {'line': b'In file included from \x1b[01m\x1b[K/home/andres/Documents/Proyecto_G/LIDAR_prog_ws/src/src/sllidar_ros2/./sdk/include/rplidar_cmd.h:36\x1b[m\x1b[K,\n'}
[2.524327] (sllidar_ros2) StderrLine: {'line': b'                 from \x1b[01m\x1b[K/home/andres/Documents/Proyecto_G/LIDAR_prog_ws/src/src/sllidar_ros2/./sdk/include/rplidar.h:40\x1b[m\x1b[K,\n'}
[2.524471] (sllidar_ros2) StderrLine: {'line': b'                 from \x1b[01m\x1b[K/home/andres/Documents/Proyecto_G/LIDAR_prog_ws/src/src/sllidar_ros2/./sdk/src/sdkcommon.h:49\x1b[m\x1b[K,\n'}
[2.524578] (sllidar_ros2) StderrLine: {'line': b'                 from \x1b[01m\x1b[K/home/andres/Documents/Proyecto_G/LIDAR_prog_ws/src/src/sllidar_ros2/sdk/src/arch/linux/net_socket.cpp:10\x1b[m\x1b[K:\n'}
[2.524676] (sllidar_ros2) StderrLine: {'line': b'\x1b[01m\x1b[K/home/andres/Documents/Proyecto_G/LIDAR_prog_ws/src/src/sllidar_ros2/./sdk/include/sl_lidar_cmd.h:324:20:\x1b[m\x1b[K \x1b[01;35m\x1b[Kwarning: \x1b[m\x1b[KISO C++ forbids zero-size array \xe2\x80\x98\x1b[01m\x1b[Kpayload\x1b[m\x1b[K\xe2\x80\x99 [\x1b[01;35m\x1b[K\x1b]8;;https://gcc.gnu.org/onlinedocs/gcc/Warning-Options.html#index-Wpedantic\x07-Wpedantic\x1b]8;;\x07\x1b[m\x1b[K]\n'}
[2.524773] (sllidar_ros2) StderrLine: {'line': b'  324 |     sl_u8  payload[\x1b[01;35m\x1b[K0\x1b[m\x1b[K];\n'}
[2.524868] (sllidar_ros2) StderrLine: {'line': b'      |                    \x1b[01;35m\x1b[K^\x1b[m\x1b[K\n'}
[2.539629] (sllidar_ros2) StderrLine: {'line': b'In file included from \x1b[01m\x1b[K/home/andres/Documents/Proyecto_G/LIDAR_prog_ws/src/src/sllidar_ros2/./sdk/include/rplidar_protocol.h:36\x1b[m\x1b[K,\n'}
[2.539968] (sllidar_ros2) StderrLine: {'line': b'                 from \x1b[01m\x1b[K/home/andres/Documents/Proyecto_G/LIDAR_prog_ws/src/src/sllidar_ros2/./sdk/include/rplidar.h:39\x1b[m\x1b[K,\n'}
[2.540150] (sllidar_ros2) StderrLine: {'line': b'                 from \x1b[01m\x1b[K/home/andres/Documents/Proyecto_G/LIDAR_prog_ws/src/src/sllidar_ros2/sdk/src/sdkcommon.h:49\x1b[m\x1b[K,\n'}
[2.540298] (sllidar_ros2) StderrLine: {'line': b'                 from \x1b[01m\x1b[K/home/andres/Documents/Proyecto_G/LIDAR_prog_ws/src/src/sllidar_ros2/sdk/src/sl_lidarprotocol_codec.cpp:35\x1b[m\x1b[K:\n'}
[2.540427] (sllidar_ros2) StderrLine: {'line': b'\x1b[01m\x1b[K/home/andres/Documents/Proyecto_G/LIDAR_prog_ws/src/src/sllidar_ros2/./sdk/include/sl_lidar_protocol.h:66:16:\x1b[m\x1b[K \x1b[01;35m\x1b[Kwarning: \x1b[m\x1b[KISO C++ forbids zero-size array \xe2\x80\x98\x1b[01m\x1b[Kdata\x1b[m\x1b[K\xe2\x80\x99 [\x1b[01;35m\x1b[K\x1b]8;;https://gcc.gnu.org/onlinedocs/gcc/Warning-Options.html#index-Wpedantic\x07-Wpedantic\x1b]8;;\x07\x1b[m\x1b[K]\n'}
[2.540561] (sllidar_ros2) StderrLine: {'line': b'   66 |     sl_u8 data[\x1b[01;35m\x1b[K0\x1b[m\x1b[K];\n'}
[2.540674] (sllidar_ros2) StderrLine: {'line': b'      |                \x1b[01;35m\x1b[K^\x1b[m\x1b[K\n'}
[2.540883] (sllidar_ros2) StderrLine: {'line': b'In file included from \x1b[01m\x1b[K/home/andres/Documents/Proyecto_G/LIDAR_prog_ws/src/src/sllidar_ros2/./sdk/include/rplidar_cmd.h:36\x1b[m\x1b[K,\n'}
[2.541085] (sllidar_ros2) StderrLine: {'line': b'                 from \x1b[01m\x1b[K/home/andres/Documents/Proyecto_G/LIDAR_prog_ws/src/src/sllidar_ros2/./sdk/include/rplidar.h:40\x1b[m\x1b[K,\n'}
[2.541195] (sllidar_ros2) StderrLine: {'line': b'                 from \x1b[01m\x1b[K/home/andres/Documents/Proyecto_G/LIDAR_prog_ws/src/src/sllidar_ros2/sdk/src/sdkcommon.h:49\x1b[m\x1b[K,\n'}
[2.541289] (sllidar_ros2) StderrLine: {'line': b'                 from \x1b[01m\x1b[K/home/andres/Documents/Proyecto_G/LIDAR_prog_ws/src/src/sllidar_ros2/sdk/src/sl_lidarprotocol_codec.cpp:35\x1b[m\x1b[K:\n'}
[2.541379] (sllidar_ros2) StderrLine: {'line': b'\x1b[01m\x1b[K/home/andres/Documents/Proyecto_G/LIDAR_prog_ws/src/src/sllidar_ros2/./sdk/include/sl_lidar_cmd.h:324:20:\x1b[m\x1b[K \x1b[01;35m\x1b[Kwarning: \x1b[m\x1b[KISO C++ forbids zero-size array \xe2\x80\x98\x1b[01m\x1b[Kpayload\x1b[m\x1b[K\xe2\x80\x99 [\x1b[01;35m\x1b[K\x1b]8;;https://gcc.gnu.org/onlinedocs/gcc/Warning-Options.html#index-Wpedantic\x07-Wpedantic\x1b]8;;\x07\x1b[m\x1b[K]\n'}
[2.541472] (sllidar_ros2) StderrLine: {'line': b'  324 |     sl_u8  payload[\x1b[01;35m\x1b[K0\x1b[m\x1b[K];\n'}
[2.541560] (sllidar_ros2) StderrLine: {'line': b'      |                    \x1b[01;35m\x1b[K^\x1b[m\x1b[K\n'}
[2.548016] (sllidar_ros2) StderrLine: {'line': b'In file included from \x1b[01m\x1b[K/home/andres/Documents/Proyecto_G/LIDAR_prog_ws/src/src/sllidar_ros2/./sdk/include/rplidar_protocol.h:36\x1b[m\x1b[K,\n'}
[2.548355] (sllidar_ros2) StderrLine: {'line': b'                 from \x1b[01m\x1b[K/home/andres/Documents/Proyecto_G/LIDAR_prog_ws/src/src/sllidar_ros2/./sdk/include/rplidar.h:39\x1b[m\x1b[K,\n'}
[2.548528] (sllidar_ros2) StderrLine: {'line': b'                 from \x1b[01m\x1b[K/home/andres/Documents/Proyecto_G/LIDAR_prog_ws/src/src/sllidar_ros2/./sdk/src/sdkcommon.h:49\x1b[m\x1b[K,\n'}
[2.548653] (sllidar_ros2) StderrLine: {'line': b'                 from \x1b[01m\x1b[K/home/andres/Documents/Proyecto_G/LIDAR_prog_ws/src/src/sllidar_ros2/sdk/src/dataunpacker/unpacker/../dataunnpacker_commondef.h:41\x1b[m\x1b[K,\n'}
[2.548774] (sllidar_ros2) StderrLine: {'line': b'                 from \x1b[01m\x1b[K/home/andres/Documents/Proyecto_G/LIDAR_prog_ws/src/src/sllidar_ros2/sdk/src/dataunpacker/unpacker/handler_capsules.cpp:39\x1b[m\x1b[K:\n'}
[2.548881] (sllidar_ros2) StderrLine: {'line': b'\x1b[01m\x1b[K/home/andres/Documents/Proyecto_G/LIDAR_prog_ws/src/src/sllidar_ros2/./sdk/include/sl_lidar_protocol.h:66:16:\x1b[m\x1b[K \x1b[01;35m\x1b[Kwarning: \x1b[m\x1b[KISO C++ forbids zero-size array \xe2\x80\x98\x1b[01m\x1b[Kdata\x1b[m\x1b[K\xe2\x80\x99 [\x1b[01;35m\x1b[K\x1b]8;;https://gcc.gnu.org/onlinedocs/gcc/Warning-Options.html#index-Wpedantic\x07-Wpedantic\x1b]8;;\x07\x1b[m\x1b[K]\n'}
[2.549009] (sllidar_ros2) StderrLine: {'line': b'   66 |     sl_u8 data[\x1b[01;35m\x1b[K0\x1b[m\x1b[K];\n'}
[2.549103] (sllidar_ros2) StderrLine: {'line': b'      |                \x1b[01;35m\x1b[K^\x1b[m\x1b[K\n'}
[2.549189] (sllidar_ros2) StderrLine: {'line': b'In file included from \x1b[01m\x1b[K/home/andres/Documents/Proyecto_G/LIDAR_prog_ws/src/src/sllidar_ros2/./sdk/include/rplidar_cmd.h:36\x1b[m\x1b[K,\n'}
[2.549277] (sllidar_ros2) StderrLine: {'line': b'                 from \x1b[01m\x1b[K/home/andres/Documents/Proyecto_G/LIDAR_prog_ws/src/src/sllidar_ros2/./sdk/include/rplidar.h:40\x1b[m\x1b[K,\n'}
[2.549361] (sllidar_ros2) StderrLine: {'line': b'                 from \x1b[01m\x1b[K/home/andres/Documents/Proyecto_G/LIDAR_prog_ws/src/src/sllidar_ros2/./sdk/src/sdkcommon.h:49\x1b[m\x1b[K,\n'}
[2.549444] (sllidar_ros2) StderrLine: {'line': b'                 from \x1b[01m\x1b[K/home/andres/Documents/Proyecto_G/LIDAR_prog_ws/src/src/sllidar_ros2/sdk/src/dataunpacker/unpacker/../dataunnpacker_commondef.h:41\x1b[m\x1b[K,\n'}
[2.549527] (sllidar_ros2) StderrLine: {'line': b'                 from \x1b[01m\x1b[K/home/andres/Documents/Proyecto_G/LIDAR_prog_ws/src/src/sllidar_ros2/sdk/src/dataunpacker/unpacker/handler_capsules.cpp:39\x1b[m\x1b[K:\n'}
[2.553201] (sllidar_ros2) StderrLine: {'line': b'\x1b[01m\x1b[K/home/andres/Documents/Proyecto_G/LIDAR_prog_ws/src/src/sllidar_ros2/./sdk/include/sl_lidar_cmd.h:324:20:\x1b[m\x1b[K \x1b[01;35m\x1b[Kwarning: \x1b[m\x1b[KISO C++ forbids zero-size array \xe2\x80\x98\x1b[01m\x1b[Kpayload\x1b[m\x1b[K\xe2\x80\x99 [\x1b[01;35m\x1b[K\x1b]8;;https://gcc.gnu.org/onlinedocs/gcc/Warning-Options.html#index-Wpedantic\x07-Wpedantic\x1b]8;;\x07\x1b[m\x1b[K]\n'}
[2.553480] (sllidar_ros2) StderrLine: {'line': b'  324 |     sl_u8  payload[\x1b[01;35m\x1b[K0\x1b[m\x1b[K];\n'}
[2.553652] (sllidar_ros2) StderrLine: {'line': b'      |                    \x1b[01;35m\x1b[K^\x1b[m\x1b[K\n'}
[2.553794] (sllidar_ros2) StderrLine: {'line': b'In file included from \x1b[01m\x1b[K/home/andres/Documents/Proyecto_G/LIDAR_prog_ws/src/src/sllidar_ros2/sdk/src/hal/thread.cpp:43\x1b[m\x1b[K:\n'}
[2.553944] (sllidar_ros2) StderrLine: {'line': b'\x1b[01m\x1b[K/home/andres/Documents/Proyecto_G/LIDAR_prog_ws/src/src/sllidar_ros2/./sdk/src/arch/linux/thread.hpp:\x1b[m\x1b[K In static member function \xe2\x80\x98\x1b[01m\x1b[Kstatic rp::hal::Thread rp::hal::Thread::create(thread_proc_t, void*)\x1b[m\x1b[K\xe2\x80\x99:\n'}
[2.554113] (sllidar_ros2) StderrLine: {'line': b'\x1b[01m\x1b[K/home/andres/Documents/Proyecto_G/LIDAR_prog_ws/src/src/sllidar_ros2/./sdk/src/arch/linux/thread.hpp:52:57:\x1b[m\x1b[K \x1b[01;35m\x1b[Kwarning: \x1b[m\x1b[Kcast between incompatible function types from \xe2\x80\x98\x1b[01m\x1b[Kthread_proc_t\x1b[m\x1b[K\xe2\x80\x99 {aka \xe2\x80\x98\x1b[01m\x1b[Klong unsigned int (*)(void*)\x1b[m\x1b[K\xe2\x80\x99} to \xe2\x80\x98\x1b[01m\x1b[Kvoid* (*)(void*)\x1b[m\x1b[K\xe2\x80\x99 [\x1b[01;35m\x1b[K\x1b]8;;https://gcc.gnu.org/onlinedocs/gcc/Warning-Options.html#index-Wcast-function-type\x07-Wcast-function-type\x1b]8;;\x07\x1b[m\x1b[K]\n'}
[2.554257] (sllidar_ros2) StderrLine: {'line': b'   52 |     pthread_create((pthread_t *)&newborn._handle, NULL, \x1b[01;35m\x1b[K(void * (*)(void *))proc\x1b[m\x1b[K, data);\n'}
[2.554404] (sllidar_ros2) StderrLine: {'line': b'      |                                                         \x1b[01;35m\x1b[K^~~~~~~~~~~~~~~~~~~~~~~~\x1b[m\x1b[K\n'}
[2.554520] (sllidar_ros2) StderrLine: {'line': b'In file included from \x1b[01m\x1b[K/home/andres/Documents/Proyecto_G/LIDAR_prog_ws/src/src/sllidar_ros2/./sdk/include/rplidar_protocol.h:36\x1b[m\x1b[K,\n'}
[2.554655] (sllidar_ros2) StderrLine: {'line': b'                 from \x1b[01m\x1b[K/home/andres/Documents/Proyecto_G/LIDAR_prog_ws/src/src/sllidar_ros2/./sdk/include/rplidar.h:39\x1b[m\x1b[K,\n'}
[2.554777] (sllidar_ros2) StderrLine: {'line': b'                 from \x1b[01m\x1b[K/home/andres/Documents/Proyecto_G/LIDAR_prog_ws/src/src/sllidar_ros2/sdk/src/sdkcommon.h:49\x1b[m\x1b[K,\n'}
[2.554895] (sllidar_ros2) StderrLine: {'line': b'                 from \x1b[01m\x1b[K/home/andres/Documents/Proyecto_G/LIDAR_prog_ws/src/src/sllidar_ros2/sdk/src/sl_lidar_driver.cpp:33\x1b[m\x1b[K:\n'}
[2.555030] (sllidar_ros2) StderrLine: {'line': b'\x1b[01m\x1b[K/home/andres/Documents/Proyecto_G/LIDAR_prog_ws/src/src/sllidar_ros2/./sdk/include/sl_lidar_protocol.h:66:16:\x1b[m\x1b[K \x1b[01;35m\x1b[Kwarning: \x1b[m\x1b[KISO C++ forbids zero-size array \xe2\x80\x98\x1b[01m\x1b[Kdata\x1b[m\x1b[K\xe2\x80\x99 [\x1b[01;35m\x1b[K\x1b]8;;https://gcc.gnu.org/onlinedocs/gcc/Warning-Options.html#index-Wpedantic\x07-Wpedantic\x1b]8;;\x07\x1b[m\x1b[K]\n'}
[2.555170] (sllidar_ros2) StderrLine: {'line': b'   66 |     sl_u8 data[\x1b[01;35m\x1b[K0\x1b[m\x1b[K];\n'}
[2.555279] (sllidar_ros2) StderrLine: {'line': b'      |                \x1b[01;35m\x1b[K^\x1b[m\x1b[K\n'}
[2.555391] (sllidar_ros2) StderrLine: {'line': b'\x1b[01m\x1b[K/home/andres/Documents/Proyecto_G/LIDAR_prog_ws/src/src/sllidar_ros2/./sdk/src/arch/linux/thread.hpp:\x1b[m\x1b[K In member function \xe2\x80\x98\x1b[01m\x1b[Ku_result rp::hal::Thread::join(long unsigned int)\x1b[m\x1b[K\xe2\x80\x99:\n'}
[2.555511] (sllidar_ros2) StderrLine: {'line': b'\x1b[01m\x1b[K/home/andres/Documents/Proyecto_G/LIDAR_prog_ws/src/src/sllidar_ros2/./sdk/src/arch/linux/thread.hpp:176:37:\x1b[m\x1b[K \x1b[01;35m\x1b[Kwarning: \x1b[m\x1b[Kunused parameter \xe2\x80\x98\x1b[01m\x1b[Ktimeout\x1b[m\x1b[K\xe2\x80\x99 [\x1b[01;35m\x1b[K\x1b]8;;https://gcc.gnu.org/onlinedocs/gcc/Warning-Options.html#index-Wunused-parameter\x07-Wunused-parameter\x1b]8;;\x07\x1b[m\x1b[K]\n'}
[2.555647] (sllidar_ros2) StderrLine: {'line': b'  176 | u_result Thread::join(\x1b[01;35m\x1b[Kunsigned long timeout\x1b[m\x1b[K)\n'}
[2.555757] (sllidar_ros2) StderrLine: {'line': b'      |                       \x1b[01;35m\x1b[K~~~~~~~~~~~~~~^~~~~~~\x1b[m\x1b[K\n'}
[2.555872] (sllidar_ros2) StderrLine: {'line': b'In file included from \x1b[01m\x1b[K/home/andres/Documents/Proyecto_G/LIDAR_prog_ws/src/src/sllidar_ros2/./sdk/include/rplidar_cmd.h:36\x1b[m\x1b[K,\n'}
[2.556012] (sllidar_ros2) StderrLine: {'line': b'                 from \x1b[01m\x1b[K/home/andres/Documents/Proyecto_G/LIDAR_prog_ws/src/src/sllidar_ros2/./sdk/include/rplidar.h:40\x1b[m\x1b[K,\n'}
[2.556143] (sllidar_ros2) StderrLine: {'line': b'                 from \x1b[01m\x1b[K/home/andres/Documents/Proyecto_G/LIDAR_prog_ws/src/src/sllidar_ros2/sdk/src/sdkcommon.h:49\x1b[m\x1b[K,\n'}
[2.556258] (sllidar_ros2) StderrLine: {'line': b'                 from \x1b[01m\x1b[K/home/andres/Documents/Proyecto_G/LIDAR_prog_ws/src/src/sllidar_ros2/sdk/src/sl_lidar_driver.cpp:33\x1b[m\x1b[K:\n'}
[2.556372] (sllidar_ros2) StderrLine: {'line': b'\x1b[01m\x1b[K/home/andres/Documents/Proyecto_G/LIDAR_prog_ws/src/src/sllidar_ros2/./sdk/include/sl_lidar_cmd.h:324:20:\x1b[m\x1b[K \x1b[01;35m\x1b[Kwarning: \x1b[m\x1b[KISO C++ forbids zero-size array \xe2\x80\x98\x1b[01m\x1b[Kpayload\x1b[m\x1b[K\xe2\x80\x99 [\x1b[01;35m\x1b[K\x1b]8;;https://gcc.gnu.org/onlinedocs/gcc/Warning-Options.html#index-Wpedantic\x07-Wpedantic\x1b]8;;\x07\x1b[m\x1b[K]\n'}
[2.556491] (sllidar_ros2) StderrLine: {'line': b'  324 |     sl_u8  payload[\x1b[01;35m\x1b[K0\x1b[m\x1b[K];\n'}
[2.556607] (sllidar_ros2) StderrLine: {'line': b'      |                    \x1b[01;35m\x1b[K^\x1b[m\x1b[K\n'}
[2.613158] (-) TimerEvent: {}
[2.623706] (sllidar_ros2) StderrLine: {'line': b'In file included from \x1b[01m\x1b[K/home/andres/Documents/Proyecto_G/LIDAR_prog_ws/src/src/sllidar_ros2/./sdk/src/arch/linux/arch_linux.h:42\x1b[m\x1b[K,\n'}
[2.624130] (sllidar_ros2) StderrLine: {'line': b'                 from \x1b[01m\x1b[K/home/andres/Documents/Proyecto_G/LIDAR_prog_ws/src/src/sllidar_ros2/./sdk/src/sdkcommon.h:41\x1b[m\x1b[K,\n'}
[2.624339] (sllidar_ros2) StderrLine: {'line': b'                 from \x1b[01m\x1b[K/home/andres/Documents/Proyecto_G/LIDAR_prog_ws/src/src/sllidar_ros2/sdk/src/arch/linux/net_socket.cpp:10\x1b[m\x1b[K:\n'}
[2.624496] (sllidar_ros2) StderrLine: {'line': b'\x1b[01m\x1b[K/home/andres/Documents/Proyecto_G/LIDAR_prog_ws/src/src/sllidar_ros2/sdk/src/arch/linux/net_socket.cpp:\x1b[m\x1b[K In member function \xe2\x80\x98\x1b[01m\x1b[Kvirtual u_result rp::arch::net::DGramSocketImpl::sendTo(const rp::net::SocketAddress*, const void*, size_t)\x1b[m\x1b[K\xe2\x80\x99:\n'}
[2.624633] (sllidar_ros2) StderrLine: {'line': b'\x1b[01m\x1b[K/home/andres/Documents/Proyecto_G/LIDAR_prog_ws/src/src/sllidar_ros2/sdk/src/arch/linux/net_socket.cpp:733:24:\x1b[m\x1b[K \x1b[01;35m\x1b[Kwarning: \x1b[m\x1b[Kcomparison of integer expressions of different signedness: \xe2\x80\x98\x1b[01m\x1b[Kint\x1b[m\x1b[K\xe2\x80\x99 and \xe2\x80\x98\x1b[01m\x1b[Ksize_t\x1b[m\x1b[K\xe2\x80\x99 {aka \xe2\x80\x98\x1b[01m\x1b[Klong unsigned int\x1b[m\x1b[K\xe2\x80\x99} [\x1b[01;35m\x1b[K\x1b]8;;https://gcc.gnu.org/onlinedocs/gcc/Warning-Options.html#index-Wsign-compare\x07-Wsign-compare\x1b]8;;\x07\x1b[m\x1b[K]\n'}
[2.624758] (sllidar_ros2) StderrLine: {'line': b'  733 |             assert(\x1b[01;35m\x1b[Kans == len\x1b[m\x1b[K);\n'}
[2.624846] (sllidar_ros2) StderrLine: {'line': b'      |                    \x1b[01;35m\x1b[K~~~~^~~~~~\x1b[m\x1b[K\n'}
[2.643409] (sllidar_ros2) StderrLine: {'line': b'\x1b[01m\x1b[K/home/andres/Documents/Proyecto_G/LIDAR_prog_ws/src/src/sllidar_ros2/sdk/src/arch/linux/net_serial.cpp:\x1b[m\x1b[K In member function \xe2\x80\x98\x1b[01m\x1b[Kbool rp::arch::net::raw_serial::open(const char*, uint32_t, uint32_t)\x1b[m\x1b[K\xe2\x80\x99:\n'}
[2.643839] (sllidar_ros2) StderrLine: {'line': b'\x1b[01m\x1b[K/home/andres/Documents/Proyecto_G/LIDAR_prog_ws/src/src/sllidar_ros2/sdk/src/arch/linux/net_serial.cpp:97:74:\x1b[m\x1b[K \x1b[01;35m\x1b[Kwarning: \x1b[m\x1b[Kunused parameter \xe2\x80\x98\x1b[01m\x1b[Kflags\x1b[m\x1b[K\xe2\x80\x99 [\x1b[01;35m\x1b[K\x1b]8;;https://gcc.gnu.org/onlinedocs/gcc/Warning-Options.html#index-Wunused-parameter\x07-Wunused-parameter\x1b]8;;\x07\x1b[m\x1b[K]\n'}
[2.644097] (sllidar_ros2) StderrLine: {'line': b'   97 | bool raw_serial::open(const char * portname, uint32_t baudrate, \x1b[01;35m\x1b[Kuint32_t flags\x1b[m\x1b[K)\n'}
[2.644992] (sllidar_ros2) StderrLine: {'line': b'      |                                                                 \x1b[01;35m\x1b[K~~~~~~~~~^~~~~\x1b[m\x1b[K\n'}
[2.645349] (sllidar_ros2) StderrLine: {'line': b'\x1b[01m\x1b[K/home/andres/Documents/Proyecto_G/LIDAR_prog_ws/src/src/sllidar_ros2/sdk/src/arch/linux/net_serial.cpp:\x1b[m\x1b[K In member function \xe2\x80\x98\x1b[01m\x1b[Kvirtual void rp::arch::net::raw_serial::flush(_u32)\x1b[m\x1b[K\xe2\x80\x99:\n'}
[2.645507] (sllidar_ros2) StderrLine: {'line': b'\x1b[01m\x1b[K/home/andres/Documents/Proyecto_G/LIDAR_prog_ws/src/src/sllidar_ros2/sdk/src/arch/linux/net_serial.cpp:281:30:\x1b[m\x1b[K \x1b[01;35m\x1b[Kwarning: \x1b[m\x1b[Kunused parameter \xe2\x80\x98\x1b[01m\x1b[Kflags\x1b[m\x1b[K\xe2\x80\x99 [\x1b[01;35m\x1b[K\x1b]8;;https://gcc.gnu.org/onlinedocs/gcc/Warning-Options.html#index-Wunused-parameter\x07-Wunused-parameter\x1b]8;;\x07\x1b[m\x1b[K]\n'}
[2.645639] (sllidar_ros2) StderrLine: {'line': b'  281 | void raw_serial::flush( \x1b[01;35m\x1b[K_u32 flags\x1b[m\x1b[K)\n'}
[2.645751] (sllidar_ros2) StderrLine: {'line': b'      |                         \x1b[01;35m\x1b[K~~~~~^~~~~\x1b[m\x1b[K\n'}
[2.645857] (sllidar_ros2) StderrLine: {'line': b'\x1b[01m\x1b[K/home/andres/Documents/Proyecto_G/LIDAR_prog_ws/src/src/sllidar_ros2/sdk/src/arch/linux/net_serial.cpp:\x1b[m\x1b[K In member function \xe2\x80\x98\x1b[01m\x1b[Kvirtual int rp::arch::net::raw_serial::waitforsent(_u32, size_t*)\x1b[m\x1b[K\xe2\x80\x99:\n'}
[2.645982] (sllidar_ros2) StderrLine: {'line': b'\x1b[01m\x1b[K/home/andres/Documents/Proyecto_G/LIDAR_prog_ws/src/src/sllidar_ros2/sdk/src/arch/linux/net_serial.cpp:286:34:\x1b[m\x1b[K \x1b[01;35m\x1b[Kwarning: \x1b[m\x1b[Kunused parameter \xe2\x80\x98\x1b[01m\x1b[Ktimeout\x1b[m\x1b[K\xe2\x80\x99 [\x1b[01;35m\x1b[K\x1b]8;;https://gcc.gnu.org/onlinedocs/gcc/Warning-Options.html#index-Wunused-parameter\x07-Wunused-parameter\x1b]8;;\x07\x1b[m\x1b[K]\n'}
[2.646110] (sllidar_ros2) StderrLine: {'line': b'  286 | int raw_serial::waitforsent(\x1b[01;35m\x1b[K_u32 timeout\x1b[m\x1b[K, size_t * returned_size)\n'}
[2.646219] (sllidar_ros2) StderrLine: {'line': b'      |                             \x1b[01;35m\x1b[K~~~~~^~~~~~~\x1b[m\x1b[K\n'}
[2.646324] (sllidar_ros2) StderrLine: {'line': b'\x1b[01m\x1b[K/home/andres/Documents/Proyecto_G/LIDAR_prog_ws/src/src/sllidar_ros2/sdk/src/arch/linux/net_serial.cpp:\x1b[m\x1b[K In member function \xe2\x80\x98\x1b[01m\x1b[Kvirtual int rp::arch::net::raw_serial::waitforrecv(_u32, size_t*)\x1b[m\x1b[K\xe2\x80\x99:\n'}
[2.646428] (sllidar_ros2) StderrLine: {'line': b'\x1b[01m\x1b[K/home/andres/Documents/Proyecto_G/LIDAR_prog_ws/src/src/sllidar_ros2/sdk/src/arch/linux/net_serial.cpp:292:34:\x1b[m\x1b[K \x1b[01;35m\x1b[Kwarning: \x1b[m\x1b[Kunused parameter \xe2\x80\x98\x1b[01m\x1b[Ktimeout\x1b[m\x1b[K\xe2\x80\x99 [\x1b[01;35m\x1b[K\x1b]8;;https://gcc.gnu.org/onlinedocs/gcc/Warning-Options.html#index-Wunused-parameter\x07-Wunused-parameter\x1b]8;;\x07\x1b[m\x1b[K]\n'}
[2.646536] (sllidar_ros2) StderrLine: {'line': b'  292 | int raw_serial::waitforrecv(\x1b[01;35m\x1b[K_u32 timeout\x1b[m\x1b[K, size_t * returned_size)\n'}
[2.646639] (sllidar_ros2) StderrLine: {'line': b'      |                             \x1b[01;35m\x1b[K~~~~~^~~~~~~\x1b[m\x1b[K\n'}
[2.650030] (sllidar_ros2) StderrLine: {'line': b'\x1b[01m\x1b[K/home/andres/Documents/Proyecto_G/LIDAR_prog_ws/src/src/sllidar_ros2/sdk/src/arch/linux/net_serial.cpp:\x1b[m\x1b[K In member function \xe2\x80\x98\x1b[01m\x1b[Kvirtual void rp::arch::net::raw_serial::cancelOperation()\x1b[m\x1b[K\xe2\x80\x99:\n'}
[2.650352] (sllidar_ros2) StderrLine: {'line': b'\x1b[01m\x1b[K/home/andres/Documents/Proyecto_G/LIDAR_prog_ws/src/src/sllidar_ros2/sdk/src/arch/linux/net_serial.cpp:427:5:\x1b[m\x1b[K \x1b[01;35m\x1b[Kwarning: \x1b[m\x1b[Kvalue computed is not used [\x1b[01;35m\x1b[K\x1b]8;;https://gcc.gnu.org/onlinedocs/gcc/Warning-Options.html#index-Wunused-value\x07-Wunused-value\x1b]8;;\x07\x1b[m\x1b[K]\n'}
[2.650508] (sllidar_ros2) StderrLine: {'line': b'  427 |     \x1b[01;35m\x1b[K(int)::write(_selfpipe[1], "x", 1)\x1b[m\x1b[K;\n'}
[2.650614] (sllidar_ros2) StderrLine: {'line': b'      |     \x1b[01;35m\x1b[K^~~~~~~~~~~~~~~~~~~~~~~~~~~~~~~~~~\x1b[m\x1b[K\n'}
[2.651369] (sllidar_ros2) StderrLine: {'line': b'In file included from \x1b[01m\x1b[K/home/andres/Documents/Proyecto_G/LIDAR_prog_ws/src/src/sllidar_ros2/sdk/src/sl_async_transceiver.cpp:44\x1b[m\x1b[K:\n'}
[2.651520] (sllidar_ros2) StderrLine: {'line': b'\x1b[01m\x1b[K/home/andres/Documents/Proyecto_G/LIDAR_prog_ws/src/src/sllidar_ros2/sdk/src/sl_async_transceiver.h:\x1b[m\x1b[K In member function \xe2\x80\x98\x1b[01m\x1b[Kvirtual void sl::internal::IAsyncProtocolCodec::onChannelError(u_result)\x1b[m\x1b[K\xe2\x80\x99:\n'}
[2.651625] (sllidar_ros2) StderrLine: {'line': b'\x1b[01m\x1b[K/home/andres/Documents/Proyecto_G/LIDAR_prog_ws/src/src/sllidar_ros2/sdk/src/sl_async_transceiver.h:90:48:\x1b[m\x1b[K \x1b[01;35m\x1b[Kwarning: \x1b[m\x1b[Kunused parameter \xe2\x80\x98\x1b[01m\x1b[KerrCode\x1b[m\x1b[K\xe2\x80\x99 [\x1b[01;35m\x1b[K\x1b]8;;https://gcc.gnu.org/onlinedocs/gcc/Warning-Options.html#index-Wunused-parameter\x07-Wunused-parameter\x1b]8;;\x07\x1b[m\x1b[K]\n'}
[2.651718] (sllidar_ros2) StderrLine: {'line': b'   90 |         virtual void   onChannelError(\x1b[01;35m\x1b[Ku_result errCode\x1b[m\x1b[K) {}\n'}
[2.651832] (sllidar_ros2) StderrLine: {'line': b'      |                                       \x1b[01;35m\x1b[K~~~~~~~~~^~~~~~~\x1b[m\x1b[K\n'}
[2.713293] (-) TimerEvent: {}
[2.740454] (sllidar_ros2) StderrLine: {'line': b'\x1b[01m\x1b[K/home/andres/Documents/Proyecto_G/LIDAR_prog_ws/src/src/sllidar_ros2/sdk/src/rplidar_driver.cpp:\x1b[m\x1b[K In member function \xe2\x80\x98\x1b[01m\x1b[Ku_result rp::standalone::rplidar::RPlidarDriver::connect(const char*, _u32, _u32)\x1b[m\x1b[K\xe2\x80\x99:\n'}
[2.740846] (sllidar_ros2) StderrLine: {'line': b'\x1b[01m\x1b[K/home/andres/Documents/Proyecto_G/LIDAR_prog_ws/src/src/sllidar_ros2/sdk/src/rplidar_driver.cpp:67:77:\x1b[m\x1b[K \x1b[01;35m\x1b[Kwarning: \x1b[m\x1b[Kunused parameter \xe2\x80\x98\x1b[01m\x1b[Kflag\x1b[m\x1b[K\xe2\x80\x99 [\x1b[01;35m\x1b[K\x1b]8;;https://gcc.gnu.org/onlinedocs/gcc/Warning-Options.html#index-Wunused-parameter\x07-Wunused-parameter\x1b]8;;\x07\x1b[m\x1b[K]\n'}
[2.741099] (sllidar_ros2) StderrLine: {'line': b'   67 |     u_result RPlidarDriver::connect(const char *path, _u32 portOrBaud, \x1b[01;35m\x1b[K_u32 flag\x1b[m\x1b[K)\n'}
[2.741271] (sllidar_ros2) StderrLine: {'line': b'      |                                                                        \x1b[01;35m\x1b[K~~~~~^~~~\x1b[m\x1b[K\n'}
[2.744330] (sllidar_ros2) StderrLine: {'line': b'\x1b[01m\x1b[K/home/andres/Documents/Proyecto_G/LIDAR_prog_ws/src/src/sllidar_ros2/sdk/src/rplidar_driver.cpp:\x1b[m\x1b[K In member function \xe2\x80\x98\x1b[01m\x1b[Ku_result rp::standalone::rplidar::RPlidarDriver::reset(_u32)\x1b[m\x1b[K\xe2\x80\x99:\n'}
[2.744719] (sllidar_ros2) StderrLine: {'line': b'\x1b[01m\x1b[K/home/andres/Documents/Proyecto_G/LIDAR_prog_ws/src/src/sllidar_ros2/sdk/src/rplidar_driver.cpp:101:40:\x1b[m\x1b[K \x1b[01;35m\x1b[Kwarning: \x1b[m\x1b[Kunused parameter \xe2\x80\x98\x1b[01m\x1b[Ktimeout\x1b[m\x1b[K\xe2\x80\x99 [\x1b[01;35m\x1b[K\x1b]8;;https://gcc.gnu.org/onlinedocs/gcc/Warning-Options.html#index-Wunused-parameter\x07-Wunused-parameter\x1b]8;;\x07\x1b[m\x1b[K]\n'}
[2.744953] (sllidar_ros2) StderrLine: {'line': b'  101 |     u_result RPlidarDriver::reset(\x1b[01;35m\x1b[K_u32 timeout\x1b[m\x1b[K)\n'}
[2.745116] (sllidar_ros2) StderrLine: {'line': b'      |                                   \x1b[01;35m\x1b[K~~~~~^~~~~~~\x1b[m\x1b[K\n'}
[2.745242] (sllidar_ros2) StderrLine: {'line': b'\x1b[01m\x1b[K/home/andres/Documents/Proyecto_G/LIDAR_prog_ws/src/src/sllidar_ros2/sdk/src/rplidar_driver.cpp:\x1b[m\x1b[K In member function \xe2\x80\x98\x1b[01m\x1b[Ku_result rp::standalone::rplidar::RPlidarDriver::getScanDataWithInterval(rplidar_response_measurement_node_t*, size_t&)\x1b[m\x1b[K\xe2\x80\x99:\n'}
[2.745366] (sllidar_ros2) StderrLine: {'line': b'\x1b[01m\x1b[K/home/andres/Documents/Proyecto_G/LIDAR_prog_ws/src/src/sllidar_ros2/sdk/src/rplidar_driver.cpp:180:91:\x1b[m\x1b[K \x1b[01;35m\x1b[Kwarning: \x1b[m\x1b[Kunused parameter \xe2\x80\x98\x1b[01m\x1b[Knodebuffer\x1b[m\x1b[K\xe2\x80\x99 [\x1b[01;35m\x1b[K\x1b]8;;https://gcc.gnu.org/onlinedocs/gcc/Warning-Options.html#index-Wunused-parameter\x07-Wunused-parameter\x1b]8;;\x07\x1b[m\x1b[K]\n'}
[2.745487] (sllidar_ros2) StderrLine: {'line': b'  180 |     u_result RPlidarDriver::getScanDataWithInterval(\x1b[01;35m\x1b[Krplidar_response_measurement_node_t * nodebuffer\x1b[m\x1b[K, size_t & count)\n'}
[2.745584] (sllidar_ros2) StderrLine: {'line': b'      |                                                     \x1b[01;35m\x1b[K~~~~~~~~~~~~~~~~~~~~~~~~~~~~~~~~~~~~~~^~~~~~~~~~\x1b[m\x1b[K\n'}
[2.745665] (sllidar_ros2) StderrLine: {'line': b'\x1b[01m\x1b[K/home/andres/Documents/Proyecto_G/LIDAR_prog_ws/src/src/sllidar_ros2/sdk/src/rplidar_driver.cpp:180:112:\x1b[m\x1b[K \x1b[01;35m\x1b[Kwarning: \x1b[m\x1b[Kunused parameter \xe2\x80\x98\x1b[01m\x1b[Kcount\x1b[m\x1b[K\xe2\x80\x99 [\x1b[01;35m\x1b[K\x1b]8;;https://gcc.gnu.org/onlinedocs/gcc/Warning-Options.html#index-Wunused-parameter\x07-Wunused-parameter\x1b]8;;\x07\x1b[m\x1b[K]\n'}
[2.745748] (sllidar_ros2) StderrLine: {'line': b'  180 |     u_result RPlidarDriver::getScanDataWithInterval(rplidar_response_measurement_node_t * nodebuffer, \x1b[01;35m\x1b[Ksize_t & count\x1b[m\x1b[K)\n'}
[2.745836] (sllidar_ros2) StderrLine: {'line': b'      |                                                                                                       \x1b[01;35m\x1b[K~~~~~~~~~^~~~~\x1b[m\x1b[K\n'}
[2.808671] (sllidar_ros2) StderrLine: {'line': b'In file included from \x1b[01m\x1b[K/home/andres/Documents/Proyecto_G/LIDAR_prog_ws/src/src/sllidar_ros2/sdk/src/dataunpacker/dataunpacker.cpp:40\x1b[m\x1b[K:\n'}
[2.809222] (sllidar_ros2) StderrLine: {'line': b'\x1b[01m\x1b[K/home/andres/Documents/Proyecto_G/LIDAR_prog_ws/src/src/sllidar_ros2/sdk/src/dataunpacker/dataunpacker.h:\x1b[m\x1b[K In member function \xe2\x80\x98\x1b[01m\x1b[Kvirtual void sl::internal::LIDARSampleDataListener::onCustomSampleDataDecoded(_u8, _u32, const void*, size_t)\x1b[m\x1b[K\xe2\x80\x99:\n'}
[2.809468] (sllidar_ros2) StderrLine: {'line': b'\x1b[01m\x1b[K/home/andres/Documents/Proyecto_G/LIDAR_prog_ws/src/src/sllidar_ros2/sdk/src/dataunpacker/dataunpacker.h:54:52:\x1b[m\x1b[K \x1b[01;35m\x1b[Kwarning: \x1b[m\x1b[Kunused parameter \xe2\x80\x98\x1b[01m\x1b[KansType\x1b[m\x1b[K\xe2\x80\x99 [\x1b[01;35m\x1b[K\x1b]8;;https://gcc.gnu.org/onlinedocs/gcc/Warning-Options.html#index-Wunused-parameter\x07-Wunused-parameter\x1b]8;;\x07\x1b[m\x1b[K]\n'}
[2.809657] (sllidar_ros2) StderrLine: {'line': b'   54 |         virtual void onCustomSampleDataDecoded(\x1b[01;35m\x1b[K_u8 ansType\x1b[m\x1b[K, _u32 customCode, const void* data, size_t size) {}\n'}
[2.809817] (sllidar_ros2) StderrLine: {'line': b'      |                                                \x1b[01;35m\x1b[K~~~~^~~~~~~\x1b[m\x1b[K\n'}
[2.809959] (sllidar_ros2) StderrLine: {'line': b'\x1b[01m\x1b[K/home/andres/Documents/Proyecto_G/LIDAR_prog_ws/src/src/sllidar_ros2/sdk/src/dataunpacker/dataunpacker.h:54:66:\x1b[m\x1b[K \x1b[01;35m\x1b[Kwarning: \x1b[m\x1b[Kunused parameter \xe2\x80\x98\x1b[01m\x1b[KcustomCode\x1b[m\x1b[K\xe2\x80\x99 [\x1b[01;35m\x1b[K\x1b]8;;https://gcc.gnu.org/onlinedocs/gcc/Warning-Options.html#index-Wunused-parameter\x07-Wunused-parameter\x1b]8;;\x07\x1b[m\x1b[K]\n'}
[2.810162] (sllidar_ros2) StderrLine: {'line': b'   54 |         virtual void onCustomSampleDataDecoded(_u8 ansType, \x1b[01;35m\x1b[K_u32 customCode\x1b[m\x1b[K, const void* data, size_t size) {}\n'}
[2.810317] (sllidar_ros2) StderrLine: {'line': b'      |                                                             \x1b[01;35m\x1b[K~~~~~^~~~~~~~~~\x1b[m\x1b[K\n'}
[2.810439] (sllidar_ros2) StderrLine: {'line': b'\x1b[01m\x1b[K/home/andres/Documents/Proyecto_G/LIDAR_prog_ws/src/src/sllidar_ros2/sdk/src/dataunpacker/dataunpacker.h:54:90:\x1b[m\x1b[K \x1b[01;35m\x1b[Kwarning: \x1b[m\x1b[Kunused parameter \xe2\x80\x98\x1b[01m\x1b[Kdata\x1b[m\x1b[K\xe2\x80\x99 [\x1b[01;35m\x1b[K\x1b]8;;https://gcc.gnu.org/onlinedocs/gcc/Warning-Options.html#index-Wunused-parameter\x07-Wunused-parameter\x1b]8;;\x07\x1b[m\x1b[K]\n'}
[2.810547] (sllidar_ros2) StderrLine: {'line': b'   54 |         virtual void onCustomSampleDataDecoded(_u8 ansType, _u32 customCode, \x1b[01;35m\x1b[Kconst void* data\x1b[m\x1b[K, size_t size) {}\n'}
[2.810640] (sllidar_ros2) StderrLine: {'line': b'      |                                                                              \x1b[01;35m\x1b[K~~~~~~~~~~~~^~~~\x1b[m\x1b[K\n'}
[2.810732] (sllidar_ros2) StderrLine: {'line': b'\x1b[01m\x1b[K/home/andres/Documents/Proyecto_G/LIDAR_prog_ws/src/src/sllidar_ros2/sdk/src/dataunpacker/dataunpacker.h:54:103:\x1b[m\x1b[K \x1b[01;35m\x1b[Kwarning: \x1b[m\x1b[Kunused parameter \xe2\x80\x98\x1b[01m\x1b[Ksize\x1b[m\x1b[K\xe2\x80\x99 [\x1b[01;35m\x1b[K\x1b]8;;https://gcc.gnu.org/onlinedocs/gcc/Warning-Options.html#index-Wunused-parameter\x07-Wunused-parameter\x1b]8;;\x07\x1b[m\x1b[K]\n'}
[2.810848] (sllidar_ros2) StderrLine: {'line': b'   54 |         virtual void onCustomSampleDataDecoded(_u8 ansType, _u32 customCode, const void* data, \x1b[01;35m\x1b[Ksize_t size\x1b[m\x1b[K) {}\n'}
[2.810980] (sllidar_ros2) StderrLine: {'line': b'      |                                                                                                \x1b[01;35m\x1b[K~~~~~~~^~~~\x1b[m\x1b[K\n'}
[2.815335] (-) TimerEvent: {}
[2.815586] (sllidar_ros2) StderrLine: {'line': b'\x1b[01m\x1b[K/home/andres/Documents/Proyecto_G/LIDAR_prog_ws/src/src/sllidar_ros2/sdk/src/dataunpacker/dataunpacker.h:\x1b[m\x1b[K In member function \xe2\x80\x98\x1b[01m\x1b[Kvirtual void sl::internal::LIDARSampleDataListener::onDecodingError(int, _u8, const void*, size_t)\x1b[m\x1b[K\xe2\x80\x99:\n'}
[2.815775] (sllidar_ros2) StderrLine: {'line': b'\x1b[01m\x1b[K/home/andres/Documents/Proyecto_G/LIDAR_prog_ws/src/src/sllidar_ros2/sdk/src/dataunpacker/dataunpacker.h:56:42:\x1b[m\x1b[K \x1b[01;35m\x1b[Kwarning: \x1b[m\x1b[Kunused parameter \xe2\x80\x98\x1b[01m\x1b[KerrMsg\x1b[m\x1b[K\xe2\x80\x99 [\x1b[01;35m\x1b[K\x1b]8;;https://gcc.gnu.org/onlinedocs/gcc/Warning-Options.html#index-Wunused-parameter\x07-Wunused-parameter\x1b]8;;\x07\x1b[m\x1b[K]\n'}
[2.815904] (sllidar_ros2) StderrLine: {'line': b'   56 |         virtual void onDecodingError(\x1b[01;35m\x1b[Kint errMsg\x1b[m\x1b[K, _u8 ansType, const void* payload, size_t size) {}\n'}
[2.816026] (sllidar_ros2) StderrLine: {'line': b'      |                                      \x1b[01;35m\x1b[K~~~~^~~~~~\x1b[m\x1b[K\n'}
[2.816124] (sllidar_ros2) StderrLine: {'line': b'\x1b[01m\x1b[K/home/andres/Documents/Proyecto_G/LIDAR_prog_ws/src/src/sllidar_ros2/sdk/src/dataunpacker/dataunpacker.h:56:54:\x1b[m\x1b[K \x1b[01;35m\x1b[Kwarning: \x1b[m\x1b[Kunused parameter \xe2\x80\x98\x1b[01m\x1b[KansType\x1b[m\x1b[K\xe2\x80\x99 [\x1b[01;35m\x1b[K\x1b]8;;https://gcc.gnu.org/onlinedocs/gcc/Warning-Options.html#index-Wunused-parameter\x07-Wunused-parameter\x1b]8;;\x07\x1b[m\x1b[K]\n'}
[2.816229] (sllidar_ros2) StderrLine: {'line': b'   56 |         virtual void onDecodingError(int errMsg, \x1b[01;35m\x1b[K_u8 ansType\x1b[m\x1b[K, const void* payload, size_t size) {}\n'}
[2.816349] (sllidar_ros2) StderrLine: {'line': b'      |                                                  \x1b[01;35m\x1b[K~~~~^~~~~~~\x1b[m\x1b[K\n'}
[2.816483] (sllidar_ros2) StderrLine: {'line': b'\x1b[01m\x1b[K/home/andres/Documents/Proyecto_G/LIDAR_prog_ws/src/src/sllidar_ros2/sdk/src/dataunpacker/dataunpacker.h:56:75:\x1b[m\x1b[K \x1b[01;35m\x1b[Kwarning: \x1b[m\x1b[Kunused parameter \xe2\x80\x98\x1b[01m\x1b[Kpayload\x1b[m\x1b[K\xe2\x80\x99 [\x1b[01;35m\x1b[K\x1b]8;;https://gcc.gnu.org/onlinedocs/gcc/Warning-Options.html#index-Wunused-parameter\x07-Wunused-parameter\x1b]8;;\x07\x1b[m\x1b[K]\n'}
[2.816607] (sllidar_ros2) StderrLine: {'line': b'   56 |         virtual void onDecodingError(int errMsg, _u8 ansType, \x1b[01;35m\x1b[Kconst void* payload\x1b[m\x1b[K, size_t size) {}\n'}
[2.816709] (sllidar_ros2) StderrLine: {'line': b'      |                                                               \x1b[01;35m\x1b[K~~~~~~~~~~~~^~~~~~~\x1b[m\x1b[K\n'}
[2.816795] (sllidar_ros2) StderrLine: {'line': b'\x1b[01m\x1b[K/home/andres/Documents/Proyecto_G/LIDAR_prog_ws/src/src/sllidar_ros2/sdk/src/dataunpacker/dataunpacker.h:56:91:\x1b[m\x1b[K \x1b[01;35m\x1b[Kwarning: \x1b[m\x1b[Kunused parameter \xe2\x80\x98\x1b[01m\x1b[Ksize\x1b[m\x1b[K\xe2\x80\x99 [\x1b[01;35m\x1b[K\x1b]8;;https://gcc.gnu.org/onlinedocs/gcc/Warning-Options.html#index-Wunused-parameter\x07-Wunused-parameter\x1b]8;;\x07\x1b[m\x1b[K]\n'}
[2.816903] (sllidar_ros2) StderrLine: {'line': b'   56 |         virtual void onDecodingError(int errMsg, _u8 ansType, const void* payload, \x1b[01;35m\x1b[Ksize_t size\x1b[m\x1b[K) {}\n'}
[2.817025] (sllidar_ros2) StderrLine: {'line': b'      |                                                                                    \x1b[01;35m\x1b[K~~~~~~~^~~~\x1b[m\x1b[K\n'}
[2.834207] (sllidar_ros2) StderrLine: {'line': b'In file included from \x1b[01m\x1b[K/home/andres/Documents/Proyecto_G/LIDAR_prog_ws/src/src/sllidar_ros2/sdk/src/dataunpacker/unpacker/handler_normalnode.cpp:40\x1b[m\x1b[K:\n'}
[2.834653] (sllidar_ros2) StderrLine: {'line': b'\x1b[01m\x1b[K/home/andres/Documents/Proyecto_G/LIDAR_prog_ws/src/src/sllidar_ros2/sdk/src/dataunpacker/unpacker/../dataunpacker.h:\x1b[m\x1b[K In member function \xe2\x80\x98\x1b[01m\x1b[Kvirtual void sl::internal::LIDARSampleDataListener::onCustomSampleDataDecoded(_u8, _u32, const void*, size_t)\x1b[m\x1b[K\xe2\x80\x99:\n'}
[2.834869] (sllidar_ros2) StderrLine: {'line': b'\x1b[01m\x1b[K/home/andres/Documents/Proyecto_G/LIDAR_prog_ws/src/src/sllidar_ros2/sdk/src/dataunpacker/unpacker/../dataunpacker.h:54:52:\x1b[m\x1b[K \x1b[01;35m\x1b[Kwarning: \x1b[m\x1b[Kunused parameter \xe2\x80\x98\x1b[01m\x1b[KansType\x1b[m\x1b[K\xe2\x80\x99 [\x1b[01;35m\x1b[K\x1b]8;;https://gcc.gnu.org/onlinedocs/gcc/Warning-Options.html#index-Wunused-parameter\x07-Wunused-parameter\x1b]8;;\x07\x1b[m\x1b[K]\n'}
[2.835281] (sllidar_ros2) StderrLine: {'line': b'   54 |         virtual void onCustomSampleDataDecoded(\x1b[01;35m\x1b[K_u8 ansType\x1b[m\x1b[K, _u32 customCode, const void* data, size_t size) {}\n'}
[2.835448] (sllidar_ros2) StderrLine: {'line': b'      |                                                \x1b[01;35m\x1b[K~~~~^~~~~~~\x1b[m\x1b[K\n'}
[2.835580] (sllidar_ros2) StderrLine: {'line': b'\x1b[01m\x1b[K/home/andres/Documents/Proyecto_G/LIDAR_prog_ws/src/src/sllidar_ros2/sdk/src/dataunpacker/unpacker/../dataunpacker.h:54:66:\x1b[m\x1b[K \x1b[01;35m\x1b[Kwarning: \x1b[m\x1b[Kunused parameter \xe2\x80\x98\x1b[01m\x1b[KcustomCode\x1b[m\x1b[K\xe2\x80\x99 [\x1b[01;35m\x1b[K\x1b]8;;https://gcc.gnu.org/onlinedocs/gcc/Warning-Options.html#index-Wunused-parameter\x07-Wunused-parameter\x1b]8;;\x07\x1b[m\x1b[K]\n'}
[2.835701] (sllidar_ros2) StderrLine: {'line': b'   54 |         virtual void onCustomSampleDataDecoded(_u8 ansType, \x1b[01;35m\x1b[K_u32 customCode\x1b[m\x1b[K, const void* data, size_t size) {}\n'}
[2.835803] (sllidar_ros2) StderrLine: {'line': b'      |                                                             \x1b[01;35m\x1b[K~~~~~^~~~~~~~~~\x1b[m\x1b[K\n'}
[2.835887] (sllidar_ros2) StderrLine: {'line': b'\x1b[01m\x1b[K/home/andres/Documents/Proyecto_G/LIDAR_prog_ws/src/src/sllidar_ros2/sdk/src/dataunpacker/unpacker/../dataunpacker.h:54:90:\x1b[m\x1b[K \x1b[01;35m\x1b[Kwarning: \x1b[m\x1b[Kunused parameter \xe2\x80\x98\x1b[01m\x1b[Kdata\x1b[m\x1b[K\xe2\x80\x99 [\x1b[01;35m\x1b[K\x1b]8;;https://gcc.gnu.org/onlinedocs/gcc/Warning-Options.html#index-Wunused-parameter\x07-Wunused-parameter\x1b]8;;\x07\x1b[m\x1b[K]\n'}
[2.836022] (sllidar_ros2) StderrLine: {'line': b'   54 |         virtual void onCustomSampleDataDecoded(_u8 ansType, _u32 customCode, \x1b[01;35m\x1b[Kconst void* data\x1b[m\x1b[K, size_t size) {}\n'}
[2.836117] (sllidar_ros2) StderrLine: {'line': b'      |                                                                              \x1b[01;35m\x1b[K~~~~~~~~~~~~^~~~\x1b[m\x1b[K\n'}
[2.836224] (sllidar_ros2) StderrLine: {'line': b'\x1b[01m\x1b[K/home/andres/Documents/Proyecto_G/LIDAR_prog_ws/src/src/sllidar_ros2/sdk/src/dataunpacker/unpacker/../dataunpacker.h:54:103:\x1b[m\x1b[K \x1b[01;35m\x1b[Kwarning: \x1b[m\x1b[Kunused parameter \xe2\x80\x98\x1b[01m\x1b[Ksize\x1b[m\x1b[K\xe2\x80\x99 [\x1b[01;35m\x1b[K\x1b]8;;https://gcc.gnu.org/onlinedocs/gcc/Warning-Options.html#index-Wunused-parameter\x07-Wunused-parameter\x1b]8;;\x07\x1b[m\x1b[K]\n'}
[2.836334] (sllidar_ros2) StderrLine: {'line': b'   54 |         virtual void onCustomSampleDataDecoded(_u8 ansType, _u32 customCode, const void* data, \x1b[01;35m\x1b[Ksize_t size\x1b[m\x1b[K) {}\n'}
[2.836442] (sllidar_ros2) StderrLine: {'line': b'      |                                                                                                \x1b[01;35m\x1b[K~~~~~~~^~~~\x1b[m\x1b[K\n'}
[2.836553] (sllidar_ros2) StderrLine: {'line': b'\x1b[01m\x1b[K/home/andres/Documents/Proyecto_G/LIDAR_prog_ws/src/src/sllidar_ros2/sdk/src/dataunpacker/unpacker/../dataunpacker.h:\x1b[m\x1b[K In member function \xe2\x80\x98\x1b[01m\x1b[Kvirtual void sl::internal::LIDARSampleDataListener::onDecodingError(int, _u8, const void*, size_t)\x1b[m\x1b[K\xe2\x80\x99:\n'}
[2.836667] (sllidar_ros2) StderrLine: {'line': b'\x1b[01m\x1b[K/home/andres/Documents/Proyecto_G/LIDAR_prog_ws/src/src/sllidar_ros2/sdk/src/dataunpacker/unpacker/../dataunpacker.h:56:42:\x1b[m\x1b[K \x1b[01;35m\x1b[Kwarning: \x1b[m\x1b[Kunused parameter \xe2\x80\x98\x1b[01m\x1b[KerrMsg\x1b[m\x1b[K\xe2\x80\x99 [\x1b[01;35m\x1b[K\x1b]8;;https://gcc.gnu.org/onlinedocs/gcc/Warning-Options.html#index-Wunused-parameter\x07-Wunused-parameter\x1b]8;;\x07\x1b[m\x1b[K]\n'}
[2.836787] (sllidar_ros2) StderrLine: {'line': b'   56 |         virtual void onDecodingError(\x1b[01;35m\x1b[Kint errMsg\x1b[m\x1b[K, _u8 ansType, const void* payload, size_t size) {}\n'}
[2.836895] (sllidar_ros2) StderrLine: {'line': b'      |                                      \x1b[01;35m\x1b[K~~~~^~~~~~\x1b[m\x1b[K\n'}
[2.837034] (sllidar_ros2) StderrLine: {'line': b'\x1b[01m\x1b[K/home/andres/Documents/Proyecto_G/LIDAR_prog_ws/src/src/sllidar_ros2/sdk/src/dataunpacker/unpacker/../dataunpacker.h:56:54:\x1b[m\x1b[K \x1b[01;35m\x1b[Kwarning: \x1b[m\x1b[Kunused parameter \xe2\x80\x98\x1b[01m\x1b[KansType\x1b[m\x1b[K\xe2\x80\x99 [\x1b[01;35m\x1b[K\x1b]8;;https://gcc.gnu.org/onlinedocs/gcc/Warning-Options.html#index-Wunused-parameter\x07-Wunused-parameter\x1b]8;;\x07\x1b[m\x1b[K]\n'}
[2.837157] (sllidar_ros2) StderrLine: {'line': b'   56 |         virtual void onDecodingError(int errMsg, \x1b[01;35m\x1b[K_u8 ansType\x1b[m\x1b[K, const void* payload, size_t size) {}\n'}
[2.837257] (sllidar_ros2) StderrLine: {'line': b'      |                                                  \x1b[01;35m\x1b[K~~~~^~~~~~~\x1b[m\x1b[K\n'}
[2.837351] (sllidar_ros2) StderrLine: {'line': b'\x1b[01m\x1b[K/home/andres/Documents/Proyecto_G/LIDAR_prog_ws/src/src/sllidar_ros2/sdk/src/dataunpacker/unpacker/../dataunpacker.h:56:75:\x1b[m\x1b[K \x1b[01;35m\x1b[Kwarning: \x1b[m\x1b[Kunused parameter \xe2\x80\x98\x1b[01m\x1b[Kpayload\x1b[m\x1b[K\xe2\x80\x99 [\x1b[01;35m\x1b[K\x1b]8;;https://gcc.gnu.org/onlinedocs/gcc/Warning-Options.html#index-Wunused-parameter\x07-Wunused-parameter\x1b]8;;\x07\x1b[m\x1b[K]\n'}
[2.837466] (sllidar_ros2) StderrLine: {'line': b'   56 |         virtual void onDecodingError(int errMsg, _u8 ansType, \x1b[01;35m\x1b[Kconst void* payload\x1b[m\x1b[K, size_t size) {}\n'}
[2.837548] (sllidar_ros2) StderrLine: {'line': b'      |                                                               \x1b[01;35m\x1b[K~~~~~~~~~~~~^~~~~~~\x1b[m\x1b[K\n'}
[2.837627] (sllidar_ros2) StderrLine: {'line': b'\x1b[01m\x1b[K/home/andres/Documents/Proyecto_G/LIDAR_prog_ws/src/src/sllidar_ros2/sdk/src/dataunpacker/unpacker/../dataunpacker.h:56:91:\x1b[m\x1b[K \x1b[01;35m\x1b[Kwarning: \x1b[m\x1b[Kunused parameter \xe2\x80\x98\x1b[01m\x1b[Ksize\x1b[m\x1b[K\xe2\x80\x99 [\x1b[01;35m\x1b[K\x1b]8;;https://gcc.gnu.org/onlinedocs/gcc/Warning-Options.html#index-Wunused-parameter\x07-Wunused-parameter\x1b]8;;\x07\x1b[m\x1b[K]\n'}
[2.837714] (sllidar_ros2) StderrLine: {'line': b'   56 |         virtual void onDecodingError(int errMsg, _u8 ansType, const void* payload, \x1b[01;35m\x1b[Ksize_t size\x1b[m\x1b[K) {}\n'}
[2.837815] (sllidar_ros2) StderrLine: {'line': b'      |                                                                                    \x1b[01;35m\x1b[K~~~~~~~^~~~\x1b[m\x1b[K\n'}
[2.848142] (sllidar_ros2) StderrLine: {'line': b'In file included from \x1b[01m\x1b[K/home/andres/Documents/Proyecto_G/LIDAR_prog_ws/src/src/sllidar_ros2/./sdk/include/sl_lidar_cmd.h:41\x1b[m\x1b[K,\n'}
[2.848619] (sllidar_ros2) StderrLine: {'line': b'                 from \x1b[01m\x1b[K/home/andres/Documents/Proyecto_G/LIDAR_prog_ws/src/src/sllidar_ros2/./sdk/include/sl_lidar_driver.h:54\x1b[m\x1b[K,\n'}
[2.848823] (sllidar_ros2) StderrLine: {'line': b'                 from \x1b[01m\x1b[K/home/andres/Documents/Proyecto_G/LIDAR_prog_ws/src/src/sllidar_ros2/sdk/src/sl_udp_channel.cpp:33\x1b[m\x1b[K:\n'}
[2.849010] (sllidar_ros2) StderrLine: {'line': b'\x1b[01m\x1b[K/home/andres/Documents/Proyecto_G/LIDAR_prog_ws/src/src/sllidar_ros2/./sdk/include/sl_lidar_protocol.h:66:16:\x1b[m\x1b[K \x1b[01;35m\x1b[Kwarning: \x1b[m\x1b[KISO C++ forbids zero-size array \xe2\x80\x98\x1b[01m\x1b[Kdata\x1b[m\x1b[K\xe2\x80\x99 [\x1b[01;35m\x1b[K\x1b]8;;https://gcc.gnu.org/onlinedocs/gcc/Warning-Options.html#index-Wpedantic\x07-Wpedantic\x1b]8;;\x07\x1b[m\x1b[K]\n'}
[2.849187] (sllidar_ros2) StderrLine: {'line': b'   66 |     sl_u8 data[\x1b[01;35m\x1b[K0\x1b[m\x1b[K];\n'}
[2.849325] (sllidar_ros2) StderrLine: {'line': b'      |                \x1b[01;35m\x1b[K^\x1b[m\x1b[K\n'}
[2.849445] (sllidar_ros2) StderrLine: {'line': b'In file included from \x1b[01m\x1b[K/home/andres/Documents/Proyecto_G/LIDAR_prog_ws/src/src/sllidar_ros2/./sdk/include/sl_lidar_driver.h:54\x1b[m\x1b[K,\n'}
[2.849561] (sllidar_ros2) StderrLine: {'line': b'                 from \x1b[01m\x1b[K/home/andres/Documents/Proyecto_G/LIDAR_prog_ws/src/src/sllidar_ros2/sdk/src/sl_udp_channel.cpp:33\x1b[m\x1b[K:\n'}
[2.849680] (sllidar_ros2) StderrLine: {'line': b'\x1b[01m\x1b[K/home/andres/Documents/Proyecto_G/LIDAR_prog_ws/src/src/sllidar_ros2/./sdk/include/sl_lidar_cmd.h:324:20:\x1b[m\x1b[K \x1b[01;35m\x1b[Kwarning: \x1b[m\x1b[KISO C++ forbids zero-size array \xe2\x80\x98\x1b[01m\x1b[Kpayload\x1b[m\x1b[K\xe2\x80\x99 [\x1b[01;35m\x1b[K\x1b]8;;https://gcc.gnu.org/onlinedocs/gcc/Warning-Options.html#index-Wpedantic\x07-Wpedantic\x1b]8;;\x07\x1b[m\x1b[K]\n'}
[2.849801] (sllidar_ros2) StderrLine: {'line': b'  324 |     sl_u8  payload[\x1b[01;35m\x1b[K0\x1b[m\x1b[K];\n'}
[2.849918] (sllidar_ros2) StderrLine: {'line': b'      |                    \x1b[01;35m\x1b[K^\x1b[m\x1b[K\n'}
[2.854254] (sllidar_ros2) StderrLine: {'line': b'\x1b[01m\x1b[K/home/andres/Documents/Proyecto_G/LIDAR_prog_ws/src/src/sllidar_ros2/sdk/src/sl_udp_channel.cpp:\x1b[m\x1b[K In member function \xe2\x80\x98\x1b[01m\x1b[Kvoid sl::UdpChannel::setStatus(_u32)\x1b[m\x1b[K\xe2\x80\x99:\n'}
[2.854583] (sllidar_ros2) StderrLine: {'line': b'\x1b[01m\x1b[K/home/andres/Documents/Proyecto_G/LIDAR_prog_ws/src/src/sllidar_ros2/sdk/src/sl_udp_channel.cpp:112:29:\x1b[m\x1b[K \x1b[01;35m\x1b[Kwarning: \x1b[m\x1b[Kunused parameter \xe2\x80\x98\x1b[01m\x1b[Kflag\x1b[m\x1b[K\xe2\x80\x99 [\x1b[01;35m\x1b[K\x1b]8;;https://gcc.gnu.org/onlinedocs/gcc/Warning-Options.html#index-Wunused-parameter\x07-Wunused-parameter\x1b]8;;\x07\x1b[m\x1b[K]\n'}
[2.854772] (sllidar_ros2) StderrLine: {'line': b'  112 |         void setStatus(\x1b[01;35m\x1b[K_u32 flag\x1b[m\x1b[K){}\n'}
[2.854917] (sllidar_ros2) StderrLine: {'line': b'      |                        \x1b[01;35m\x1b[K~~~~~^~~~\x1b[m\x1b[K\n'}
[2.877630] (sllidar_ros2) StderrLine: {'line': b'In file included from \x1b[01m\x1b[K/home/andres/Documents/Proyecto_G/LIDAR_prog_ws/src/src/sllidar_ros2/sdk/src/dataunpacker/unpacker/handler_hqnode.cpp:40\x1b[m\x1b[K:\n'}
[2.878003] (sllidar_ros2) StderrLine: {'line': b'\x1b[01m\x1b[K/home/andres/Documents/Proyecto_G/LIDAR_prog_ws/src/src/sllidar_ros2/sdk/src/dataunpacker/unpacker/../dataunpacker.h:\x1b[m\x1b[K In member function \xe2\x80\x98\x1b[01m\x1b[Kvirtual void sl::internal::LIDARSampleDataListener::onCustomSampleDataDecoded(_u8, _u32, const void*, size_t)\x1b[m\x1b[K\xe2\x80\x99:\n'}
[2.878222] (sllidar_ros2) StderrLine: {'line': b'\x1b[01m\x1b[K/home/andres/Documents/Proyecto_G/LIDAR_prog_ws/src/src/sllidar_ros2/sdk/src/dataunpacker/unpacker/../dataunpacker.h:54:52:\x1b[m\x1b[K \x1b[01;35m\x1b[Kwarning: \x1b[m\x1b[Kunused parameter \xe2\x80\x98\x1b[01m\x1b[KansType\x1b[m\x1b[K\xe2\x80\x99 [\x1b[01;35m\x1b[K\x1b]8;;https://gcc.gnu.org/onlinedocs/gcc/Warning-Options.html#index-Wunused-parameter\x07-Wunused-parameter\x1b]8;;\x07\x1b[m\x1b[K]\n'}
[2.878402] (sllidar_ros2) StderrLine: {'line': b'   54 |         virtual void onCustomSampleDataDecoded(\x1b[01;35m\x1b[K_u8 ansType\x1b[m\x1b[K, _u32 customCode, const void* data, size_t size) {}\n'}
[2.878564] (sllidar_ros2) StderrLine: {'line': b'      |                                                \x1b[01;35m\x1b[K~~~~^~~~~~~\x1b[m\x1b[K\n'}
[2.878694] (sllidar_ros2) StderrLine: {'line': b'\x1b[01m\x1b[K/home/andres/Documents/Proyecto_G/LIDAR_prog_ws/src/src/sllidar_ros2/sdk/src/dataunpacker/unpacker/../dataunpacker.h:54:66:\x1b[m\x1b[K \x1b[01;35m\x1b[Kwarning: \x1b[m\x1b[Kunused parameter \xe2\x80\x98\x1b[01m\x1b[KcustomCode\x1b[m\x1b[K\xe2\x80\x99 [\x1b[01;35m\x1b[K\x1b]8;;https://gcc.gnu.org/onlinedocs/gcc/Warning-Options.html#index-Wunused-parameter\x07-Wunused-parameter\x1b]8;;\x07\x1b[m\x1b[K]\n'}
[2.878829] (sllidar_ros2) StderrLine: {'line': b'   54 |         virtual void onCustomSampleDataDecoded(_u8 ansType, \x1b[01;35m\x1b[K_u32 customCode\x1b[m\x1b[K, const void* data, size_t size) {}\n'}
[2.878957] (sllidar_ros2) StderrLine: {'line': b'      |                                                             \x1b[01;35m\x1b[K~~~~~^~~~~~~~~~\x1b[m\x1b[K\n'}
[2.879092] (sllidar_ros2) StderrLine: {'line': b'\x1b[01m\x1b[K/home/andres/Documents/Proyecto_G/LIDAR_prog_ws/src/src/sllidar_ros2/sdk/src/dataunpacker/unpacker/../dataunpacker.h:54:90:\x1b[m\x1b[K \x1b[01;35m\x1b[Kwarning: \x1b[m\x1b[Kunused parameter \xe2\x80\x98\x1b[01m\x1b[Kdata\x1b[m\x1b[K\xe2\x80\x99 [\x1b[01;35m\x1b[K\x1b]8;;https://gcc.gnu.org/onlinedocs/gcc/Warning-Options.html#index-Wunused-parameter\x07-Wunused-parameter\x1b]8;;\x07\x1b[m\x1b[K]\n'}
[2.879211] (sllidar_ros2) StderrLine: {'line': b'   54 |         virtual void onCustomSampleDataDecoded(_u8 ansType, _u32 customCode, \x1b[01;35m\x1b[Kconst void* data\x1b[m\x1b[K, size_t size) {}\n'}
[2.879317] (sllidar_ros2) StderrLine: {'line': b'      |                                                                              \x1b[01;35m\x1b[K~~~~~~~~~~~~^~~~\x1b[m\x1b[K\n'}
[2.879427] (sllidar_ros2) StderrLine: {'line': b'\x1b[01m\x1b[K/home/andres/Documents/Proyecto_G/LIDAR_prog_ws/src/src/sllidar_ros2/sdk/src/dataunpacker/unpacker/../dataunpacker.h:54:103:\x1b[m\x1b[K \x1b[01;35m\x1b[Kwarning: \x1b[m\x1b[Kunused parameter \xe2\x80\x98\x1b[01m\x1b[Ksize\x1b[m\x1b[K\xe2\x80\x99 [\x1b[01;35m\x1b[K\x1b]8;;https://gcc.gnu.org/onlinedocs/gcc/Warning-Options.html#index-Wunused-parameter\x07-Wunused-parameter\x1b]8;;\x07\x1b[m\x1b[K]\n'}
[2.879538] (sllidar_ros2) StderrLine: {'line': b'   54 |         virtual void onCustomSampleDataDecoded(_u8 ansType, _u32 customCode, const void* data, \x1b[01;35m\x1b[Ksize_t size\x1b[m\x1b[K) {}\n'}
[2.879659] (sllidar_ros2) StderrLine: {'line': b'      |                                                                                                \x1b[01;35m\x1b[K~~~~~~~^~~~\x1b[m\x1b[K\n'}
[2.879766] (sllidar_ros2) StderrLine: {'line': b'\x1b[01m\x1b[K/home/andres/Documents/Proyecto_G/LIDAR_prog_ws/src/src/sllidar_ros2/sdk/src/dataunpacker/unpacker/../dataunpacker.h:\x1b[m\x1b[K In member function \xe2\x80\x98\x1b[01m\x1b[Kvirtual void sl::internal::LIDARSampleDataListener::onDecodingError(int, _u8, const void*, size_t)\x1b[m\x1b[K\xe2\x80\x99:\n'}
[2.879879] (sllidar_ros2) StderrLine: {'line': b'\x1b[01m\x1b[K/home/andres/Documents/Proyecto_G/LIDAR_prog_ws/src/src/sllidar_ros2/sdk/src/dataunpacker/unpacker/../dataunpacker.h:56:42:\x1b[m\x1b[K \x1b[01;35m\x1b[Kwarning: \x1b[m\x1b[Kunused parameter \xe2\x80\x98\x1b[01m\x1b[KerrMsg\x1b[m\x1b[K\xe2\x80\x99 [\x1b[01;35m\x1b[K\x1b]8;;https://gcc.gnu.org/onlinedocs/gcc/Warning-Options.html#index-Wunused-parameter\x07-Wunused-parameter\x1b]8;;\x07\x1b[m\x1b[K]\n'}
[2.880012] (sllidar_ros2) StderrLine: {'line': b'   56 |         virtual void onDecodingError(\x1b[01;35m\x1b[Kint errMsg\x1b[m\x1b[K, _u8 ansType, const void* payload, size_t size) {}\n'}
[2.880123] (sllidar_ros2) StderrLine: {'line': b'      |                                      \x1b[01;35m\x1b[K~~~~^~~~~~\x1b[m\x1b[K\n'}
[2.880230] (sllidar_ros2) StderrLine: {'line': b'\x1b[01m\x1b[K/home/andres/Documents/Proyecto_G/LIDAR_prog_ws/src/src/sllidar_ros2/sdk/src/dataunpacker/unpacker/../dataunpacker.h:56:54:\x1b[m\x1b[K \x1b[01;35m\x1b[Kwarning: \x1b[m\x1b[Kunused parameter \xe2\x80\x98\x1b[01m\x1b[KansType\x1b[m\x1b[K\xe2\x80\x99 [\x1b[01;35m\x1b[K\x1b]8;;https://gcc.gnu.org/onlinedocs/gcc/Warning-Options.html#index-Wunused-parameter\x07-Wunused-parameter\x1b]8;;\x07\x1b[m\x1b[K]\n'}
[2.880348] (sllidar_ros2) StderrLine: {'line': b'   56 |         virtual void onDecodingError(int errMsg, \x1b[01;35m\x1b[K_u8 ansType\x1b[m\x1b[K, const void* payload, size_t size) {}\n'}
[2.880456] (sllidar_ros2) StderrLine: {'line': b'      |                                                  \x1b[01;35m\x1b[K~~~~^~~~~~~\x1b[m\x1b[K\n'}
[2.880562] (sllidar_ros2) StderrLine: {'line': b'\x1b[01m\x1b[K/home/andres/Documents/Proyecto_G/LIDAR_prog_ws/src/src/sllidar_ros2/sdk/src/dataunpacker/unpacker/../dataunpacker.h:56:75:\x1b[m\x1b[K \x1b[01;35m\x1b[Kwarning: \x1b[m\x1b[Kunused parameter \xe2\x80\x98\x1b[01m\x1b[Kpayload\x1b[m\x1b[K\xe2\x80\x99 [\x1b[01;35m\x1b[K\x1b]8;;https://gcc.gnu.org/onlinedocs/gcc/Warning-Options.html#index-Wunused-parameter\x07-Wunused-parameter\x1b]8;;\x07\x1b[m\x1b[K]\n'}
[2.880690] (sllidar_ros2) StderrLine: {'line': b'   56 |         virtual void onDecodingError(int errMsg, _u8 ansType, \x1b[01;35m\x1b[Kconst void* payload\x1b[m\x1b[K, size_t size) {}\n'}
[2.880806] (sllidar_ros2) StderrLine: {'line': b'      |                                                               \x1b[01;35m\x1b[K~~~~~~~~~~~~^~~~~~~\x1b[m\x1b[K\n'}
[2.880915] (sllidar_ros2) StderrLine: {'line': b'\x1b[01m\x1b[K/home/andres/Documents/Proyecto_G/LIDAR_prog_ws/src/src/sllidar_ros2/sdk/src/dataunpacker/unpacker/../dataunpacker.h:56:91:\x1b[m\x1b[K \x1b[01;35m\x1b[Kwarning: \x1b[m\x1b[Kunused parameter \xe2\x80\x98\x1b[01m\x1b[Ksize\x1b[m\x1b[K\xe2\x80\x99 [\x1b[01;35m\x1b[K\x1b]8;;https://gcc.gnu.org/onlinedocs/gcc/Warning-Options.html#index-Wunused-parameter\x07-Wunused-parameter\x1b]8;;\x07\x1b[m\x1b[K]\n'}
[2.881077] (sllidar_ros2) StderrLine: {'line': b'   56 |         virtual void onDecodingError(int errMsg, _u8 ansType, const void* payload, \x1b[01;35m\x1b[Ksize_t size\x1b[m\x1b[K) {}\n'}
[2.881205] (sllidar_ros2) StderrLine: {'line': b'      |                                                                                    \x1b[01;35m\x1b[K~~~~~~~^~~~\x1b[m\x1b[K\n'}
[2.886344] (sllidar_ros2) StderrLine: {'line': b'In file included from \x1b[01m\x1b[K/home/andres/Documents/Proyecto_G/LIDAR_prog_ws/src/src/sllidar_ros2/sdk/src/dataunpacker/unpacker/handler_capsules.cpp:40\x1b[m\x1b[K:\n'}
[2.886686] (sllidar_ros2) StderrLine: {'line': b'\x1b[01m\x1b[K/home/andres/Documents/Proyecto_G/LIDAR_prog_ws/src/src/sllidar_ros2/sdk/src/dataunpacker/unpacker/../dataunpacker.h:\x1b[m\x1b[K In member function \xe2\x80\x98\x1b[01m\x1b[Kvirtual void sl::internal::LIDARSampleDataListener::onCustomSampleDataDecoded(_u8, _u32, const void*, size_t)\x1b[m\x1b[K\xe2\x80\x99:\n'}
[2.886883] (sllidar_ros2) StderrLine: {'line': b'\x1b[01m\x1b[K/home/andres/Documents/Proyecto_G/LIDAR_prog_ws/src/src/sllidar_ros2/sdk/src/dataunpacker/unpacker/../dataunpacker.h:54:52:\x1b[m\x1b[K \x1b[01;35m\x1b[Kwarning: \x1b[m\x1b[Kunused parameter \xe2\x80\x98\x1b[01m\x1b[KansType\x1b[m\x1b[K\xe2\x80\x99 [\x1b[01;35m\x1b[K\x1b]8;;https://gcc.gnu.org/onlinedocs/gcc/Warning-Options.html#index-Wunused-parameter\x07-Wunused-parameter\x1b]8;;\x07\x1b[m\x1b[K]\n'}
[2.887055] (sllidar_ros2) StderrLine: {'line': b'   54 |         virtual void onCustomSampleDataDecoded(\x1b[01;35m\x1b[K_u8 ansType\x1b[m\x1b[K, _u32 customCode, const void* data, size_t size) {}\n'}
[2.887185] (sllidar_ros2) StderrLine: {'line': b'      |                                                \x1b[01;35m\x1b[K~~~~^~~~~~~\x1b[m\x1b[K\n'}
[2.887295] (sllidar_ros2) StderrLine: {'line': b'\x1b[01m\x1b[K/home/andres/Documents/Proyecto_G/LIDAR_prog_ws/src/src/sllidar_ros2/sdk/src/dataunpacker/unpacker/../dataunpacker.h:54:66:\x1b[m\x1b[K \x1b[01;35m\x1b[Kwarning: \x1b[m\x1b[Kunused parameter \xe2\x80\x98\x1b[01m\x1b[KcustomCode\x1b[m\x1b[K\xe2\x80\x99 [\x1b[01;35m\x1b[K\x1b]8;;https://gcc.gnu.org/onlinedocs/gcc/Warning-Options.html#index-Wunused-parameter\x07-Wunused-parameter\x1b]8;;\x07\x1b[m\x1b[K]\n'}
[2.887398] (sllidar_ros2) StderrLine: {'line': b'   54 |         virtual void onCustomSampleDataDecoded(_u8 ansType, \x1b[01;35m\x1b[K_u32 customCode\x1b[m\x1b[K, const void* data, size_t size) {}\n'}
[2.887498] (sllidar_ros2) StderrLine: {'line': b'      |                                                             \x1b[01;35m\x1b[K~~~~~^~~~~~~~~~\x1b[m\x1b[K\n'}
[2.887594] (sllidar_ros2) StderrLine: {'line': b'\x1b[01m\x1b[K/home/andres/Documents/Proyecto_G/LIDAR_prog_ws/src/src/sllidar_ros2/sdk/src/dataunpacker/unpacker/../dataunpacker.h:54:90:\x1b[m\x1b[K \x1b[01;35m\x1b[Kwarning: \x1b[m\x1b[Kunused parameter \xe2\x80\x98\x1b[01m\x1b[Kdata\x1b[m\x1b[K\xe2\x80\x99 [\x1b[01;35m\x1b[K\x1b]8;;https://gcc.gnu.org/onlinedocs/gcc/Warning-Options.html#index-Wunused-parameter\x07-Wunused-parameter\x1b]8;;\x07\x1b[m\x1b[K]\n'}
[2.887719] (sllidar_ros2) StderrLine: {'line': b'   54 |         virtual void onCustomSampleDataDecoded(_u8 ansType, _u32 customCode, \x1b[01;35m\x1b[Kconst void* data\x1b[m\x1b[K, size_t size) {}\n'}
[2.887813] (sllidar_ros2) StderrLine: {'line': b'      |                                                                              \x1b[01;35m\x1b[K~~~~~~~~~~~~^~~~\x1b[m\x1b[K\n'}
[2.887911] (sllidar_ros2) StderrLine: {'line': b'\x1b[01m\x1b[K/home/andres/Documents/Proyecto_G/LIDAR_prog_ws/src/src/sllidar_ros2/sdk/src/dataunpacker/unpacker/../dataunpacker.h:54:103:\x1b[m\x1b[K \x1b[01;35m\x1b[Kwarning: \x1b[m\x1b[Kunused parameter \xe2\x80\x98\x1b[01m\x1b[Ksize\x1b[m\x1b[K\xe2\x80\x99 [\x1b[01;35m\x1b[K\x1b]8;;https://gcc.gnu.org/onlinedocs/gcc/Warning-Options.html#index-Wunused-parameter\x07-Wunused-parameter\x1b]8;;\x07\x1b[m\x1b[K]\n'}
[2.888034] (sllidar_ros2) StderrLine: {'line': b'   54 |         virtual void onCustomSampleDataDecoded(_u8 ansType, _u32 customCode, const void* data, \x1b[01;35m\x1b[Ksize_t size\x1b[m\x1b[K) {}\n'}
[2.888137] (sllidar_ros2) StderrLine: {'line': b'      |                                                                                                \x1b[01;35m\x1b[K~~~~~~~^~~~\x1b[m\x1b[K\n'}
[2.888236] (sllidar_ros2) StderrLine: {'line': b'\x1b[01m\x1b[K/home/andres/Documents/Proyecto_G/LIDAR_prog_ws/src/src/sllidar_ros2/sdk/src/dataunpacker/unpacker/../dataunpacker.h:\x1b[m\x1b[K In member function \xe2\x80\x98\x1b[01m\x1b[Kvirtual void sl::internal::LIDARSampleDataListener::onDecodingError(int, _u8, const void*, size_t)\x1b[m\x1b[K\xe2\x80\x99:\n'}
[2.888347] (sllidar_ros2) StderrLine: {'line': b'\x1b[01m\x1b[K/home/andres/Documents/Proyecto_G/LIDAR_prog_ws/src/src/sllidar_ros2/sdk/src/dataunpacker/unpacker/../dataunpacker.h:56:42:\x1b[m\x1b[K \x1b[01;35m\x1b[Kwarning: \x1b[m\x1b[Kunused parameter \xe2\x80\x98\x1b[01m\x1b[KerrMsg\x1b[m\x1b[K\xe2\x80\x99 [\x1b[01;35m\x1b[K\x1b]8;;https://gcc.gnu.org/onlinedocs/gcc/Warning-Options.html#index-Wunused-parameter\x07-Wunused-parameter\x1b]8;;\x07\x1b[m\x1b[K]\n'}
[2.888473] (sllidar_ros2) StderrLine: {'line': b'   56 |         virtual void onDecodingError(\x1b[01;35m\x1b[Kint errMsg\x1b[m\x1b[K, _u8 ansType, const void* payload, size_t size) {}\n'}
[2.888573] (sllidar_ros2) StderrLine: {'line': b'      |                                      \x1b[01;35m\x1b[K~~~~^~~~~~\x1b[m\x1b[K\n'}
[2.888683] (sllidar_ros2) StderrLine: {'line': b'\x1b[01m\x1b[K/home/andres/Documents/Proyecto_G/LIDAR_prog_ws/src/src/sllidar_ros2/sdk/src/dataunpacker/unpacker/../dataunpacker.h:56:54:\x1b[m\x1b[K \x1b[01;35m\x1b[Kwarning: \x1b[m\x1b[Kunused parameter \xe2\x80\x98\x1b[01m\x1b[KansType\x1b[m\x1b[K\xe2\x80\x99 [\x1b[01;35m\x1b[K\x1b]8;;https://gcc.gnu.org/onlinedocs/gcc/Warning-Options.html#index-Wunused-parameter\x07-Wunused-parameter\x1b]8;;\x07\x1b[m\x1b[K]\n'}
[2.888803] (sllidar_ros2) StderrLine: {'line': b'   56 |         virtual void onDecodingError(int errMsg, \x1b[01;35m\x1b[K_u8 ansType\x1b[m\x1b[K, const void* payload, size_t size) {}\n'}
[2.888915] (sllidar_ros2) StderrLine: {'line': b'      |                                                  \x1b[01;35m\x1b[K~~~~^~~~~~~\x1b[m\x1b[K\n'}
[2.889032] (sllidar_ros2) StderrLine: {'line': b'\x1b[01m\x1b[K/home/andres/Documents/Proyecto_G/LIDAR_prog_ws/src/src/sllidar_ros2/sdk/src/dataunpacker/unpacker/../dataunpacker.h:56:75:\x1b[m\x1b[K \x1b[01;35m\x1b[Kwarning: \x1b[m\x1b[Kunused parameter \xe2\x80\x98\x1b[01m\x1b[Kpayload\x1b[m\x1b[K\xe2\x80\x99 [\x1b[01;35m\x1b[K\x1b]8;;https://gcc.gnu.org/onlinedocs/gcc/Warning-Options.html#index-Wunused-parameter\x07-Wunused-parameter\x1b]8;;\x07\x1b[m\x1b[K]\n'}
[2.889147] (sllidar_ros2) StderrLine: {'line': b'   56 |         virtual void onDecodingError(int errMsg, _u8 ansType, \x1b[01;35m\x1b[Kconst void* payload\x1b[m\x1b[K, size_t size) {}\n'}
[2.889249] (sllidar_ros2) StderrLine: {'line': b'      |                                                               \x1b[01;35m\x1b[K~~~~~~~~~~~~^~~~~~~\x1b[m\x1b[K\n'}
[2.889351] (sllidar_ros2) StderrLine: {'line': b'\x1b[01m\x1b[K/home/andres/Documents/Proyecto_G/LIDAR_prog_ws/src/src/sllidar_ros2/sdk/src/dataunpacker/unpacker/../dataunpacker.h:56:91:\x1b[m\x1b[K \x1b[01;35m\x1b[Kwarning: \x1b[m\x1b[Kunused parameter \xe2\x80\x98\x1b[01m\x1b[Ksize\x1b[m\x1b[K\xe2\x80\x99 [\x1b[01;35m\x1b[K\x1b]8;;https://gcc.gnu.org/onlinedocs/gcc/Warning-Options.html#index-Wunused-parameter\x07-Wunused-parameter\x1b]8;;\x07\x1b[m\x1b[K]\n'}
[2.889462] (sllidar_ros2) StderrLine: {'line': b'   56 |         virtual void onDecodingError(int errMsg, _u8 ansType, const void* payload, \x1b[01;35m\x1b[Ksize_t size\x1b[m\x1b[K) {}\n'}
[2.889564] (sllidar_ros2) StderrLine: {'line': b'      |                                                                                    \x1b[01;35m\x1b[K~~~~~~~^~~~\x1b[m\x1b[K\n'}
[2.898471] (sllidar_ros2) StderrLine: {'line': b'In file included from \x1b[01m\x1b[K/home/andres/Documents/Proyecto_G/LIDAR_prog_ws/src/src/sllidar_ros2/sdk/src/sl_lidarprotocol_codec.cpp:49\x1b[m\x1b[K:\n'}
[2.898910] (sllidar_ros2) StderrLine: {'line': b'\x1b[01m\x1b[K/home/andres/Documents/Proyecto_G/LIDAR_prog_ws/src/src/sllidar_ros2/sdk/src/sl_async_transceiver.h:\x1b[m\x1b[K In member function \xe2\x80\x98\x1b[01m\x1b[Kvirtual void sl::internal::IAsyncProtocolCodec::onChannelError(u_result)\x1b[m\x1b[K\xe2\x80\x99:\n'}
[2.899175] (sllidar_ros2) StderrLine: {'line': b'\x1b[01m\x1b[K/home/andres/Documents/Proyecto_G/LIDAR_prog_ws/src/src/sllidar_ros2/sdk/src/sl_async_transceiver.h:90:48:\x1b[m\x1b[K \x1b[01;35m\x1b[Kwarning: \x1b[m\x1b[Kunused parameter \xe2\x80\x98\x1b[01m\x1b[KerrCode\x1b[m\x1b[K\xe2\x80\x99 [\x1b[01;35m\x1b[K\x1b]8;;https://gcc.gnu.org/onlinedocs/gcc/Warning-Options.html#index-Wunused-parameter\x07-Wunused-parameter\x1b]8;;\x07\x1b[m\x1b[K]\n'}
[2.899404] (sllidar_ros2) StderrLine: {'line': b'   90 |         virtual void   onChannelError(\x1b[01;35m\x1b[Ku_result errCode\x1b[m\x1b[K) {}\n'}
[2.899564] (sllidar_ros2) StderrLine: {'line': b'      |                                       \x1b[01;35m\x1b[K~~~~~~~~~^~~~~~~\x1b[m\x1b[K\n'}
[2.899860] (sllidar_ros2) StderrLine: {'line': b'\x1b[01m\x1b[K/home/andres/Documents/Proyecto_G/LIDAR_prog_ws/src/src/sllidar_ros2/sdk/src/dataunpacker/unpacker/handler_capsules.cpp:\x1b[m\x1b[K In member function \xe2\x80\x98\x1b[01m\x1b[Kvoid sl::internal::unpacker::UnpackerHandler_DenseCapsuleNode::_onScanNodeDenseCapsuleData(rplidar_response_dense_capsule_measurement_nodes_t&, sl::internal::LIDARSampleDataUnpackerInner*)\x1b[m\x1b[K\xe2\x80\x99:\n'}
[2.900042] (sllidar_ros2) StderrLine: {'line': b'\x1b[01m\x1b[K/home/andres/Documents/Proyecto_G/LIDAR_prog_ws/src/src/sllidar_ros2/sdk/src/dataunpacker/unpacker/handler_capsules.cpp:763:30:\x1b[m\x1b[K \x1b[01;35m\x1b[Kwarning: \x1b[m\x1b[Ktype qualifiers ignored on cast result type [\x1b[01;35m\x1b[K\x1b]8;;https://gcc.gnu.org/onlinedocs/gcc/Warning-Options.html#index-Wignored-qualifiers\x07-Wignored-qualifiers\x1b]8;;\x07\x1b[m\x1b[K]\n'}
[2.900167] (sllidar_ros2) StderrLine: {'line': b'  763 |             const int dist = \x1b[01;35m\x1b[Kstatic_cast<const int>(_cached_previous_dense_capsuledata.cabins[pos].distance)\x1b[m\x1b[K;\n'}
[2.900329] (sllidar_ros2) StderrLine: {'line': b'      |                              \x1b[01;35m\x1b[K^~~~~~~~~~~~~~~~~~~~~~~~~~~~~~~~~~~~~~~~~~~~~~~~~~~~~~~~~~~~~~~~~~~~~~~~~~~~~~~\x1b[m\x1b[K\n'}
[2.915493] (-) TimerEvent: {}
[2.938788] (sllidar_ros2) StderrLine: {'line': b'In file included from \x1b[01m\x1b[K/home/andres/Documents/Proyecto_G/LIDAR_prog_ws/src/src/sllidar_ros2/sdk/src/sl_lidar_driver.cpp:50\x1b[m\x1b[K:\n'}
[2.939286] (sllidar_ros2) StderrLine: {'line': b'\x1b[01m\x1b[K/home/andres/Documents/Proyecto_G/LIDAR_prog_ws/src/src/sllidar_ros2/sdk/src/dataunpacker/dataunpacker.h:\x1b[m\x1b[K In member function \xe2\x80\x98\x1b[01m\x1b[Kvirtual void sl::internal::LIDARSampleDataListener::onCustomSampleDataDecoded(_u8, _u32, const void*, size_t)\x1b[m\x1b[K\xe2\x80\x99:\n'}
[2.939445] (sllidar_ros2) StderrLine: {'line': b'\x1b[01m\x1b[K/home/andres/Documents/Proyecto_G/LIDAR_prog_ws/src/src/sllidar_ros2/sdk/src/dataunpacker/dataunpacker.h:54:52:\x1b[m\x1b[K \x1b[01;35m\x1b[Kwarning: \x1b[m\x1b[Kunused parameter \xe2\x80\x98\x1b[01m\x1b[KansType\x1b[m\x1b[K\xe2\x80\x99 [\x1b[01;35m\x1b[K\x1b]8;;https://gcc.gnu.org/onlinedocs/gcc/Warning-Options.html#index-Wunused-parameter\x07-Wunused-parameter\x1b]8;;\x07\x1b[m\x1b[K]\n'}
[2.939611] (sllidar_ros2) StderrLine: {'line': b'   54 |         virtual void onCustomSampleDataDecoded(\x1b[01;35m\x1b[K_u8 ansType\x1b[m\x1b[K, _u32 customCode, const void* data, size_t size) {}\n'}
[2.939814] (sllidar_ros2) StderrLine: {'line': b'      |                                                \x1b[01;35m\x1b[K~~~~^~~~~~~\x1b[m\x1b[K\n'}
[2.939921] (sllidar_ros2) StderrLine: {'line': b'\x1b[01m\x1b[K/home/andres/Documents/Proyecto_G/LIDAR_prog_ws/src/src/sllidar_ros2/sdk/src/dataunpacker/dataunpacker.h:54:66:\x1b[m\x1b[K \x1b[01;35m\x1b[Kwarning: \x1b[m\x1b[Kunused parameter \xe2\x80\x98\x1b[01m\x1b[KcustomCode\x1b[m\x1b[K\xe2\x80\x99 [\x1b[01;35m\x1b[K\x1b]8;;https://gcc.gnu.org/onlinedocs/gcc/Warning-Options.html#index-Wunused-parameter\x07-Wunused-parameter\x1b]8;;\x07\x1b[m\x1b[K]\n'}
[2.940042] (sllidar_ros2) StderrLine: {'line': b'   54 |         virtual void onCustomSampleDataDecoded(_u8 ansType, \x1b[01;35m\x1b[K_u32 customCode\x1b[m\x1b[K, const void* data, size_t size) {}\n'}
[2.940138] (sllidar_ros2) StderrLine: {'line': b'      |                                                             \x1b[01;35m\x1b[K~~~~~^~~~~~~~~~\x1b[m\x1b[K\n'}
[2.940266] (sllidar_ros2) StderrLine: {'line': b'\x1b[01m\x1b[K/home/andres/Documents/Proyecto_G/LIDAR_prog_ws/src/src/sllidar_ros2/sdk/src/dataunpacker/dataunpacker.h:54:90:\x1b[m\x1b[K \x1b[01;35m\x1b[Kwarning: \x1b[m\x1b[Kunused parameter \xe2\x80\x98\x1b[01m\x1b[Kdata\x1b[m\x1b[K\xe2\x80\x99 [\x1b[01;35m\x1b[K\x1b]8;;https://gcc.gnu.org/onlinedocs/gcc/Warning-Options.html#index-Wunused-parameter\x07-Wunused-parameter\x1b]8;;\x07\x1b[m\x1b[K]\n'}
[2.940378] (sllidar_ros2) StderrLine: {'line': b'   54 |         virtual void onCustomSampleDataDecoded(_u8 ansType, _u32 customCode, \x1b[01;35m\x1b[Kconst void* data\x1b[m\x1b[K, size_t size) {}\n'}
[2.940488] (sllidar_ros2) StderrLine: {'line': b'      |                                                                              \x1b[01;35m\x1b[K~~~~~~~~~~~~^~~~\x1b[m\x1b[K\n'}
[2.940603] (sllidar_ros2) StderrLine: {'line': b'\x1b[01m\x1b[K/home/andres/Documents/Proyecto_G/LIDAR_prog_ws/src/src/sllidar_ros2/sdk/src/dataunpacker/dataunpacker.h:54:103:\x1b[m\x1b[K \x1b[01;35m\x1b[Kwarning: \x1b[m\x1b[Kunused parameter \xe2\x80\x98\x1b[01m\x1b[Ksize\x1b[m\x1b[K\xe2\x80\x99 [\x1b[01;35m\x1b[K\x1b]8;;https://gcc.gnu.org/onlinedocs/gcc/Warning-Options.html#index-Wunused-parameter\x07-Wunused-parameter\x1b]8;;\x07\x1b[m\x1b[K]\n'}
[2.940723] (sllidar_ros2) StderrLine: {'line': b'   54 |         virtual void onCustomSampleDataDecoded(_u8 ansType, _u32 customCode, const void* data, \x1b[01;35m\x1b[Ksize_t size\x1b[m\x1b[K) {}\n'}
[2.940832] (sllidar_ros2) StderrLine: {'line': b'      |                                                                                                \x1b[01;35m\x1b[K~~~~~~~^~~~\x1b[m\x1b[K\n'}
[2.940948] (sllidar_ros2) StderrLine: {'line': b'\x1b[01m\x1b[K/home/andres/Documents/Proyecto_G/LIDAR_prog_ws/src/src/sllidar_ros2/sdk/src/dataunpacker/dataunpacker.h:\x1b[m\x1b[K In member function \xe2\x80\x98\x1b[01m\x1b[Kvirtual void sl::internal::LIDARSampleDataListener::onDecodingError(int, _u8, const void*, size_t)\x1b[m\x1b[K\xe2\x80\x99:\n'}
[2.941092] (sllidar_ros2) StderrLine: {'line': b'\x1b[01m\x1b[K/home/andres/Documents/Proyecto_G/LIDAR_prog_ws/src/src/sllidar_ros2/sdk/src/dataunpacker/dataunpacker.h:56:42:\x1b[m\x1b[K \x1b[01;35m\x1b[Kwarning: \x1b[m\x1b[Kunused parameter \xe2\x80\x98\x1b[01m\x1b[KerrMsg\x1b[m\x1b[K\xe2\x80\x99 [\x1b[01;35m\x1b[K\x1b]8;;https://gcc.gnu.org/onlinedocs/gcc/Warning-Options.html#index-Wunused-parameter\x07-Wunused-parameter\x1b]8;;\x07\x1b[m\x1b[K]\n'}
[2.941211] (sllidar_ros2) StderrLine: {'line': b'   56 |         virtual void onDecodingError(\x1b[01;35m\x1b[Kint errMsg\x1b[m\x1b[K, _u8 ansType, const void* payload, size_t size) {}\n'}
[2.941322] (sllidar_ros2) StderrLine: {'line': b'      |                                      \x1b[01;35m\x1b[K~~~~^~~~~~\x1b[m\x1b[K\n'}
[2.941427] (sllidar_ros2) StderrLine: {'line': b'\x1b[01m\x1b[K/home/andres/Documents/Proyecto_G/LIDAR_prog_ws/src/src/sllidar_ros2/sdk/src/dataunpacker/dataunpacker.h:56:54:\x1b[m\x1b[K \x1b[01;35m\x1b[Kwarning: \x1b[m\x1b[Kunused parameter \xe2\x80\x98\x1b[01m\x1b[KansType\x1b[m\x1b[K\xe2\x80\x99 [\x1b[01;35m\x1b[K\x1b]8;;https://gcc.gnu.org/onlinedocs/gcc/Warning-Options.html#index-Wunused-parameter\x07-Wunused-parameter\x1b]8;;\x07\x1b[m\x1b[K]\n'}
[2.941537] (sllidar_ros2) StderrLine: {'line': b'   56 |         virtual void onDecodingError(int errMsg, \x1b[01;35m\x1b[K_u8 ansType\x1b[m\x1b[K, const void* payload, size_t size) {}\n'}
[2.941654] (sllidar_ros2) StderrLine: {'line': b'      |                                                  \x1b[01;35m\x1b[K~~~~^~~~~~~\x1b[m\x1b[K\n'}
[2.941767] (sllidar_ros2) StderrLine: {'line': b'\x1b[01m\x1b[K/home/andres/Documents/Proyecto_G/LIDAR_prog_ws/src/src/sllidar_ros2/sdk/src/dataunpacker/dataunpacker.h:56:75:\x1b[m\x1b[K \x1b[01;35m\x1b[Kwarning: \x1b[m\x1b[Kunused parameter \xe2\x80\x98\x1b[01m\x1b[Kpayload\x1b[m\x1b[K\xe2\x80\x99 [\x1b[01;35m\x1b[K\x1b]8;;https://gcc.gnu.org/onlinedocs/gcc/Warning-Options.html#index-Wunused-parameter\x07-Wunused-parameter\x1b]8;;\x07\x1b[m\x1b[K]\n'}
[2.941889] (sllidar_ros2) StderrLine: {'line': b'   56 |         virtual void onDecodingError(int errMsg, _u8 ansType, \x1b[01;35m\x1b[Kconst void* payload\x1b[m\x1b[K, size_t size) {}\n'}
[2.942107] (sllidar_ros2) StderrLine: {'line': b'      |                                                               \x1b[01;35m\x1b[K~~~~~~~~~~~~^~~~~~~\x1b[m\x1b[K\n'}
[2.942224] (sllidar_ros2) StderrLine: {'line': b'\x1b[01m\x1b[K/home/andres/Documents/Proyecto_G/LIDAR_prog_ws/src/src/sllidar_ros2/sdk/src/dataunpacker/dataunpacker.h:56:91:\x1b[m\x1b[K \x1b[01;35m\x1b[Kwarning: \x1b[m\x1b[Kunused parameter \xe2\x80\x98\x1b[01m\x1b[Ksize\x1b[m\x1b[K\xe2\x80\x99 [\x1b[01;35m\x1b[K\x1b]8;;https://gcc.gnu.org/onlinedocs/gcc/Warning-Options.html#index-Wunused-parameter\x07-Wunused-parameter\x1b]8;;\x07\x1b[m\x1b[K]\n'}
[2.942346] (sllidar_ros2) StderrLine: {'line': b'   56 |         virtual void onDecodingError(int errMsg, _u8 ansType, const void* payload, \x1b[01;35m\x1b[Ksize_t size\x1b[m\x1b[K) {}\n'}
[2.942452] (sllidar_ros2) StderrLine: {'line': b'      |                                                                                    \x1b[01;35m\x1b[K~~~~~~~^~~~\x1b[m\x1b[K\n'}
[2.957118] (sllidar_ros2) StderrLine: {'line': b'In file included from \x1b[01m\x1b[K/home/andres/Documents/Proyecto_G/LIDAR_prog_ws/src/src/sllidar_ros2/sdk/src/sl_lidar_driver.cpp:51\x1b[m\x1b[K:\n'}
[2.957498] (sllidar_ros2) StderrLine: {'line': b'\x1b[01m\x1b[K/home/andres/Documents/Proyecto_G/LIDAR_prog_ws/src/src/sllidar_ros2/sdk/src/sl_async_transceiver.h:\x1b[m\x1b[K In member function \xe2\x80\x98\x1b[01m\x1b[Kvirtual void sl::internal::IAsyncProtocolCodec::onChannelError(u_result)\x1b[m\x1b[K\xe2\x80\x99:\n'}
[2.957594] (sllidar_ros2) StderrLine: {'line': b'\x1b[01m\x1b[K/home/andres/Documents/Proyecto_G/LIDAR_prog_ws/src/src/sllidar_ros2/sdk/src/sl_async_transceiver.h:90:48:\x1b[m\x1b[K \x1b[01;35m\x1b[Kwarning: \x1b[m\x1b[Kunused parameter \xe2\x80\x98\x1b[01m\x1b[KerrCode\x1b[m\x1b[K\xe2\x80\x99 [\x1b[01;35m\x1b[K\x1b]8;;https://gcc.gnu.org/onlinedocs/gcc/Warning-Options.html#index-Wunused-parameter\x07-Wunused-parameter\x1b]8;;\x07\x1b[m\x1b[K]\n'}
[2.957679] (sllidar_ros2) StderrLine: {'line': b'   90 |         virtual void   onChannelError(\x1b[01;35m\x1b[Ku_result errCode\x1b[m\x1b[K) {}\n'}
[2.957753] (sllidar_ros2) StderrLine: {'line': b'      |                                       \x1b[01;35m\x1b[K~~~~~~~~~^~~~~~~\x1b[m\x1b[K\n'}
[3.005842] (sllidar_ros2) StderrLine: {'line': b'\x1b[01m\x1b[K/home/andres/Documents/Proyecto_G/LIDAR_prog_ws/src/src/sllidar_ros2/sdk/src/sl_lidar_driver.cpp:\x1b[m\x1b[K In member function \xe2\x80\x98\x1b[01m\x1b[Kvirtual sl_result sl::SlamtecLidarDriver::reset(sl_u32)\x1b[m\x1b[K\xe2\x80\x99:\n'}
[3.006349] (sllidar_ros2) StderrLine: {'line': b'\x1b[01m\x1b[K/home/andres/Documents/Proyecto_G/LIDAR_prog_ws/src/src/sllidar_ros2/sdk/src/sl_lidar_driver.cpp:511:32:\x1b[m\x1b[K \x1b[01;35m\x1b[Kwarning: \x1b[m\x1b[Kunused parameter \xe2\x80\x98\x1b[01m\x1b[KtimeoutInMs\x1b[m\x1b[K\xe2\x80\x99 [\x1b[01;35m\x1b[K\x1b]8;;https://gcc.gnu.org/onlinedocs/gcc/Warning-Options.html#index-Wunused-parameter\x07-Wunused-parameter\x1b]8;;\x07\x1b[m\x1b[K]\n'}
[3.006516] (sllidar_ros2) StderrLine: {'line': b'  511 |         sl_result reset(\x1b[01;35m\x1b[Ksl_u32 timeoutInMs = DEFAULT_TIMEOUT\x1b[m\x1b[K)\n'}
[3.006623] (sllidar_ros2) StderrLine: {'line': b'      |                         \x1b[01;35m\x1b[K~~~~~~~^~~~~~~~~~~~~~~~~~~~~~~~~~~~~\x1b[m\x1b[K\n'}
[3.010997] (sllidar_ros2) StderrLine: {'line': b'\x1b[01m\x1b[K/home/andres/Documents/Proyecto_G/LIDAR_prog_ws/src/src/sllidar_ros2/sdk/src/sl_lidar_driver.cpp:\x1b[m\x1b[K In member function \xe2\x80\x98\x1b[01m\x1b[Kvirtual sl_result sl::SlamtecLidarDriver::startScan(bool, bool, sl_u32, sl::LidarScanMode*)\x1b[m\x1b[K\xe2\x80\x99:\n'}
[3.011289] (sllidar_ros2) StderrLine: {'line': b'\x1b[01m\x1b[K/home/andres/Documents/Proyecto_G/LIDAR_prog_ws/src/src/sllidar_ros2/sdk/src/sl_lidar_driver.cpp:586:69:\x1b[m\x1b[K \x1b[01;35m\x1b[Kwarning: \x1b[m\x1b[Kunused parameter \xe2\x80\x98\x1b[01m\x1b[Koptions\x1b[m\x1b[K\xe2\x80\x99 [\x1b[01;35m\x1b[K\x1b]8;;https://gcc.gnu.org/onlinedocs/gcc/Warning-Options.html#index-Wunused-parameter\x07-Wunused-parameter\x1b]8;;\x07\x1b[m\x1b[K]\n'}
[3.011439] (sllidar_ros2) StderrLine: {'line': b'  586 |         sl_result startScan(bool force, bool useTypicalScan, \x1b[01;35m\x1b[Ksl_u32 options = 0\x1b[m\x1b[K, LidarScanMode* outUsedScanMode = nullptr)\n'}
[3.011550] (sllidar_ros2) StderrLine: {'line': b'      |                                                              \x1b[01;35m\x1b[K~~~~~~~^~~~~~~~~~~\x1b[m\x1b[K\n'}
[3.013438] (sllidar_ros2) StderrLine: {'line': b'\x1b[01m\x1b[K/home/andres/Documents/Proyecto_G/LIDAR_prog_ws/src/src/sllidar_ros2/sdk/src/sl_lidar_driver.cpp:\x1b[m\x1b[K In member function \xe2\x80\x98\x1b[01m\x1b[Kvirtual sl_result sl::SlamtecLidarDriver::stop(sl_u32)\x1b[m\x1b[K\xe2\x80\x99:\n'}
[3.013700] (sllidar_ros2) StderrLine: {'line': b'\x1b[01m\x1b[K/home/andres/Documents/Proyecto_G/LIDAR_prog_ws/src/src/sllidar_ros2/sdk/src/sl_lidar_driver.cpp:763:31:\x1b[m\x1b[K \x1b[01;35m\x1b[Kwarning: \x1b[m\x1b[Kunused parameter \xe2\x80\x98\x1b[01m\x1b[Ktimeout\x1b[m\x1b[K\xe2\x80\x99 [\x1b[01;35m\x1b[K\x1b]8;;https://gcc.gnu.org/onlinedocs/gcc/Warning-Options.html#index-Wunused-parameter\x07-Wunused-parameter\x1b]8;;\x07\x1b[m\x1b[K]\n'}
[3.013850] (sllidar_ros2) StderrLine: {'line': b'  763 |         sl_result stop(\x1b[01;35m\x1b[Ksl_u32 timeout = DEFAULT_TIMEOUT\x1b[m\x1b[K)\n'}
[3.013996] (sllidar_ros2) StderrLine: {'line': b'      |                        \x1b[01;35m\x1b[K~~~~~~~^~~~~~~~~~~~~~~~~~~~~~~~~\x1b[m\x1b[K\n'}
[3.015592] (-) TimerEvent: {}
[3.016150] (sllidar_ros2) StderrLine: {'line': b'\x1b[01m\x1b[K/home/andres/Documents/Proyecto_G/LIDAR_prog_ws/src/src/sllidar_ros2/sdk/src/sl_lidar_driver.cpp:\x1b[m\x1b[K In member function \xe2\x80\x98\x1b[01m\x1b[Kvirtual sl_result sl::SlamtecLidarDriver::getFrequency(const sl::LidarScanMode&, const sl_lidar_response_measurement_node_hq_t*, size_t, float&)\x1b[m\x1b[K\xe2\x80\x99:\n'}
[3.016322] (sllidar_ros2) StderrLine: {'line': b'\x1b[01m\x1b[K/home/andres/Documents/Proyecto_G/LIDAR_prog_ws/src/src/sllidar_ros2/sdk/src/sl_lidar_driver.cpp:880:110:\x1b[m\x1b[K \x1b[01;35m\x1b[Kwarning: \x1b[m\x1b[Kunused parameter \xe2\x80\x98\x1b[01m\x1b[Knodes\x1b[m\x1b[K\xe2\x80\x99 [\x1b[01;35m\x1b[K\x1b]8;;https://gcc.gnu.org/onlinedocs/gcc/Warning-Options.html#index-Wunused-parameter\x07-Wunused-parameter\x1b]8;;\x07\x1b[m\x1b[K]\n'}
[3.016454] (sllidar_ros2) StderrLine: {'line': b'  880 |         sl_result getFrequency(const LidarScanMode& scanMode, \x1b[01;35m\x1b[Kconst sl_lidar_response_measurement_node_hq_t* nodes\x1b[m\x1b[K, size_t count, float& frequency)\n'}
[3.016580] (sllidar_ros2) StderrLine: {'line': b'      |                                                               \x1b[01;35m\x1b[K~~~~~~~~~~~~~~~~~~~~~~~~~~~~~~~~~~~~~~~~~~~~~~~^~~~~\x1b[m\x1b[K\n'}
[3.019566] (sllidar_ros2) StderrLine: {'line': b'\x1b[01m\x1b[K/home/andres/Documents/Proyecto_G/LIDAR_prog_ws/src/src/sllidar_ros2/sdk/src/sl_lidar_driver.cpp:\x1b[m\x1b[K In member function \xe2\x80\x98\x1b[01m\x1b[Kvirtual sl_result sl::SlamtecLidarDriver::getMotorInfo(sl::LidarMotorInfo&, sl_u32)\x1b[m\x1b[K\xe2\x80\x99:\n'}
[3.019998] (sllidar_ros2) StderrLine: {'line': b'\x1b[01m\x1b[K/home/andres/Documents/Proyecto_G/LIDAR_prog_ws/src/src/sllidar_ros2/sdk/src/sl_lidar_driver.cpp:1023:66:\x1b[m\x1b[K \x1b[01;35m\x1b[Kwarning: \x1b[m\x1b[Kunused parameter \xe2\x80\x98\x1b[01m\x1b[KtimeoutInMs\x1b[m\x1b[K\xe2\x80\x99 [\x1b[01;35m\x1b[K\x1b]8;;https://gcc.gnu.org/onlinedocs/gcc/Warning-Options.html#index-Wunused-parameter\x07-Wunused-parameter\x1b]8;;\x07\x1b[m\x1b[K]\n'}
[3.020212] (sllidar_ros2) StderrLine: {'line': b' 1023 |         sl_result getMotorInfo(LidarMotorInfo &motorInfo, \x1b[01;35m\x1b[Ksl_u32 timeoutInMs\x1b[m\x1b[K)\n'}
[3.020356] (sllidar_ros2) StderrLine: {'line': b'      |                                                           \x1b[01;35m\x1b[K~~~~~~~^~~~~~~~~~~\x1b[m\x1b[K\n'}
[3.021324] (sllidar_ros2) StderrLine: {'line': b'\x1b[01m\x1b[K/home/andres/Documents/Proyecto_G/LIDAR_prog_ws/src/src/sllidar_ros2/sdk/src/sl_lidar_driver.cpp:\x1b[m\x1b[K In member function \xe2\x80\x98\x1b[01m\x1b[Ku_result sl::SlamtecLidarDriver::getScanModeCount(sl_u16&, sl_u32)\x1b[m\x1b[K\xe2\x80\x99:\n'}
[3.021562] (sllidar_ros2) StderrLine: {'line': b'\x1b[01m\x1b[K/home/andres/Documents/Proyecto_G/LIDAR_prog_ws/src/src/sllidar_ros2/sdk/src/sl_lidar_driver.cpp:1199:61:\x1b[m\x1b[K \x1b[01;35m\x1b[Kwarning: \x1b[m\x1b[Kunused parameter \xe2\x80\x98\x1b[01m\x1b[KtimeoutInMs\x1b[m\x1b[K\xe2\x80\x99 [\x1b[01;35m\x1b[K\x1b]8;;https://gcc.gnu.org/onlinedocs/gcc/Warning-Options.html#index-Wunused-parameter\x07-Wunused-parameter\x1b]8;;\x07\x1b[m\x1b[K]\n'}
[3.021693] (sllidar_ros2) StderrLine: {'line': b' 1199 |         u_result getScanModeCount(sl_u16& modeCount, \x1b[01;35m\x1b[Ksl_u32 timeoutInMs = DEFAULT_TIMEOUT\x1b[m\x1b[K)\n'}
[3.021808] (sllidar_ros2) StderrLine: {'line': b'      |                                                      \x1b[01;35m\x1b[K~~~~~~~^~~~~~~~~~~~~~~~~~~~~~~~~~~~~\x1b[m\x1b[K\n'}
[3.076348] (sllidar_ros2) StderrLine: {'line': b'/home/andres/Documents/Proyecto_G/LIDAR_prog_ws/src/src/sllidar_ros2/sdk/src/sl_lidar_driver.cpp: In instantiation of \xe2\x80\x98\x1b[01m\x1b[Kvoid sl::RawSampleNodeHolder<T>::pushNode(_u64, const T*) [with T = sl_lidar_response_measurement_node_hq_t; _u64 = long unsigned int]\x1b[m\x1b[K\xe2\x80\x99:\n'}
[3.076538] (sllidar_ros2) StderrLine: {'line': b'\x1b[01m\x1b[K/home/andres/Documents/Proyecto_G/LIDAR_prog_ws/src/src/sllidar_ros2/sdk/src/sl_lidar_driver.cpp:1648:42:\x1b[m\x1b[K   required from here\n'}
[3.076606] (sllidar_ros2) StderrLine: {'line': b'\x1b[01m\x1b[K/home/andres/Documents/Proyecto_G/LIDAR_prog_ws/src/src/sllidar_ros2/sdk/src/sl_lidar_driver.cpp:202:28:\x1b[m\x1b[K \x1b[01;35m\x1b[Kwarning: \x1b[m\x1b[Kunused parameter \xe2\x80\x98\x1b[01m\x1b[Ktimestamp_uS\x1b[m\x1b[K\xe2\x80\x99 [\x1b[01;35m\x1b[K\x1b]8;;https://gcc.gnu.org/onlinedocs/gcc/Warning-Options.html#index-Wunused-parameter\x07-Wunused-parameter\x1b]8;;\x07\x1b[m\x1b[K]\n'}
[3.076678] (sllidar_ros2) StderrLine: {'line': b'  202 |         void pushNode(\x1b[01;35m\x1b[K_u64 timestamp_uS\x1b[m\x1b[K, const T* node)\n'}
[3.076730] (sllidar_ros2) StderrLine: {'line': b'      |                       \x1b[01;35m\x1b[K~~~~~^~~~~~~~~~~~\x1b[m\x1b[K\n'}
[3.115736] (-) TimerEvent: {}
[3.216178] (-) TimerEvent: {}
[3.231140] (sllidar_ros2) StderrLine: {'line': b'\x1b[01m\x1b[K/home/andres/Documents/Proyecto_G/LIDAR_prog_ws/src/src/sllidar_ros2/sdk/src/sl_lidar_driver.cpp:\x1b[m\x1b[K At global scope:\n'}
[3.231405] (sllidar_ros2) StderrLine: {'line': b'\x1b[01m\x1b[K/home/andres/Documents/Proyecto_G/LIDAR_prog_ws/src/src/sllidar_ros2/sdk/src/sl_lidar_driver.cpp:83:17:\x1b[m\x1b[K \x1b[01;35m\x1b[Kwarning: \x1b[m\x1b[K\xe2\x80\x98\x1b[01m\x1b[Kvoid sl::convert(const sl_lidar_response_measurement_node_hq_t&, sl_lidar_response_measurement_node_t&)\x1b[m\x1b[K\xe2\x80\x99 defined but not used [\x1b[01;35m\x1b[K\x1b]8;;https://gcc.gnu.org/onlinedocs/gcc/Warning-Options.html#index-Wunused-function\x07-Wunused-function\x1b]8;;\x07\x1b[m\x1b[K]\n'}
[3.231481] (sllidar_ros2) StderrLine: {'line': b'   83 |     static void \x1b[01;35m\x1b[Kconvert\x1b[m\x1b[K(const sl_lidar_response_measurement_node_hq_t& from, sl_lidar_response_measurement_node_t& to)\n'}
[3.231540] (sllidar_ros2) StderrLine: {'line': b'      |                 \x1b[01;35m\x1b[K^~~~~~~\x1b[m\x1b[K\n'}
[3.231593] (sllidar_ros2) StderrLine: {'line': b'\x1b[01m\x1b[K/home/andres/Documents/Proyecto_G/LIDAR_prog_ws/src/src/sllidar_ros2/sdk/src/sl_lidar_driver.cpp:75:17:\x1b[m\x1b[K \x1b[01;35m\x1b[Kwarning: \x1b[m\x1b[K\xe2\x80\x98\x1b[01m\x1b[Kvoid sl::convert(const sl_lidar_response_measurement_node_t&, sl_lidar_response_measurement_node_hq_t&)\x1b[m\x1b[K\xe2\x80\x99 defined but not used [\x1b[01;35m\x1b[K\x1b]8;;https://gcc.gnu.org/onlinedocs/gcc/Warning-Options.html#index-Wunused-function\x07-Wunused-function\x1b]8;;\x07\x1b[m\x1b[K]\n'}
[3.231650] (sllidar_ros2) StderrLine: {'line': b'   75 |     static void \x1b[01;35m\x1b[Kconvert\x1b[m\x1b[K(const sl_lidar_response_measurement_node_t& from, sl_lidar_response_measurement_node_hq_t& to)\n'}
[3.231709] (sllidar_ros2) StderrLine: {'line': b'      |                 \x1b[01;35m\x1b[K^~~~~~~\x1b[m\x1b[K\n'}
[3.231757] (sllidar_ros2) StderrLine: {'line': b'\x1b[01m\x1b[K/home/andres/Documents/Proyecto_G/LIDAR_prog_ws/src/src/sllidar_ros2/sdk/src/sl_lidar_driver.cpp:70:17:\x1b[m\x1b[K \x1b[01;35m\x1b[Kwarning: \x1b[m\x1b[K\xe2\x80\x98\x1b[01m\x1b[Kvoid sl::printDeprecationWarn(const char*, const char*)\x1b[m\x1b[K\xe2\x80\x99 defined but not used [\x1b[01;35m\x1b[K\x1b]8;;https://gcc.gnu.org/onlinedocs/gcc/Warning-Options.html#index-Wunused-function\x07-Wunused-function\x1b]8;;\x07\x1b[m\x1b[K]\n'}
[3.231820] (sllidar_ros2) StderrLine: {'line': b'   70 |     static void \x1b[01;35m\x1b[KprintDeprecationWarn\x1b[m\x1b[K(const char* fn, const char* replacement)\n'}
[3.231870] (sllidar_ros2) StderrLine: {'line': b'      |                 \x1b[01;35m\x1b[K^~~~~~~~~~~~~~~~~~~~\x1b[m\x1b[K\n'}
[3.316300] (-) TimerEvent: {}
[3.416663] (-) TimerEvent: {}
[3.517033] (-) TimerEvent: {}
[3.617453] (-) TimerEvent: {}
[3.717826] (-) TimerEvent: {}
[3.818245] (-) TimerEvent: {}
[3.918575] (-) TimerEvent: {}
[4.018911] (-) TimerEvent: {}
[4.119301] (-) TimerEvent: {}
[4.219651] (-) TimerEvent: {}
[4.319986] (-) TimerEvent: {}
[4.420310] (-) TimerEvent: {}
[4.520684] (-) TimerEvent: {}
[4.621034] (-) TimerEvent: {}
[4.721387] (-) TimerEvent: {}
[4.821743] (-) TimerEvent: {}
[4.922101] (-) TimerEvent: {}
[5.022436] (-) TimerEvent: {}
[5.122808] (-) TimerEvent: {}
[5.223192] (-) TimerEvent: {}
[5.239174] (sllidar_ros2) StderrLine: {'line': b'In file included from \x1b[01m\x1b[K/home/andres/Documents/Proyecto_G/LIDAR_prog_ws/src/src/sllidar_ros2/./sdk/include/sl_lidar_cmd.h:41\x1b[m\x1b[K,\n'}
[5.239410] (sllidar_ros2) StderrLine: {'line': b'                 from \x1b[01m\x1b[K/home/andres/Documents/Proyecto_G/LIDAR_prog_ws/src/src/sllidar_ros2/./sdk/include/sl_lidar_driver.h:54\x1b[m\x1b[K,\n'}
[5.239546] (sllidar_ros2) StderrLine: {'line': b'                 from \x1b[01m\x1b[K/home/andres/Documents/Proyecto_G/LIDAR_prog_ws/src/src/sllidar_ros2/./sdk/include/sl_lidar.h:36\x1b[m\x1b[K,\n'}
[5.239656] (sllidar_ros2) StderrLine: {'line': b'                 from \x1b[01m\x1b[K/home/andres/Documents/Proyecto_G/LIDAR_prog_ws/src/src/sllidar_ros2/src/sllidar_node.cpp:38\x1b[m\x1b[K:\n'}
[5.239777] (sllidar_ros2) StderrLine: {'line': b'\x1b[01m\x1b[K/home/andres/Documents/Proyecto_G/LIDAR_prog_ws/src/src/sllidar_ros2/./sdk/include/sl_lidar_protocol.h:66:16:\x1b[m\x1b[K \x1b[01;35m\x1b[Kwarning: \x1b[m\x1b[KISO C++ forbids zero-size array \xe2\x80\x98\x1b[01m\x1b[Kdata\x1b[m\x1b[K\xe2\x80\x99 [\x1b[01;35m\x1b[K\x1b]8;;https://gcc.gnu.org/onlinedocs/gcc/Warning-Options.html#index-Wpedantic\x07-Wpedantic\x1b]8;;\x07\x1b[m\x1b[K]\n'}
[5.239911] (sllidar_ros2) StderrLine: {'line': b'   66 |     sl_u8 data[\x1b[01;35m\x1b[K0\x1b[m\x1b[K];\n'}
[5.240111] (sllidar_ros2) StderrLine: {'line': b'      |                \x1b[01;35m\x1b[K^\x1b[m\x1b[K\n'}
[5.240191] (sllidar_ros2) StderrLine: {'line': b'In file included from \x1b[01m\x1b[K/home/andres/Documents/Proyecto_G/LIDAR_prog_ws/src/src/sllidar_ros2/./sdk/include/sl_lidar_driver.h:54\x1b[m\x1b[K,\n'}
[5.240260] (sllidar_ros2) StderrLine: {'line': b'                 from \x1b[01m\x1b[K/home/andres/Documents/Proyecto_G/LIDAR_prog_ws/src/src/sllidar_ros2/./sdk/include/sl_lidar.h:36\x1b[m\x1b[K,\n'}
[5.240323] (sllidar_ros2) StderrLine: {'line': b'                 from \x1b[01m\x1b[K/home/andres/Documents/Proyecto_G/LIDAR_prog_ws/src/src/sllidar_ros2/src/sllidar_node.cpp:38\x1b[m\x1b[K:\n'}
[5.240386] (sllidar_ros2) StderrLine: {'line': b'\x1b[01m\x1b[K/home/andres/Documents/Proyecto_G/LIDAR_prog_ws/src/src/sllidar_ros2/./sdk/include/sl_lidar_cmd.h:324:20:\x1b[m\x1b[K \x1b[01;35m\x1b[Kwarning: \x1b[m\x1b[KISO C++ forbids zero-size array \xe2\x80\x98\x1b[01m\x1b[Kpayload\x1b[m\x1b[K\xe2\x80\x99 [\x1b[01;35m\x1b[K\x1b]8;;https://gcc.gnu.org/onlinedocs/gcc/Warning-Options.html#index-Wpedantic\x07-Wpedantic\x1b]8;;\x07\x1b[m\x1b[K]\n'}
[5.240469] (sllidar_ros2) StderrLine: {'line': b'  324 |     sl_u8  payload[\x1b[01;35m\x1b[K0\x1b[m\x1b[K];\n'}
[5.240532] (sllidar_ros2) StderrLine: {'line': b'      |                    \x1b[01;35m\x1b[K^\x1b[m\x1b[K\n'}
[5.323312] (-) TimerEvent: {}
[5.423640] (-) TimerEvent: {}
[5.523983] (-) TimerEvent: {}
[5.624320] (-) TimerEvent: {}
[5.724670] (-) TimerEvent: {}
[5.825005] (-) TimerEvent: {}
[5.925333] (-) TimerEvent: {}
[6.025645] (-) TimerEvent: {}
[6.125989] (-) TimerEvent: {}
[6.226368] (-) TimerEvent: {}
[6.326697] (-) TimerEvent: {}
[6.427043] (-) TimerEvent: {}
[6.527421] (-) TimerEvent: {}
[6.627804] (-) TimerEvent: {}
[6.728163] (-) TimerEvent: {}
[6.828526] (-) TimerEvent: {}
[6.928858] (-) TimerEvent: {}
[7.029196] (-) TimerEvent: {}
[7.129513] (-) TimerEvent: {}
[7.229840] (-) TimerEvent: {}
[7.330171] (-) TimerEvent: {}
[7.430491] (-) TimerEvent: {}
[7.530811] (-) TimerEvent: {}
[7.631165] (-) TimerEvent: {}
[7.731623] (-) TimerEvent: {}
[7.831922] (-) TimerEvent: {}
[7.932253] (-) TimerEvent: {}
[8.032585] (-) TimerEvent: {}
[8.125051] (sllidar_ros2) StdoutLine: {'line': b'[ 95%] \x1b[32m\x1b[1mLinking CXX executable sllidar_node\x1b[0m\n'}
[8.132700] (-) TimerEvent: {}
[8.233000] (-) TimerEvent: {}
[8.333289] (-) TimerEvent: {}
[8.347060] (sllidar_ros2) StdoutLine: {'line': b'[ 95%] Built target sllidar_node\n'}
[8.433392] (-) TimerEvent: {}
[8.533668] (-) TimerEvent: {}
[8.633953] (-) TimerEvent: {}
[8.734284] (-) TimerEvent: {}
[8.834563] (-) TimerEvent: {}
[8.934885] (-) TimerEvent: {}
[9.035171] (-) TimerEvent: {}
[9.135449] (-) TimerEvent: {}
[9.235721] (-) TimerEvent: {}
[9.335995] (-) TimerEvent: {}
[9.436267] (-) TimerEvent: {}
[9.536545] (-) TimerEvent: {}
[9.636816] (-) TimerEvent: {}
[9.737098] (-) TimerEvent: {}
[9.837370] (-) TimerEvent: {}
[9.937645] (-) TimerEvent: {}
[10.037924] (-) TimerEvent: {}
[10.138225] (-) TimerEvent: {}
[10.238536] (-) TimerEvent: {}
[10.338853] (-) TimerEvent: {}
[10.381221] (sllidar_ros2) StdoutLine: {'line': b'[100%] \x1b[32m\x1b[1mLinking CXX executable sllidar_client\x1b[0m\n'}
[10.438990] (-) TimerEvent: {}
[10.539361] (-) TimerEvent: {}
[10.639709] (-) TimerEvent: {}
[10.687234] (sllidar_ros2) StdoutLine: {'line': b'[100%] Built target sllidar_client\n'}
[10.700229] (sllidar_ros2) CommandEnded: {'returncode': 0}
[10.701036] (sllidar_ros2) JobProgress: {'identifier': 'sllidar_ros2', 'progress': 'install'}
[10.711264] (sllidar_ros2) Command: {'cmd': ['/usr/bin/cmake', '--install', '/home/andres/Documents/Proyecto_G/LIDAR_prog_ws/build/sllidar_ros2'], 'cwd': '/home/andres/Documents/Proyecto_G/LIDAR_prog_ws/build/sllidar_ros2', 'env': OrderedDict([('LESSOPEN', '| /usr/bin/lesspipe %s'), ('LANGUAGE', 'en_US:en'), ('USER', 'andres'), ('LC_TIME', 'es_BO.UTF-8'), ('XDG_SESSION_TYPE', 'wayland'), ('SHLVL', '1'), ('LD_LIBRARY_PATH', '/home/andres/microros_ws/install/micro_ros_agent/lib:/home/andres/microros_ws/install/micro_ros_msgs/lib:/home/andres/turtlebot3_ws/install/turtlebot3_msgs/lib:/home/andres/turtlebot3_ws/install/dynamixel_sdk_custom_interfaces/lib:/home/andres/turtlebot3_ws/install/dynamixel_sdk/lib:/opt/ros/humble/opt/rviz_ogre_vendor/lib:/opt/ros/humble/lib/x86_64-linux-gnu:/opt/ros/humble/lib:/usr/lib/x86_64-linux-gnu/gazebo-11/plugins:'), ('HOME', '/home/andres'), ('OLDPWD', '/home/andres/Documents/Proyecto_G/LIDAR_prog_ws/src'), ('DESKTOP_SESSION', 'ubuntu'), ('GAZEBO_MASTER_URI', 'http://localhost:11345'), ('ROS_PYTHON_VERSION', '3'), ('GNOME_SHELL_SESSION_MODE', 'ubuntu'), ('GTK_MODULES', 'gail:atk-bridge'), ('LC_MONETARY', 'es_BO.UTF-8'), ('MANAGERPID', '2418'), ('SYSTEMD_EXEC_PID', '2785'), ('DBUS_SESSION_BUS_ADDRESS', 'unix:path=/run/user/1000/bus'), ('COLORTERM', 'truecolor'), ('TERMINATOR_DBUS_NAME', 'net.tenshu.Terminator25ef4b219e3b005583550f2b0f9f990c3'), ('GIO_LAUNCHED_DESKTOP_FILE_PID', '14232'), ('PICO_TOOLCHAIN_PATH', '...'), ('IM_CONFIG_PHASE', '1'), ('WAYLAND_DISPLAY', 'wayland-0'), ('COLCON_PREFIX_PATH', '/home/andres/microros_ws/install:/home/andres/turtlebot3_ws/install:/home/andres/Documents/Robotica/LIDAR/install:/home/andres/ros2_ws/install'), ('ROS_DISTRO', 'humble'), ('LOGNAME', 'andres'), ('IGN_GAZEBO_MODEL_PATH', '/opt/ros/humble/share'), ('JOURNAL_STREAM', '8:16349'), ('_', '/usr/bin/colcon'), ('ROS_VERSION', '2'), ('XDG_SESSION_CLASS', 'user'), ('USERNAME', 'andres'), ('TERM', 'xterm-256color'), ('GAZEBO_MODEL_PATH', '/usr/share/gazebo-11/models:/opt/ros/humble/share'), ('GNOME_DESKTOP_SESSION_ID', 'this-is-deprecated'), ('ROS_LOCALHOST_ONLY', '0'), ('OGRE_RESOURCE_PATH', '/usr/lib/x86_64-linux-gnu/OGRE-1.9.0'), ('PATH', '/opt/ros/humble/bin:/home/andres/.local/bin:/usr/local/sbin:/usr/local/bin:/usr/sbin:/usr/bin:/sbin:/bin:/usr/games:/usr/local/games:/snap/bin:/snap/bin'), ('SESSION_MANAGER', 'local/andresHp:@/tmp/.ICE-unix/2570,unix/andresHp:/tmp/.ICE-unix/2570'), ('INVOCATION_ID', '2ac124e77aad43b2b36e588efed00213'), ('PAPERSIZE', 'letter'), ('XDG_MENU_PREFIX', 'gnome-'), ('LC_ADDRESS', 'es_BO.UTF-8'), ('GNOME_SETUP_DISPLAY', ':1'), ('XDG_RUNTIME_DIR', '/run/user/1000'), ('DISPLAY', ':0'), ('TERMINATOR_DBUS_PATH', '/net/tenshu/Terminator2'), ('LANG', 'en_US.UTF-8'), ('XDG_CURRENT_DESKTOP', 'ubuntu:GNOME'), ('IBUS_DISABLE_SNOOPER', '1'), ('LC_TELEPHONE', 'es_BO.UTF-8'), ('XMODIFIERS', '@im=ibus'), ('XDG_SESSION_DESKTOP', 'ubuntu'), ('XAUTHORITY', '/run/user/1000/.mutter-Xwaylandauth.HKOSP3'), ('LS_COLORS', 'rs=0:di=01;34:ln=01;36:mh=00:pi=40;33:so=01;35:do=01;35:bd=40;33;01:cd=40;33;01:or=40;31;01:mi=00:su=37;41:sg=30;43:ca=30;41:tw=30;42:ow=34;42:st=37;44:ex=01;32:*.tar=01;31:*.tgz=01;31:*.arc=01;31:*.arj=01;31:*.taz=01;31:*.lha=01;31:*.lz4=01;31:*.lzh=01;31:*.lzma=01;31:*.tlz=01;31:*.txz=01;31:*.tzo=01;31:*.t7z=01;31:*.zip=01;31:*.z=01;31:*.dz=01;31:*.gz=01;31:*.lrz=01;31:*.lz=01;31:*.lzo=01;31:*.xz=01;31:*.zst=01;31:*.tzst=01;31:*.bz2=01;31:*.bz=01;31:*.tbz=01;31:*.tbz2=01;31:*.tz=01;31:*.deb=01;31:*.rpm=01;31:*.jar=01;31:*.war=01;31:*.ear=01;31:*.sar=01;31:*.rar=01;31:*.alz=01;31:*.ace=01;31:*.zoo=01;31:*.cpio=01;31:*.7z=01;31:*.rz=01;31:*.cab=01;31:*.wim=01;31:*.swm=01;31:*.dwm=01;31:*.esd=01;31:*.jpg=01;35:*.jpeg=01;35:*.mjpg=01;35:*.mjpeg=01;35:*.gif=01;35:*.bmp=01;35:*.pbm=01;35:*.pgm=01;35:*.ppm=01;35:*.tga=01;35:*.xbm=01;35:*.xpm=01;35:*.tif=01;35:*.tiff=01;35:*.png=01;35:*.svg=01;35:*.svgz=01;35:*.mng=01;35:*.pcx=01;35:*.mov=01;35:*.mpg=01;35:*.mpeg=01;35:*.m2v=01;35:*.mkv=01;35:*.webm=01;35:*.webp=01;35:*.ogm=01;35:*.mp4=01;35:*.m4v=01;35:*.mp4v=01;35:*.vob=01;35:*.qt=01;35:*.nuv=01;35:*.wmv=01;35:*.asf=01;35:*.rm=01;35:*.rmvb=01;35:*.flc=01;35:*.avi=01;35:*.fli=01;35:*.flv=01;35:*.gl=01;35:*.dl=01;35:*.xcf=01;35:*.xwd=01;35:*.yuv=01;35:*.cgm=01;35:*.emf=01;35:*.ogv=01;35:*.ogx=01;35:*.aac=00;36:*.au=00;36:*.flac=00;36:*.m4a=00;36:*.mid=00;36:*.midi=00;36:*.mka=00;36:*.mp3=00;36:*.mpc=00;36:*.ogg=00;36:*.ra=00;36:*.wav=00;36:*.oga=00;36:*.opus=00;36:*.spx=00;36:*.xspf=00;36:'), ('SSH_AGENT_LAUNCHER', 'gnome-keyring'), ('SSH_AUTH_SOCK', '/run/user/1000/keyring/ssh'), ('ROS_DOMAIN_ID', '30'), ('AMENT_PREFIX_PATH', '/home/andres/microros_ws/install/micro_ros_setup:/home/andres/microros_ws/install/micro_ros_agent:/home/andres/microros_ws/install/micro_ros_msgs:/home/andres/turtlebot3_ws/install/turtlebot3:/home/andres/turtlebot3_ws/install/turtlebot3_teleop:/home/andres/turtlebot3_ws/install/turtlebot3_simulations:/home/andres/turtlebot3_ws/install/turtlebot3_bringup:/home/andres/turtlebot3_ws/install/turtlebot3_node:/home/andres/turtlebot3_ws/install/turtlebot3_navigation2:/home/andres/turtlebot3_ws/install/turtlebot3_fake_node:/home/andres/turtlebot3_ws/install/turtlebot3_example:/home/andres/turtlebot3_ws/install/turtlebot3_msgs:/home/andres/turtlebot3_ws/install/turtlebot3_manipulation_gazebo:/home/andres/turtlebot3_ws/install/turtlebot3_gazebo:/home/andres/turtlebot3_ws/install/turtlebot3_description:/home/andres/turtlebot3_ws/install/turtlebot3_cartographer:/home/andres/turtlebot3_ws/install/dynamixel_sdk_examples:/home/andres/turtlebot3_ws/install/dynamixel_sdk_custom_interfaces:/home/andres/turtlebot3_ws/install/dynamixel_sdk:/home/andres/ros2_ws/install/sllidar_ros2:/home/andres/ros2_ws/install/my_robot_gazebo:/home/andres/Documents/Robotica/LIDAR/install/sllidar_ros2:/opt/ros/humble'), ('SHELL', '/bin/bash'), ('LC_NAME', 'es_BO.UTF-8'), ('TERMINATOR_UUID', 'urn:uuid:017c41cf-816c-48eb-bb43-2b4e4b855394'), ('QT_ACCESSIBILITY', '1'), ('GDMSESSION', 'ubuntu'), ('LESSCLOSE', '/usr/bin/lesspipe %s %s'), ('IGN_GAZEBO_RESOURCE_PATH', '/opt/ros/humble/share'), ('LC_MEASUREMENT', 'es_BO.UTF-8'), ('GAZEBO_RESOURCE_PATH', '/usr/share/gazebo-11:/opt/ros/humble/share'), ('LC_IDENTIFICATION', 'es_BO.UTF-8'), ('GAZEBO_MODEL_DATABASE_URI', 'http://models.gazebosim.org'), ('QT_IM_MODULE', 'ibus'), ('PWD', '/home/andres/Documents/Proyecto_G/LIDAR_prog_ws/build/sllidar_ros2'), ('TURTLEBOT3_MODEL', 'burger'), ('LC_ALL', 'en_US.UTF-8'), ('XDG_CONFIG_DIRS', '/etc/xdg/xdg-ubuntu:/etc/xdg'), ('PICO_SDK_PATH', '/home/andres/pico-sdk'), ('GAZEBO_PLUGIN_PATH', '/usr/lib/x86_64-linux-gnu/gazebo-11/plugins:'), ('XDG_DATA_DIRS', '/usr/share/ubuntu:/usr/local/share/:/usr/share/:/var/lib/snapd/desktop'), ('PYTHONPATH', '/home/andres/microros_ws/install/micro_ros_msgs/local/lib/python3.10/dist-packages:/home/andres/turtlebot3_ws/install/turtlebot3_teleop/lib/python3.10/site-packages:/home/andres/turtlebot3_ws/install/turtlebot3_example/lib/python3.10/site-packages:/home/andres/turtlebot3_ws/install/turtlebot3_msgs/local/lib/python3.10/dist-packages:/home/andres/turtlebot3_ws/install/dynamixel_sdk_custom_interfaces/local/lib/python3.10/dist-packages:/home/andres/turtlebot3_ws/install/dynamixel_sdk/local/lib/python3.10/dist-packages:/opt/ros/humble/lib/python3.10/site-packages:/opt/ros/humble/local/lib/python3.10/dist-packages'), ('LC_NUMERIC', 'es_BO.UTF-8'), ('LC_PAPER', 'es_BO.UTF-8'), ('COLCON', '1'), ('VTE_VERSION', '6800'), ('CMAKE_PREFIX_PATH', '/home/andres/microros_ws/install/micro_ros_setup:/home/andres/microros_ws/install/micro_ros_agent:/home/andres/microros_ws/install/micro_ros_msgs:/home/andres/turtlebot3_ws/install/turtlebot3:/home/andres/turtlebot3_ws/install/turtlebot3_simulations:/home/andres/turtlebot3_ws/install/turtlebot3_bringup:/home/andres/turtlebot3_ws/install/turtlebot3_node:/home/andres/turtlebot3_ws/install/turtlebot3_navigation2:/home/andres/turtlebot3_ws/install/turtlebot3_fake_node:/home/andres/turtlebot3_ws/install/turtlebot3_msgs:/home/andres/turtlebot3_ws/install/turtlebot3_manipulation_gazebo:/home/andres/turtlebot3_ws/install/turtlebot3_gazebo:/home/andres/turtlebot3_ws/install/turtlebot3_description:/home/andres/turtlebot3_ws/install/turtlebot3_cartographer:/home/andres/turtlebot3_ws/install/dynamixel_sdk_examples:/home/andres/turtlebot3_ws/install/dynamixel_sdk_custom_interfaces:/home/andres/turtlebot3_ws/install/dynamixel_sdk:/home/andres/ros2_ws/install/sllidar_ros2:/home/andres/ros2_ws/install/my_robot_gazebo:/home/andres/Documents/Robotica/LIDAR/install/sllidar_ros2:/home/andres/turtlebot3_ws/install/turtlebot3_teleop:/home/andres/turtlebot3_ws/install/turtlebot3_example:/opt/ros/humble')]), 'shell': False}
[10.720008] (sllidar_ros2) StdoutLine: {'line': b'-- Install configuration: ""\n'}
[10.720509] (sllidar_ros2) StdoutLine: {'line': b'-- Execute custom install script\n'}
[10.721390] (sllidar_ros2) StdoutLine: {'line': b'-- Symlinking: /home/andres/Documents/Proyecto_G/LIDAR_prog_ws/install/sllidar_ros2/share/sllidar_ros2/launch/sllidar_a1_launch.py\n'}
[10.731318] (sllidar_ros2) StdoutLine: {'line': b'-- Symlinking: /home/andres/Documents/Proyecto_G/LIDAR_prog_ws/install/sllidar_ros2/share/sllidar_ros2/launch/sllidar_a2m12_launch .py\n'}
[10.739788] (-) TimerEvent: {}
[10.740585] (sllidar_ros2) StdoutLine: {'line': b'-- Symlinking: /home/andres/Documents/Proyecto_G/LIDAR_prog_ws/install/sllidar_ros2/share/sllidar_ros2/launch/sllidar_a2m7_launch.py\n'}
[10.749188] (sllidar_ros2) StdoutLine: {'line': b'-- Symlinking: /home/andres/Documents/Proyecto_G/LIDAR_prog_ws/install/sllidar_ros2/share/sllidar_ros2/launch/sllidar_a2m8_launch.py\n'}
[10.757637] (sllidar_ros2) StdoutLine: {'line': b'-- Symlinking: /home/andres/Documents/Proyecto_G/LIDAR_prog_ws/install/sllidar_ros2/share/sllidar_ros2/launch/sllidar_a3_launch.py\n'}
[10.767727] (sllidar_ros2) StdoutLine: {'line': b'-- Symlinking: /home/andres/Documents/Proyecto_G/LIDAR_prog_ws/install/sllidar_ros2/share/sllidar_ros2/launch/sllidar_c1_launch.py\n'}
[10.777278] (sllidar_ros2) StdoutLine: {'line': b'-- Symlinking: /home/andres/Documents/Proyecto_G/LIDAR_prog_ws/install/sllidar_ros2/share/sllidar_ros2/launch/sllidar_s1_launch.py\n'}
[10.786026] (sllidar_ros2) StdoutLine: {'line': b'-- Symlinking: /home/andres/Documents/Proyecto_G/LIDAR_prog_ws/install/sllidar_ros2/share/sllidar_ros2/launch/sllidar_s1_tcp_launch.py\n'}
[10.795693] (sllidar_ros2) StdoutLine: {'line': b'-- Symlinking: /home/andres/Documents/Proyecto_G/LIDAR_prog_ws/install/sllidar_ros2/share/sllidar_ros2/launch/sllidar_s2_launch.py\n'}
[10.804826] (sllidar_ros2) StdoutLine: {'line': b'-- Symlinking: /home/andres/Documents/Proyecto_G/LIDAR_prog_ws/install/sllidar_ros2/share/sllidar_ros2/launch/sllidar_s2e_launch.py\n'}
[10.813819] (sllidar_ros2) StdoutLine: {'line': b'-- Symlinking: /home/andres/Documents/Proyecto_G/LIDAR_prog_ws/install/sllidar_ros2/share/sllidar_ros2/launch/sllidar_s3_launch.py\n'}
[10.823031] (sllidar_ros2) StdoutLine: {'line': b'-- Symlinking: /home/andres/Documents/Proyecto_G/LIDAR_prog_ws/install/sllidar_ros2/share/sllidar_ros2/launch/sllidar_t1_launch.py\n'}
[10.831029] (sllidar_ros2) StdoutLine: {'line': b'-- Symlinking: /home/andres/Documents/Proyecto_G/LIDAR_prog_ws/install/sllidar_ros2/share/sllidar_ros2/launch/view_sllidar_a1_launch.py\n'}
[10.839185] (sllidar_ros2) StdoutLine: {'line': b'-- Symlinking: /home/andres/Documents/Proyecto_G/LIDAR_prog_ws/install/sllidar_ros2/share/sllidar_ros2/launch/view_sllidar_a2m12_launch.py\n'}
[10.839865] (-) TimerEvent: {}
[10.847424] (sllidar_ros2) StdoutLine: {'line': b'-- Symlinking: /home/andres/Documents/Proyecto_G/LIDAR_prog_ws/install/sllidar_ros2/share/sllidar_ros2/launch/view_sllidar_a2m7_launch.py\n'}
[10.855794] (sllidar_ros2) StdoutLine: {'line': b'-- Symlinking: /home/andres/Documents/Proyecto_G/LIDAR_prog_ws/install/sllidar_ros2/share/sllidar_ros2/launch/view_sllidar_a2m8_launch.py\n'}
[10.864558] (sllidar_ros2) StdoutLine: {'line': b'-- Symlinking: /home/andres/Documents/Proyecto_G/LIDAR_prog_ws/install/sllidar_ros2/share/sllidar_ros2/launch/view_sllidar_a3_launch.py\n'}
[10.873205] (sllidar_ros2) StdoutLine: {'line': b'-- Symlinking: /home/andres/Documents/Proyecto_G/LIDAR_prog_ws/install/sllidar_ros2/share/sllidar_ros2/launch/view_sllidar_c1_launch.py\n'}
[10.881982] (sllidar_ros2) StdoutLine: {'line': b'-- Symlinking: /home/andres/Documents/Proyecto_G/LIDAR_prog_ws/install/sllidar_ros2/share/sllidar_ros2/launch/view_sllidar_s1_launch.py\n'}
[10.890899] (sllidar_ros2) StdoutLine: {'line': b'-- Symlinking: /home/andres/Documents/Proyecto_G/LIDAR_prog_ws/install/sllidar_ros2/share/sllidar_ros2/launch/view_sllidar_s1_tcp_launch.py\n'}
[10.900007] (sllidar_ros2) StdoutLine: {'line': b'-- Symlinking: /home/andres/Documents/Proyecto_G/LIDAR_prog_ws/install/sllidar_ros2/share/sllidar_ros2/launch/view_sllidar_s2_launch.py\n'}
[10.908707] (sllidar_ros2) StdoutLine: {'line': b'-- Symlinking: /home/andres/Documents/Proyecto_G/LIDAR_prog_ws/install/sllidar_ros2/share/sllidar_ros2/launch/view_sllidar_s2e_launch.py\n'}
[10.917084] (sllidar_ros2) StdoutLine: {'line': b'-- Symlinking: /home/andres/Documents/Proyecto_G/LIDAR_prog_ws/install/sllidar_ros2/share/sllidar_ros2/launch/view_sllidar_s3_launch.py\n'}
[10.926154] (sllidar_ros2) StdoutLine: {'line': b'-- Symlinking: /home/andres/Documents/Proyecto_G/LIDAR_prog_ws/install/sllidar_ros2/share/sllidar_ros2/launch/view_sllidar_t1_launch.py\n'}
[10.934501] (sllidar_ros2) StdoutLine: {'line': b'-- Symlinking: /home/andres/Documents/Proyecto_G/LIDAR_prog_ws/install/sllidar_ros2/share/sllidar_ros2/rviz/sllidar_ros2.rviz\n'}
[10.939960] (-) TimerEvent: {}
[10.943642] (sllidar_ros2) StdoutLine: {'line': b'-- Symlinking: /home/andres/Documents/Proyecto_G/LIDAR_prog_ws/install/sllidar_ros2/lib/sllidar_ros2/sllidar_node\n'}
[10.954749] (sllidar_ros2) StdoutLine: {'line': b'-- Symlinking: /home/andres/Documents/Proyecto_G/LIDAR_prog_ws/install/sllidar_ros2/lib/sllidar_ros2/sllidar_client\n'}
[10.965748] (sllidar_ros2) StdoutLine: {'line': b'-- Symlinking: /home/andres/Documents/Proyecto_G/LIDAR_prog_ws/install/sllidar_ros2/share/ament_index/resource_index/package_run_dependencies/sllidar_ros2\n'}
[10.976203] (sllidar_ros2) StdoutLine: {'line': b'-- Symlinking: /home/andres/Documents/Proyecto_G/LIDAR_prog_ws/install/sllidar_ros2/share/ament_index/resource_index/parent_prefix_path/sllidar_ros2\n'}
[10.986419] (sllidar_ros2) StdoutLine: {'line': b'-- Symlinking: /home/andres/Documents/Proyecto_G/LIDAR_prog_ws/install/sllidar_ros2/share/sllidar_ros2/environment/ament_prefix_path.sh\n'}
[10.997197] (sllidar_ros2) StdoutLine: {'line': b'-- Symlinking: /home/andres/Documents/Proyecto_G/LIDAR_prog_ws/install/sllidar_ros2/share/sllidar_ros2/environment/ament_prefix_path.dsv\n'}
[11.006908] (sllidar_ros2) StdoutLine: {'line': b'-- Symlinking: /home/andres/Documents/Proyecto_G/LIDAR_prog_ws/install/sllidar_ros2/share/sllidar_ros2/environment/path.sh\n'}
[11.016488] (sllidar_ros2) StdoutLine: {'line': b'-- Symlinking: /home/andres/Documents/Proyecto_G/LIDAR_prog_ws/install/sllidar_ros2/share/sllidar_ros2/environment/path.dsv\n'}
[11.026721] (sllidar_ros2) StdoutLine: {'line': b'-- Symlinking: /home/andres/Documents/Proyecto_G/LIDAR_prog_ws/install/sllidar_ros2/share/sllidar_ros2/local_setup.bash\n'}
[11.035056] (sllidar_ros2) StdoutLine: {'line': b'-- Symlinking: /home/andres/Documents/Proyecto_G/LIDAR_prog_ws/install/sllidar_ros2/share/sllidar_ros2/local_setup.sh\n'}
[11.040054] (-) TimerEvent: {}
[11.043156] (sllidar_ros2) StdoutLine: {'line': b'-- Symlinking: /home/andres/Documents/Proyecto_G/LIDAR_prog_ws/install/sllidar_ros2/share/sllidar_ros2/local_setup.zsh\n'}
[11.052075] (sllidar_ros2) StdoutLine: {'line': b'-- Symlinking: /home/andres/Documents/Proyecto_G/LIDAR_prog_ws/install/sllidar_ros2/share/sllidar_ros2/local_setup.dsv\n'}
[11.061315] (sllidar_ros2) StdoutLine: {'line': b'-- Symlinking: /home/andres/Documents/Proyecto_G/LIDAR_prog_ws/install/sllidar_ros2/share/sllidar_ros2/package.dsv\n'}
[11.071337] (sllidar_ros2) StdoutLine: {'line': b'-- Symlinking: /home/andres/Documents/Proyecto_G/LIDAR_prog_ws/install/sllidar_ros2/share/ament_index/resource_index/packages/sllidar_ros2\n'}
[11.081613] (sllidar_ros2) StdoutLine: {'line': b'-- Symlinking: /home/andres/Documents/Proyecto_G/LIDAR_prog_ws/install/sllidar_ros2/share/sllidar_ros2/cmake/ament_cmake_export_dependencies-extras.cmake\n'}
[11.090513] (sllidar_ros2) StdoutLine: {'line': b'-- Symlinking: /home/andres/Documents/Proyecto_G/LIDAR_prog_ws/install/sllidar_ros2/share/sllidar_ros2/cmake/ament_cmake_export_include_directories-extras.cmake\n'}
[11.098572] (sllidar_ros2) StdoutLine: {'line': b'-- Symlinking: /home/andres/Documents/Proyecto_G/LIDAR_prog_ws/install/sllidar_ros2/share/sllidar_ros2/cmake/sllidar_ros2Config.cmake\n'}
[11.108255] (sllidar_ros2) StdoutLine: {'line': b'-- Symlinking: /home/andres/Documents/Proyecto_G/LIDAR_prog_ws/install/sllidar_ros2/share/sllidar_ros2/cmake/sllidar_ros2Config-version.cmake\n'}
[11.116239] (sllidar_ros2) StdoutLine: {'line': b'-- Symlinking: /home/andres/Documents/Proyecto_G/LIDAR_prog_ws/install/sllidar_ros2/share/sllidar_ros2/package.xml\n'}
[11.127293] (sllidar_ros2) CommandEnded: {'returncode': 0}
[11.140141] (sllidar_ros2) JobEnded: {'identifier': 'sllidar_ros2', 'rc': 0}
[11.156126] (-) TimerEvent: {}
[11.156221] (-) EventReactorShutdown: {}
