[0.029s] Invoking command in '/home/andres/Documents/Proyecto_G/OAK_D_programs/colcon_ws/build/depthai_ros_msgs': CMAKE_PREFIX_PATH=${CMAKE_PREFIX_PATH}:/home/andres/turtlebot3_ws/install/turtlebot3_teleop:/home/andres/turtlebot3_ws/install/turtlebot3_example:/opt/ros/humble /usr/bin/cmake /home/andres/Documents/Proyecto_G/OAK_D_programs/colcon_ws/src/depthai-ros/depthai_ros_msgs -DCMAKE_INSTALL_PREFIX=/home/andres/Documents/Proyecto_G/OAK_D_programs/colcon_ws/install/depthai_ros_msgs
[0.161s] -- The C compiler identification is GNU 11.4.0
[0.270s] -- The CXX compiler identification is GNU 11.4.0
[0.280s] -- Detecting C compiler ABI info
[0.384s] -- Detecting C compiler ABI info - done
[0.392s] -- Check for working C compiler: /usr/bin/cc - skipped
[0.392s] -- Detecting C compile features
[0.393s] -- Detecting C compile features - done
[0.396s] -- Detecting CXX compiler ABI info
[0.509s] -- Detecting CXX compiler ABI info - done
[0.517s] -- Check for working CXX compiler: /usr/bin/c++ - skipped
[0.518s] -- Detecting CXX compile features
[0.518s] -- Detecting CXX compile features - done
[0.526s] -- Found ament_cmake: 1.3.14 (/opt/ros/humble/share/ament_cmake/cmake)
[0.727s] -- Found Python3: /usr/bin/python3 (found version "3.10.12") found components: Interpreter 
[0.878s] -- ------------------------------------------
[0.878s] -- Depthai ROS MSGS/INTERFACES is being built using AMENT.
[0.878s] -- ------------------------------------------
[0.882s] -- Found geometry_msgs: 4.9.1 (/opt/ros/humble/share/geometry_msgs/cmake)
[0.957s] -- Found rosidl_generator_c: 3.1.8 (/opt/ros/humble/share/rosidl_generator_c/cmake)
[0.970s] -- Found rosidl_adapter: 3.1.8 (/opt/ros/humble/share/rosidl_adapter/cmake)
[0.985s] -- Found rosidl_generator_cpp: 3.1.8 (/opt/ros/humble/share/rosidl_generator_cpp/cmake)
[1.006s] -- Using all available rosidl_typesupport_c: rosidl_typesupport_fastrtps_c;rosidl_typesupport_introspection_c
[1.034s] -- Using all available rosidl_typesupport_cpp: rosidl_typesupport_fastrtps_cpp;rosidl_typesupport_introspection_cpp
[1.087s] -- Found vision_msgs: 4.1.1 (/opt/ros/humble/share/vision_msgs/cmake)
[1.108s] -- Found sensor_msgs: 4.9.1 (/opt/ros/humble/share/sensor_msgs/cmake)
[1.129s] -- Found rosidl_default_generators: 1.2.1 (/opt/ros/humble/share/rosidl_default_generators/cmake)
[1.638s] -- Found ament_cmake_ros: 0.10.0 (/opt/ros/humble/share/ament_cmake_ros/cmake)
[2.239s] -- Using all available rosidl_typesupport_c: rosidl_typesupport_fastrtps_c;rosidl_typesupport_introspection_c
[2.470s] -- Using all available rosidl_typesupport_cpp: rosidl_typesupport_fastrtps_cpp;rosidl_typesupport_introspection_cpp
[2.500s] -- Found PythonInterp: /usr/bin/python3 (found suitable version "3.10.12", minimum required is "3.6") 
[2.506s] -- Found python_cmake_module: 0.10.0 (/opt/ros/humble/share/python_cmake_module/cmake)
[2.542s] -- Found PythonLibs: /usr/lib/x86_64-linux-gnu/libpython3.10.so (found suitable version "3.10.12", minimum required is "3.5") 
[2.543s] -- Using PYTHON_EXECUTABLE: /usr/bin/python3
[2.543s] -- Using PYTHON_INCLUDE_DIRS: /usr/include/python3.10
[2.543s] -- Using PYTHON_LIBRARIES: /usr/lib/x86_64-linux-gnu/libpython3.10.so
[2.570s] -- Found PythonExtra: .so  
[2.808s] -- Configuring done
[2.882s] -- Generating done
[2.898s] -- Build files have been written to: /home/andres/Documents/Proyecto_G/OAK_D_programs/colcon_ws/build/depthai_ros_msgs
[2.910s] Invoked command in '/home/andres/Documents/Proyecto_G/OAK_D_programs/colcon_ws/build/depthai_ros_msgs' returned '0': CMAKE_PREFIX_PATH=${CMAKE_PREFIX_PATH}:/home/andres/turtlebot3_ws/install/turtlebot3_teleop:/home/andres/turtlebot3_ws/install/turtlebot3_example:/opt/ros/humble /usr/bin/cmake /home/andres/Documents/Proyecto_G/OAK_D_programs/colcon_ws/src/depthai-ros/depthai_ros_msgs -DCMAKE_INSTALL_PREFIX=/home/andres/Documents/Proyecto_G/OAK_D_programs/colcon_ws/install/depthai_ros_msgs
[2.912s] Invoking command in '/home/andres/Documents/Proyecto_G/OAK_D_programs/colcon_ws/build/depthai_ros_msgs': CMAKE_PREFIX_PATH=${CMAKE_PREFIX_PATH}:/home/andres/turtlebot3_ws/install/turtlebot3_teleop:/home/andres/turtlebot3_ws/install/turtlebot3_example:/opt/ros/humble /usr/bin/cmake --build /home/andres/Documents/Proyecto_G/OAK_D_programs/colcon_ws/build/depthai_ros_msgs -- -j16 -l16
[2.974s] [  1%] [34m[1mGenerating C code for ROS interfaces[0m
[2.989s] [  2%] [34m[1mGenerating Rust code for ROS interfaces[0m
[2.989s] [  2%] [34m[1mGenerating C++ code for ROS interfaces[0m
[3.000s] [  2%] Built target ament_cmake_python_copy_depthai_ros_msgs
[3.289s] running egg_info
[3.290s] creating depthai_ros_msgs.egg-info
[3.290s] writing depthai_ros_msgs.egg-info/PKG-INFO
[3.290s] writing dependency_links to depthai_ros_msgs.egg-info/dependency_links.txt
[3.290s] writing top-level names to depthai_ros_msgs.egg-info/top_level.txt
[3.291s] writing manifest file 'depthai_ros_msgs.egg-info/SOURCES.txt'
[3.294s] reading manifest file 'depthai_ros_msgs.egg-info/SOURCES.txt'
[3.294s] writing manifest file 'depthai_ros_msgs.egg-info/SOURCES.txt'
[3.324s] [  2%] Built target ament_cmake_python_build_depthai_ros_msgs_egg
[3.658s] [  2%] Built target depthai_ros_msgs__rs
[4.188s] [  2%] Built target depthai_ros_msgs__cpp
[4.206s] [  4%] [34m[1mGenerating C++ type support for eProsima Fast-RTPS[0m
[4.207s] [  5%] [34m[1mGenerating C++ type support dispatch for ROS interfaces[0m
[4.207s] [  5%] [34m[1mGenerating C++ introspection for ROS interfaces[0m
[4.279s] [  9%] [32mBuilding C object CMakeFiles/depthai_ros_msgs__rosidl_generator_c.dir/rosidl_generator_c/depthai_ros_msgs/msg/detail/imu_with_magnetic_field__functions.c.o[0m
[4.279s] [  9%] [32mBuilding C object CMakeFiles/depthai_ros_msgs__rosidl_generator_c.dir/rosidl_generator_c/depthai_ros_msgs/msg/detail/hand_landmark_array__functions.c.o[0m
[4.279s] [  9%] [32mBuilding C object CMakeFiles/depthai_ros_msgs__rosidl_generator_c.dir/rosidl_generator_c/depthai_ros_msgs/msg/detail/hand_landmark__functions.c.o[0m
[4.279s] [  9%] [32mBuilding C object CMakeFiles/depthai_ros_msgs__rosidl_generator_c.dir/rosidl_generator_c/depthai_ros_msgs/msg/detail/auto_focus_ctrl__functions.c.o[0m
[4.280s] [  9%] [32mBuilding C object CMakeFiles/depthai_ros_msgs__rosidl_generator_c.dir/rosidl_generator_c/depthai_ros_msgs/msg/detail/tracked_features__functions.c.o[0m
[4.280s] [ 10%] [32mBuilding C object CMakeFiles/depthai_ros_msgs__rosidl_generator_c.dir/rosidl_generator_c/depthai_ros_msgs/msg/detail/track_detection2_d__functions.c.o[0m
[4.280s] [ 10%] [32mBuilding C object CMakeFiles/depthai_ros_msgs__rosidl_generator_c.dir/rosidl_generator_c/depthai_ros_msgs/msg/detail/spatial_detection__functions.c.o[0m
[4.280s] [ 11%] [32mBuilding C object CMakeFiles/depthai_ros_msgs__rosidl_generator_c.dir/rosidl_generator_c/depthai_ros_msgs/msg/detail/tracked_feature__functions.c.o[0m
[4.280s] [ 11%] [32mBuilding C object CMakeFiles/depthai_ros_msgs__rosidl_generator_c.dir/rosidl_generator_c/depthai_ros_msgs/srv/detail/set_local_transform__functions.c.o[0m
[4.280s] [ 13%] [32mBuilding C object CMakeFiles/depthai_ros_msgs__rosidl_generator_c.dir/rosidl_generator_c/depthai_ros_msgs/msg/detail/spatial_detection_array__functions.c.o[0m
[4.280s] [ 13%] [32mBuilding C object CMakeFiles/depthai_ros_msgs__rosidl_generator_c.dir/rosidl_generator_c/depthai_ros_msgs/srv/detail/trigger_named__functions.c.o[0m
[4.280s] [ 14%] [32mBuilding C object CMakeFiles/depthai_ros_msgs__rosidl_generator_c.dir/rosidl_generator_c/depthai_ros_msgs/msg/detail/track_detection2_d_array__functions.c.o[0m
[4.284s] [ 15%] [32mBuilding C object CMakeFiles/depthai_ros_msgs__rosidl_generator_c.dir/rosidl_generator_c/depthai_ros_msgs/srv/detail/normalized_image_crop__functions.c.o[0m
[4.395s] [ 16%] [32m[1mLinking C shared library libdepthai_ros_msgs__rosidl_generator_c.so[0m
[4.456s] [ 16%] Built target depthai_ros_msgs__rosidl_generator_c
[4.472s] [ 19%] [34m[1mGenerating C type support for eProsima Fast-RTPS[0m
[4.472s] [ 19%] [34m[1mGenerating C type support dispatch for ROS interfaces[0m
[4.473s] [ 19%] [34m[1mGenerating C introspection for ROS interfaces[0m
[4.992s] [ 20%] [32mBuilding CXX object CMakeFiles/depthai_ros_msgs__rosidl_typesupport_cpp.dir/rosidl_typesupport_cpp/depthai_ros_msgs/msg/hand_landmark_array__type_support.cpp.o[0m
[4.992s] [ 21%] [32mBuilding CXX object CMakeFiles/depthai_ros_msgs__rosidl_typesupport_cpp.dir/rosidl_typesupport_cpp/depthai_ros_msgs/msg/tracked_feature__type_support.cpp.o[0m
[4.992s] [ 21%] [32mBuilding CXX object CMakeFiles/depthai_ros_msgs__rosidl_typesupport_cpp.dir/rosidl_typesupport_cpp/depthai_ros_msgs/msg/hand_landmark__type_support.cpp.o[0m
[4.992s] [ 21%] [32mBuilding CXX object CMakeFiles/depthai_ros_msgs__rosidl_typesupport_cpp.dir/rosidl_typesupport_cpp/depthai_ros_msgs/msg/tracked_features__type_support.cpp.o[0m
[4.992s] [ 22%] [32mBuilding CXX object CMakeFiles/depthai_ros_msgs__rosidl_typesupport_cpp.dir/rosidl_typesupport_cpp/depthai_ros_msgs/msg/auto_focus_ctrl__type_support.cpp.o[0m
[4.992s] [ 23%] [32mBuilding CXX object CMakeFiles/depthai_ros_msgs__rosidl_typesupport_cpp.dir/rosidl_typesupport_cpp/depthai_ros_msgs/msg/spatial_detection__type_support.cpp.o[0m
[4.993s] [ 24%] [32mBuilding CXX object CMakeFiles/depthai_ros_msgs__rosidl_typesupport_cpp.dir/rosidl_typesupport_cpp/depthai_ros_msgs/msg/spatial_detection_array__type_support.cpp.o[0m
[4.996s] [ 25%] [32mBuilding CXX object CMakeFiles/depthai_ros_msgs__rosidl_typesupport_cpp.dir/rosidl_typesupport_cpp/depthai_ros_msgs/msg/track_detection2_d__type_support.cpp.o[0m
[4.998s] [ 26%] [32mBuilding CXX object CMakeFiles/depthai_ros_msgs__rosidl_typesupport_cpp.dir/rosidl_typesupport_cpp/depthai_ros_msgs/msg/imu_with_magnetic_field__type_support.cpp.o[0m
[4.998s] [ 26%] [32mBuilding CXX object CMakeFiles/depthai_ros_msgs__rosidl_typesupport_cpp.dir/rosidl_typesupport_cpp/depthai_ros_msgs/srv/set_local_transform__type_support.cpp.o[0m
[5.001s] [ 27%] [32mBuilding CXX object CMakeFiles/depthai_ros_msgs__rosidl_typesupport_cpp.dir/rosidl_typesupport_cpp/depthai_ros_msgs/msg/track_detection2_d_array__type_support.cpp.o[0m
[5.496s] [ 28%] [32mBuilding CXX object CMakeFiles/depthai_ros_msgs__rosidl_typesupport_cpp.dir/rosidl_typesupport_cpp/depthai_ros_msgs/srv/trigger_named__type_support.cpp.o[0m
[5.500s] [ 29%] [32mBuilding CXX object CMakeFiles/depthai_ros_msgs__rosidl_typesupport_cpp.dir/rosidl_typesupport_cpp/depthai_ros_msgs/srv/normalized_image_crop__type_support.cpp.o[0m
[5.531s] [ 29%] [32mBuilding CXX object CMakeFiles/depthai_ros_msgs__rosidl_typesupport_c.dir/rosidl_typesupport_c/depthai_ros_msgs/msg/auto_focus_ctrl__type_support.cpp.o[0m
[5.533s] [ 30%] [32mBuilding CXX object CMakeFiles/depthai_ros_msgs__rosidl_typesupport_c.dir/rosidl_typesupport_c/depthai_ros_msgs/msg/hand_landmark__type_support.cpp.o[0m
[5.535s] [ 31%] [32mBuilding CXX object CMakeFiles/depthai_ros_msgs__rosidl_typesupport_c.dir/rosidl_typesupport_c/depthai_ros_msgs/msg/hand_landmark_array__type_support.cpp.o[0m
[5.539s] [ 32%] [32mBuilding CXX object CMakeFiles/depthai_ros_msgs__rosidl_typesupport_c.dir/rosidl_typesupport_c/depthai_ros_msgs/msg/imu_with_magnetic_field__type_support.cpp.o[0m
[5.549s] [ 32%] [32mBuilding CXX object CMakeFiles/depthai_ros_msgs__rosidl_typesupport_c.dir/rosidl_typesupport_c/depthai_ros_msgs/msg/tracked_feature__type_support.cpp.o[0m
[5.551s] [ 33%] [32mBuilding CXX object CMakeFiles/depthai_ros_msgs__rosidl_typesupport_introspection_cpp.dir/rosidl_typesupport_introspection_cpp/depthai_ros_msgs/msg/detail/auto_focus_ctrl__type_support.cpp.o[0m
[5.557s] [ 34%] [32mBuilding CXX object CMakeFiles/depthai_ros_msgs__rosidl_typesupport_c.dir/rosidl_typesupport_c/depthai_ros_msgs/msg/tracked_features__type_support.cpp.o[0m
[5.562s] [ 35%] [32mBuilding CXX object CMakeFiles/depthai_ros_msgs__rosidl_typesupport_c.dir/rosidl_typesupport_c/depthai_ros_msgs/msg/spatial_detection__type_support.cpp.o[0m
[5.563s] [ 35%] [32mBuilding CXX object CMakeFiles/depthai_ros_msgs__rosidl_typesupport_introspection_cpp.dir/rosidl_typesupport_introspection_cpp/depthai_ros_msgs/msg/detail/hand_landmark__type_support.cpp.o[0m
[5.565s] [ 37%] [32mBuilding CXX object CMakeFiles/depthai_ros_msgs__rosidl_typesupport_introspection_cpp.dir/rosidl_typesupport_introspection_cpp/depthai_ros_msgs/msg/detail/hand_landmark_array__type_support.cpp.o[0m
[5.565s] [ 37%] [32mBuilding CXX object CMakeFiles/depthai_ros_msgs__rosidl_typesupport_introspection_cpp.dir/rosidl_typesupport_introspection_cpp/depthai_ros_msgs/msg/detail/imu_with_magnetic_field__type_support.cpp.o[0m
[5.591s] [ 38%] [32mBuilding CXX object CMakeFiles/depthai_ros_msgs__rosidl_typesupport_c.dir/rosidl_typesupport_c/depthai_ros_msgs/msg/spatial_detection_array__type_support.cpp.o[0m
[5.592s] [ 39%] [32mBuilding CXX object CMakeFiles/depthai_ros_msgs__rosidl_typesupport_c.dir/rosidl_typesupport_c/depthai_ros_msgs/msg/track_detection2_d__type_support.cpp.o[0m
[5.598s] [ 39%] [32mBuilding CXX object CMakeFiles/depthai_ros_msgs__rosidl_typesupport_c.dir/rosidl_typesupport_c/depthai_ros_msgs/msg/track_detection2_d_array__type_support.cpp.o[0m
[5.608s] [ 41%] [32mBuilding CXX object CMakeFiles/depthai_ros_msgs__rosidl_typesupport_c.dir/rosidl_typesupport_c/depthai_ros_msgs/srv/set_local_transform__type_support.cpp.o[0m
[5.608s] [ 41%] [32mBuilding CXX object CMakeFiles/depthai_ros_msgs__rosidl_typesupport_fastrtps_cpp.dir/rosidl_typesupport_fastrtps_cpp/depthai_ros_msgs/msg/detail/dds_fastrtps/auto_focus_ctrl__type_support.cpp.o[0m
[5.615s] [ 42%] [32mBuilding CXX object CMakeFiles/depthai_ros_msgs__rosidl_typesupport_c.dir/rosidl_typesupport_c/depthai_ros_msgs/srv/trigger_named__type_support.cpp.o[0m
[5.619s] [ 42%] [32mBuilding CXX object CMakeFiles/depthai_ros_msgs__rosidl_typesupport_fastrtps_cpp.dir/rosidl_typesupport_fastrtps_cpp/depthai_ros_msgs/msg/detail/dds_fastrtps/hand_landmark__type_support.cpp.o[0m
[5.619s] [ 43%] [32mBuilding CXX object CMakeFiles/depthai_ros_msgs__rosidl_typesupport_introspection_cpp.dir/rosidl_typesupport_introspection_cpp/depthai_ros_msgs/msg/detail/tracked_feature__type_support.cpp.o[0m
[5.657s] [ 44%] [32mBuilding CXX object CMakeFiles/depthai_ros_msgs__rosidl_typesupport_introspection_cpp.dir/rosidl_typesupport_introspection_cpp/depthai_ros_msgs/msg/detail/tracked_features__type_support.cpp.o[0m
[5.659s] [ 44%] [32mBuilding CXX object CMakeFiles/depthai_ros_msgs__rosidl_typesupport_fastrtps_cpp.dir/rosidl_typesupport_fastrtps_cpp/depthai_ros_msgs/msg/detail/dds_fastrtps/hand_landmark_array__type_support.cpp.o[0m
[5.659s] [ 45%] [32mBuilding CXX object CMakeFiles/depthai_ros_msgs__rosidl_typesupport_fastrtps_cpp.dir/rosidl_typesupport_fastrtps_cpp/depthai_ros_msgs/msg/detail/dds_fastrtps/imu_with_magnetic_field__type_support.cpp.o[0m
[5.675s] [ 46%] [32mBuilding CXX object CMakeFiles/depthai_ros_msgs__rosidl_typesupport_c.dir/rosidl_typesupport_c/depthai_ros_msgs/srv/normalized_image_crop__type_support.cpp.o[0m
[5.682s] [ 47%] [32mBuilding CXX object CMakeFiles/depthai_ros_msgs__rosidl_typesupport_introspection_cpp.dir/rosidl_typesupport_introspection_cpp/depthai_ros_msgs/msg/detail/spatial_detection__type_support.cpp.o[0m
[5.738s] [ 47%] [32m[1mLinking CXX shared library libdepthai_ros_msgs__rosidl_typesupport_c.so[0m
[5.831s] [ 47%] Built target depthai_ros_msgs__rosidl_typesupport_c
[5.854s] [ 48%] [32mBuilding CXX object CMakeFiles/depthai_ros_msgs__rosidl_typesupport_fastrtps_cpp.dir/rosidl_typesupport_fastrtps_cpp/depthai_ros_msgs/msg/detail/dds_fastrtps/tracked_feature__type_support.cpp.o[0m
[5.985s] [ 50%] [32m[1mLinking CXX shared library libdepthai_ros_msgs__rosidl_typesupport_cpp.so[0m
[5.985s] [ 50%] [32mBuilding CXX object CMakeFiles/depthai_ros_msgs__rosidl_typesupport_introspection_cpp.dir/rosidl_typesupport_introspection_cpp/depthai_ros_msgs/msg/detail/spatial_detection_array__type_support.cpp.o[0m
[6.087s] [ 50%] Built target depthai_ros_msgs__rosidl_typesupport_cpp
[6.107s] [ 50%] [32mBuilding CXX object CMakeFiles/depthai_ros_msgs__rosidl_typesupport_fastrtps_cpp.dir/rosidl_typesupport_fastrtps_cpp/depthai_ros_msgs/msg/detail/dds_fastrtps/tracked_features__type_support.cpp.o[0m
[6.135s] [ 50%] [32mBuilding C object CMakeFiles/depthai_ros_msgs__rosidl_typesupport_introspection_c.dir/rosidl_typesupport_introspection_c/depthai_ros_msgs/msg/detail/auto_focus_ctrl__type_support.c.o[0m
[6.213s] [ 51%] [32mBuilding C object CMakeFiles/depthai_ros_msgs__rosidl_typesupport_introspection_c.dir/rosidl_typesupport_introspection_c/depthai_ros_msgs/msg/detail/hand_landmark__type_support.c.o[0m
[6.261s] [ 51%] [32mBuilding CXX object CMakeFiles/depthai_ros_msgs__rosidl_typesupport_fastrtps_c.dir/rosidl_typesupport_fastrtps_c/depthai_ros_msgs/msg/detail/auto_focus_ctrl__type_support_c.cpp.o[0m
[6.267s] [ 52%] [32mBuilding C object CMakeFiles/depthai_ros_msgs__rosidl_typesupport_introspection_c.dir/rosidl_typesupport_introspection_c/depthai_ros_msgs/msg/detail/hand_landmark_array__type_support.c.o[0m
[6.304s] [ 53%] [32mBuilding CXX object CMakeFiles/depthai_ros_msgs__rosidl_typesupport_introspection_cpp.dir/rosidl_typesupport_introspection_cpp/depthai_ros_msgs/msg/detail/track_detection2_d__type_support.cpp.o[0m
[6.339s] [ 54%] [32mBuilding C object CMakeFiles/depthai_ros_msgs__rosidl_typesupport_introspection_c.dir/rosidl_typesupport_introspection_c/depthai_ros_msgs/msg/detail/imu_with_magnetic_field__type_support.c.o[0m
[6.343s] [ 55%] [32mBuilding CXX object CMakeFiles/depthai_ros_msgs__rosidl_typesupport_fastrtps_c.dir/rosidl_typesupport_fastrtps_c/depthai_ros_msgs/msg/detail/hand_landmark__type_support_c.cpp.o[0m
[6.348s] [ 56%] [32mBuilding CXX object CMakeFiles/depthai_ros_msgs__rosidl_typesupport_fastrtps_c.dir/rosidl_typesupport_fastrtps_c/depthai_ros_msgs/msg/detail/hand_landmark_array__type_support_c.cpp.o[0m
[6.396s] [ 56%] [32mBuilding C object CMakeFiles/depthai_ros_msgs__rosidl_typesupport_introspection_c.dir/rosidl_typesupport_introspection_c/depthai_ros_msgs/msg/detail/tracked_feature__type_support.c.o[0m
[6.396s] [ 57%] [32mBuilding CXX object CMakeFiles/depthai_ros_msgs__rosidl_typesupport_fastrtps_c.dir/rosidl_typesupport_fastrtps_c/depthai_ros_msgs/msg/detail/imu_with_magnetic_field__type_support_c.cpp.o[0m
[6.419s] [ 58%] [32mBuilding C object CMakeFiles/depthai_ros_msgs__rosidl_typesupport_introspection_c.dir/rosidl_typesupport_introspection_c/depthai_ros_msgs/msg/detail/tracked_features__type_support.c.o[0m
[6.459s] [ 60%] [32mBuilding C object CMakeFiles/depthai_ros_msgs__rosidl_typesupport_introspection_c.dir/rosidl_typesupport_introspection_c/depthai_ros_msgs/msg/detail/spatial_detection__type_support.c.o[0m
[6.459s] [ 60%] [32mBuilding CXX object CMakeFiles/depthai_ros_msgs__rosidl_typesupport_fastrtps_cpp.dir/rosidl_typesupport_fastrtps_cpp/depthai_ros_msgs/msg/detail/dds_fastrtps/spatial_detection__type_support.cpp.o[0m
[6.472s] [ 61%] [32mBuilding CXX object CMakeFiles/depthai_ros_msgs__rosidl_typesupport_fastrtps_c.dir/rosidl_typesupport_fastrtps_c/depthai_ros_msgs/msg/detail/tracked_feature__type_support_c.cpp.o[0m
[6.472s] [ 61%] [32mBuilding C object CMakeFiles/depthai_ros_msgs__rosidl_typesupport_introspection_c.dir/rosidl_typesupport_introspection_c/depthai_ros_msgs/msg/detail/spatial_detection_array__type_support.c.o[0m
[6.475s] [ 62%] [32mBuilding CXX object CMakeFiles/depthai_ros_msgs__rosidl_typesupport_fastrtps_c.dir/rosidl_typesupport_fastrtps_c/depthai_ros_msgs/msg/detail/tracked_features__type_support_c.cpp.o[0m
[6.484s] [ 63%] [32mBuilding CXX object CMakeFiles/depthai_ros_msgs__rosidl_typesupport_fastrtps_c.dir/rosidl_typesupport_fastrtps_c/depthai_ros_msgs/msg/detail/spatial_detection__type_support_c.cpp.o[0m
[6.499s] [ 64%] [32mBuilding CXX object CMakeFiles/depthai_ros_msgs__rosidl_typesupport_introspection_cpp.dir/rosidl_typesupport_introspection_cpp/depthai_ros_msgs/msg/detail/track_detection2_d_array__type_support.cpp.o[0m
[6.506s] [ 65%] [32mBuilding CXX object CMakeFiles/depthai_ros_msgs__rosidl_typesupport_fastrtps_c.dir/rosidl_typesupport_fastrtps_c/depthai_ros_msgs/msg/detail/spatial_detection_array__type_support_c.cpp.o[0m
[6.547s] [ 66%] [32mBuilding CXX object CMakeFiles/depthai_ros_msgs__rosidl_typesupport_fastrtps_c.dir/rosidl_typesupport_fastrtps_c/depthai_ros_msgs/msg/detail/track_detection2_d__type_support_c.cpp.o[0m
[6.555s] [ 67%] [32mBuilding C object CMakeFiles/depthai_ros_msgs__rosidl_typesupport_introspection_c.dir/rosidl_typesupport_introspection_c/depthai_ros_msgs/msg/detail/track_detection2_d__type_support.c.o[0m
[6.572s] [ 67%] [32mBuilding CXX object CMakeFiles/depthai_ros_msgs__rosidl_typesupport_fastrtps_c.dir/rosidl_typesupport_fastrtps_c/depthai_ros_msgs/msg/detail/track_detection2_d_array__type_support_c.cpp.o[0m
[6.654s] [ 67%] [32mBuilding C object CMakeFiles/depthai_ros_msgs__rosidl_typesupport_introspection_c.dir/rosidl_typesupport_introspection_c/depthai_ros_msgs/msg/detail/track_detection2_d_array__type_support.c.o[0m
[6.764s] [ 68%] [32mBuilding C object CMakeFiles/depthai_ros_msgs__rosidl_typesupport_introspection_c.dir/rosidl_typesupport_introspection_c/depthai_ros_msgs/srv/detail/set_local_transform__type_support.c.o[0m
[6.872s] [ 69%] [32mBuilding C object CMakeFiles/depthai_ros_msgs__rosidl_typesupport_introspection_c.dir/rosidl_typesupport_introspection_c/depthai_ros_msgs/srv/detail/trigger_named__type_support.c.o[0m
[6.878s] [ 71%] [32mBuilding CXX object CMakeFiles/depthai_ros_msgs__rosidl_typesupport_fastrtps_cpp.dir/rosidl_typesupport_fastrtps_cpp/depthai_ros_msgs/msg/detail/dds_fastrtps/spatial_detection_array__type_support.cpp.o[0m
[6.878s] [ 71%] [32mBuilding CXX object CMakeFiles/depthai_ros_msgs__rosidl_typesupport_fastrtps_c.dir/rosidl_typesupport_fastrtps_c/depthai_ros_msgs/srv/detail/set_local_transform__type_support_c.cpp.o[0m
[6.943s] [ 72%] [32mBuilding C object CMakeFiles/depthai_ros_msgs__rosidl_typesupport_introspection_c.dir/rosidl_typesupport_introspection_c/depthai_ros_msgs/srv/detail/normalized_image_crop__type_support.c.o[0m
[6.955s] [ 72%] [32mBuilding CXX object CMakeFiles/depthai_ros_msgs__rosidl_typesupport_introspection_cpp.dir/rosidl_typesupport_introspection_cpp/depthai_ros_msgs/srv/detail/set_local_transform__type_support.cpp.o[0m
[6.980s] [ 73%] [32mBuilding CXX object CMakeFiles/depthai_ros_msgs__rosidl_typesupport_fastrtps_c.dir/rosidl_typesupport_fastrtps_c/depthai_ros_msgs/srv/detail/trigger_named__type_support_c.cpp.o[0m
[6.981s] [ 74%] [32mBuilding CXX object CMakeFiles/depthai_ros_msgs__rosidl_typesupport_introspection_cpp.dir/rosidl_typesupport_introspection_cpp/depthai_ros_msgs/srv/detail/trigger_named__type_support.cpp.o[0m
[7.020s] [ 74%] [32m[1mLinking C shared library libdepthai_ros_msgs__rosidl_typesupport_introspection_c.so[0m
[7.083s] [ 75%] [32mBuilding CXX object CMakeFiles/depthai_ros_msgs__rosidl_typesupport_fastrtps_c.dir/rosidl_typesupport_fastrtps_c/depthai_ros_msgs/srv/detail/normalized_image_crop__type_support_c.cpp.o[0m
[7.107s] [ 75%] Built target depthai_ros_msgs__rosidl_typesupport_introspection_c
[7.110s] [ 76%] [32mBuilding CXX object CMakeFiles/depthai_ros_msgs__rosidl_typesupport_introspection_cpp.dir/rosidl_typesupport_introspection_cpp/depthai_ros_msgs/srv/detail/normalized_image_crop__type_support.cpp.o[0m
[7.110s] [ 77%] [32mBuilding CXX object CMakeFiles/depthai_ros_msgs__rosidl_typesupport_fastrtps_cpp.dir/rosidl_typesupport_fastrtps_cpp/depthai_ros_msgs/msg/detail/dds_fastrtps/track_detection2_d__type_support.cpp.o[0m
[7.117s] [ 78%] [32mBuilding CXX object CMakeFiles/depthai_ros_msgs__rosidl_typesupport_fastrtps_cpp.dir/rosidl_typesupport_fastrtps_cpp/depthai_ros_msgs/msg/detail/dds_fastrtps/track_detection2_d_array__type_support.cpp.o[0m
[7.126s] [ 78%] [32mBuilding CXX object CMakeFiles/depthai_ros_msgs__rosidl_typesupport_fastrtps_cpp.dir/rosidl_typesupport_fastrtps_cpp/depthai_ros_msgs/srv/detail/dds_fastrtps/set_local_transform__type_support.cpp.o[0m
[7.139s] [ 79%] [32mBuilding CXX object CMakeFiles/depthai_ros_msgs__rosidl_typesupport_fastrtps_cpp.dir/rosidl_typesupport_fastrtps_cpp/depthai_ros_msgs/srv/detail/dds_fastrtps/trigger_named__type_support.cpp.o[0m
[7.190s] [ 80%] [32mBuilding CXX object CMakeFiles/depthai_ros_msgs__rosidl_typesupport_fastrtps_cpp.dir/rosidl_typesupport_fastrtps_cpp/depthai_ros_msgs/srv/detail/dds_fastrtps/normalized_image_crop__type_support.cpp.o[0m
[7.620s] [ 80%] [32m[1mLinking CXX shared library libdepthai_ros_msgs__rosidl_typesupport_fastrtps_c.so[0m
[7.706s] [ 81%] [32m[1mLinking CXX shared library libdepthai_ros_msgs__rosidl_typesupport_introspection_cpp.so[0m
[7.747s] [ 81%] Built target depthai_ros_msgs__rosidl_typesupport_fastrtps_c
[7.805s] [ 82%] [32m[1mLinking CXX shared library libdepthai_ros_msgs__rosidl_typesupport_fastrtps_cpp.so[0m
[7.825s] [ 82%] Built target depthai_ros_msgs__rosidl_typesupport_introspection_cpp
[7.914s] [ 82%] Built target depthai_ros_msgs__rosidl_typesupport_fastrtps_cpp
[7.945s] [ 82%] Built target depthai_ros_msgs
[7.976s] [ 83%] [34m[1mGenerating Python code for ROS interfaces[0m
[9.731s] [ 83%] Built target depthai_ros_msgs__py
[9.759s] [ 87%] [32mBuilding C object CMakeFiles/depthai_ros_msgs__rosidl_generator_py.dir/rosidl_generator_py/depthai_ros_msgs/msg/_tracked_feature_s.c.o[0m
[9.759s] [ 87%] [32mBuilding C object CMakeFiles/depthai_ros_msgs__rosidl_generator_py.dir/rosidl_generator_py/depthai_ros_msgs/msg/_imu_with_magnetic_field_s.c.o[0m
[9.760s] [ 87%] [32mBuilding C object CMakeFiles/depthai_ros_msgs__rosidl_generator_py.dir/rosidl_generator_py/depthai_ros_msgs/msg/_hand_landmark_array_s.c.o[0m
[9.760s] [ 87%] [32mBuilding C object CMakeFiles/depthai_ros_msgs__rosidl_generator_py.dir/rosidl_generator_py/depthai_ros_msgs/msg/_tracked_features_s.c.o[0m
[9.760s] [ 87%] [32mBuilding C object CMakeFiles/depthai_ros_msgs__rosidl_generator_py.dir/rosidl_generator_py/depthai_ros_msgs/msg/_hand_landmark_s.c.o[0m
[9.760s] [ 87%] [32mBuilding C object CMakeFiles/depthai_ros_msgs__rosidl_generator_py.dir/rosidl_generator_py/depthai_ros_msgs/msg/_auto_focus_ctrl_s.c.o[0m
[9.760s] [ 88%] [32mBuilding C object CMakeFiles/depthai_ros_msgs__rosidl_generator_py.dir/rosidl_generator_py/depthai_ros_msgs/msg/_spatial_detection_s.c.o[0m
[9.760s] [ 89%] [32mBuilding C object CMakeFiles/depthai_ros_msgs__rosidl_generator_py.dir/rosidl_generator_py/depthai_ros_msgs/msg/_spatial_detection_array_s.c.o[0m
[9.760s] [ 90%] [32mBuilding C object CMakeFiles/depthai_ros_msgs__rosidl_generator_py.dir/rosidl_generator_py/depthai_ros_msgs/msg/_track_detection2_d_s.c.o[0m
[9.761s] [ 90%] [32mBuilding C object CMakeFiles/depthai_ros_msgs__rosidl_generator_py.dir/rosidl_generator_py/depthai_ros_msgs/srv/_set_local_transform_s.c.o[0m
[9.761s] [ 92%] [32mBuilding C object CMakeFiles/depthai_ros_msgs__rosidl_generator_py.dir/rosidl_generator_py/depthai_ros_msgs/msg/_track_detection2_d_array_s.c.o[0m
[9.761s] [ 92%] [32mBuilding C object CMakeFiles/depthai_ros_msgs__rosidl_generator_py.dir/rosidl_generator_py/depthai_ros_msgs/srv/_trigger_named_s.c.o[0m
[9.761s] [ 93%] [32mBuilding C object CMakeFiles/depthai_ros_msgs__rosidl_generator_py.dir/rosidl_generator_py/depthai_ros_msgs/srv/_normalized_image_crop_s.c.o[0m
[9.926s] [ 94%] [32m[1mLinking C shared library rosidl_generator_py/depthai_ros_msgs/libdepthai_ros_msgs__rosidl_generator_py.so[0m
[9.974s] [ 94%] Built target depthai_ros_msgs__rosidl_generator_py
[9.997s] [ 96%] [32mBuilding C object CMakeFiles/depthai_ros_msgs__rosidl_typesupport_introspection_c__pyext.dir/rosidl_generator_py/depthai_ros_msgs/_depthai_ros_msgs_s.ep.rosidl_typesupport_introspection_c.c.o[0m
[9.997s] [ 96%] [32mBuilding C object CMakeFiles/depthai_ros_msgs__rosidl_typesupport_fastrtps_c__pyext.dir/rosidl_generator_py/depthai_ros_msgs/_depthai_ros_msgs_s.ep.rosidl_typesupport_fastrtps_c.c.o[0m
[9.997s] [ 97%] [32mBuilding C object CMakeFiles/depthai_ros_msgs__rosidl_typesupport_c__pyext.dir/rosidl_generator_py/depthai_ros_msgs/_depthai_ros_msgs_s.ep.rosidl_typesupport_c.c.o[0m
[10.116s] [100%] [32m[1mLinking C shared library rosidl_generator_py/depthai_ros_msgs/depthai_ros_msgs_s__rosidl_typesupport_c.cpython-310-x86_64-linux-gnu.so[0m
[10.116s] [100%] [32m[1mLinking C shared library rosidl_generator_py/depthai_ros_msgs/depthai_ros_msgs_s__rosidl_typesupport_fastrtps_c.cpython-310-x86_64-linux-gnu.so[0m
[10.116s] [100%] [32m[1mLinking C shared library rosidl_generator_py/depthai_ros_msgs/depthai_ros_msgs_s__rosidl_typesupport_introspection_c.cpython-310-x86_64-linux-gnu.so[0m
[10.160s] [100%] Built target depthai_ros_msgs__rosidl_typesupport_introspection_c__pyext
[10.160s] [100%] Built target depthai_ros_msgs__rosidl_typesupport_fastrtps_c__pyext
[10.161s] [100%] Built target depthai_ros_msgs__rosidl_typesupport_c__pyext
[10.174s] Invoked command in '/home/andres/Documents/Proyecto_G/OAK_D_programs/colcon_ws/build/depthai_ros_msgs' returned '0': CMAKE_PREFIX_PATH=${CMAKE_PREFIX_PATH}:/home/andres/turtlebot3_ws/install/turtlebot3_teleop:/home/andres/turtlebot3_ws/install/turtlebot3_example:/opt/ros/humble /usr/bin/cmake --build /home/andres/Documents/Proyecto_G/OAK_D_programs/colcon_ws/build/depthai_ros_msgs -- -j16 -l16
[10.175s] Invoking command in '/home/andres/Documents/Proyecto_G/OAK_D_programs/colcon_ws/build/depthai_ros_msgs': CMAKE_PREFIX_PATH=${CMAKE_PREFIX_PATH}:/home/andres/turtlebot3_ws/install/turtlebot3_teleop:/home/andres/turtlebot3_ws/install/turtlebot3_example:/opt/ros/humble /usr/bin/cmake --install /home/andres/Documents/Proyecto_G/OAK_D_programs/colcon_ws/build/depthai_ros_msgs
[10.184s] -- Install configuration: ""
[10.185s] -- Installing: /home/andres/Documents/Proyecto_G/OAK_D_programs/colcon_ws/install/depthai_ros_msgs/share/ament_index/resource_index/rosidl_interfaces/depthai_ros_msgs
[10.185s] -- Installing: /home/andres/Documents/Proyecto_G/OAK_D_programs/colcon_ws/install/depthai_ros_msgs/include/depthai_ros_msgs/depthai_ros_msgs
[10.185s] -- Installing: /home/andres/Documents/Proyecto_G/OAK_D_programs/colcon_ws/install/depthai_ros_msgs/include/depthai_ros_msgs/depthai_ros_msgs/msg
[10.185s] -- Installing: /home/andres/Documents/Proyecto_G/OAK_D_programs/colcon_ws/install/depthai_ros_msgs/include/depthai_ros_msgs/depthai_ros_msgs/msg/spatial_detection_array.h
[10.185s] -- Installing: /home/andres/Documents/Proyecto_G/OAK_D_programs/colcon_ws/install/depthai_ros_msgs/include/depthai_ros_msgs/depthai_ros_msgs/msg/tracked_features.h
[10.185s] -- Installing: /home/andres/Documents/Proyecto_G/OAK_D_programs/colcon_ws/install/depthai_ros_msgs/include/depthai_ros_msgs/depthai_ros_msgs/msg/tracked_feature.h
[10.186s] -- Installing: /home/andres/Documents/Proyecto_G/OAK_D_programs/colcon_ws/install/depthai_ros_msgs/include/depthai_ros_msgs/depthai_ros_msgs/msg/detail
[10.186s] -- Installing: /home/andres/Documents/Proyecto_G/OAK_D_programs/colcon_ws/install/depthai_ros_msgs/include/depthai_ros_msgs/depthai_ros_msgs/msg/detail/spatial_detection__struct.h
[10.186s] -- Installing: /home/andres/Documents/Proyecto_G/OAK_D_programs/colcon_ws/install/depthai_ros_msgs/include/depthai_ros_msgs/depthai_ros_msgs/msg/detail/auto_focus_ctrl__functions.c
[10.186s] -- Installing: /home/andres/Documents/Proyecto_G/OAK_D_programs/colcon_ws/install/depthai_ros_msgs/include/depthai_ros_msgs/depthai_ros_msgs/msg/detail/hand_landmark__struct.h
[10.186s] -- Installing: /home/andres/Documents/Proyecto_G/OAK_D_programs/colcon_ws/install/depthai_ros_msgs/include/depthai_ros_msgs/depthai_ros_msgs/msg/detail/track_detection2_d_array__type_support.h
[10.186s] -- Installing: /home/andres/Documents/Proyecto_G/OAK_D_programs/colcon_ws/install/depthai_ros_msgs/include/depthai_ros_msgs/depthai_ros_msgs/msg/detail/track_detection2_d__functions.h
[10.186s] -- Installing: /home/andres/Documents/Proyecto_G/OAK_D_programs/colcon_ws/install/depthai_ros_msgs/include/depthai_ros_msgs/depthai_ros_msgs/msg/detail/spatial_detection_array__struct.h
[10.186s] -- Installing: /home/andres/Documents/Proyecto_G/OAK_D_programs/colcon_ws/install/depthai_ros_msgs/include/depthai_ros_msgs/depthai_ros_msgs/msg/detail/tracked_features__type_support.h
[10.186s] -- Installing: /home/andres/Documents/Proyecto_G/OAK_D_programs/colcon_ws/install/depthai_ros_msgs/include/depthai_ros_msgs/depthai_ros_msgs/msg/detail/tracked_features__functions.h
[10.187s] -- Installing: /home/andres/Documents/Proyecto_G/OAK_D_programs/colcon_ws/install/depthai_ros_msgs/include/depthai_ros_msgs/depthai_ros_msgs/msg/detail/tracked_feature__functions.h
[10.187s] -- Installing: /home/andres/Documents/Proyecto_G/OAK_D_programs/colcon_ws/install/depthai_ros_msgs/include/depthai_ros_msgs/depthai_ros_msgs/msg/detail/hand_landmark_array__struct.h
[10.187s] -- Installing: /home/andres/Documents/Proyecto_G/OAK_D_programs/colcon_ws/install/depthai_ros_msgs/include/depthai_ros_msgs/depthai_ros_msgs/msg/detail/hand_landmark__functions.c
[10.187s] -- Installing: /home/andres/Documents/Proyecto_G/OAK_D_programs/colcon_ws/install/depthai_ros_msgs/include/depthai_ros_msgs/depthai_ros_msgs/msg/detail/auto_focus_ctrl__type_support.h
[10.187s] -- Installing: /home/andres/Documents/Proyecto_G/OAK_D_programs/colcon_ws/install/depthai_ros_msgs/include/depthai_ros_msgs/depthai_ros_msgs/msg/detail/spatial_detection_array__functions.h
[10.187s] -- Installing: /home/andres/Documents/Proyecto_G/OAK_D_programs/colcon_ws/install/depthai_ros_msgs/include/depthai_ros_msgs/depthai_ros_msgs/msg/detail/spatial_detection__functions.h
[10.187s] -- Installing: /home/andres/Documents/Proyecto_G/OAK_D_programs/colcon_ws/install/depthai_ros_msgs/include/depthai_ros_msgs/depthai_ros_msgs/msg/detail/tracked_feature__type_support.h
[10.187s] -- Installing: /home/andres/Documents/Proyecto_G/OAK_D_programs/colcon_ws/install/depthai_ros_msgs/include/depthai_ros_msgs/depthai_ros_msgs/msg/detail/hand_landmark__type_support.h
[10.187s] -- Installing: /home/andres/Documents/Proyecto_G/OAK_D_programs/colcon_ws/install/depthai_ros_msgs/include/depthai_ros_msgs/depthai_ros_msgs/msg/detail/tracked_features__struct.h
[10.188s] -- Installing: /home/andres/Documents/Proyecto_G/OAK_D_programs/colcon_ws/install/depthai_ros_msgs/include/depthai_ros_msgs/depthai_ros_msgs/msg/detail/tracked_feature__functions.c
[10.188s] -- Installing: /home/andres/Documents/Proyecto_G/OAK_D_programs/colcon_ws/install/depthai_ros_msgs/include/depthai_ros_msgs/depthai_ros_msgs/msg/detail/imu_with_magnetic_field__functions.c
[10.188s] -- Installing: /home/andres/Documents/Proyecto_G/OAK_D_programs/colcon_ws/install/depthai_ros_msgs/include/depthai_ros_msgs/depthai_ros_msgs/msg/detail/track_detection2_d__struct.h
[10.188s] -- Installing: /home/andres/Documents/Proyecto_G/OAK_D_programs/colcon_ws/install/depthai_ros_msgs/include/depthai_ros_msgs/depthai_ros_msgs/msg/detail/track_detection2_d__type_support.h
[10.188s] -- Installing: /home/andres/Documents/Proyecto_G/OAK_D_programs/colcon_ws/install/depthai_ros_msgs/include/depthai_ros_msgs/depthai_ros_msgs/msg/detail/spatial_detection__type_support.h
[10.188s] -- Installing: /home/andres/Documents/Proyecto_G/OAK_D_programs/colcon_ws/install/depthai_ros_msgs/include/depthai_ros_msgs/depthai_ros_msgs/msg/detail/hand_landmark_array__type_support.h
[10.188s] -- Installing: /home/andres/Documents/Proyecto_G/OAK_D_programs/colcon_ws/install/depthai_ros_msgs/include/depthai_ros_msgs/depthai_ros_msgs/msg/detail/imu_with_magnetic_field__struct.h
[10.189s] -- Installing: /home/andres/Documents/Proyecto_G/OAK_D_programs/colcon_ws/install/depthai_ros_msgs/include/depthai_ros_msgs/depthai_ros_msgs/msg/detail/imu_with_magnetic_field__type_support.h
[10.189s] -- Installing: /home/andres/Documents/Proyecto_G/OAK_D_programs/colcon_ws/install/depthai_ros_msgs/include/depthai_ros_msgs/depthai_ros_msgs/msg/detail/hand_landmark_array__functions.c
[10.189s] -- Installing: /home/andres/Documents/Proyecto_G/OAK_D_programs/colcon_ws/install/depthai_ros_msgs/include/depthai_ros_msgs/depthai_ros_msgs/msg/detail/hand_landmark__functions.h
[10.189s] -- Installing: /home/andres/Documents/Proyecto_G/OAK_D_programs/colcon_ws/install/depthai_ros_msgs/include/depthai_ros_msgs/depthai_ros_msgs/msg/detail/track_detection2_d_array__struct.h
[10.189s] -- Installing: /home/andres/Documents/Proyecto_G/OAK_D_programs/colcon_ws/install/depthai_ros_msgs/include/depthai_ros_msgs/depthai_ros_msgs/msg/detail/track_detection2_d_array__functions.h
[10.189s] -- Installing: /home/andres/Documents/Proyecto_G/OAK_D_programs/colcon_ws/install/depthai_ros_msgs/include/depthai_ros_msgs/depthai_ros_msgs/msg/detail/spatial_detection_array__functions.c
[10.189s] -- Installing: /home/andres/Documents/Proyecto_G/OAK_D_programs/colcon_ws/install/depthai_ros_msgs/include/depthai_ros_msgs/depthai_ros_msgs/msg/detail/auto_focus_ctrl__struct.h
[10.189s] -- Installing: /home/andres/Documents/Proyecto_G/OAK_D_programs/colcon_ws/install/depthai_ros_msgs/include/depthai_ros_msgs/depthai_ros_msgs/msg/detail/tracked_features__functions.c
[10.189s] -- Installing: /home/andres/Documents/Proyecto_G/OAK_D_programs/colcon_ws/install/depthai_ros_msgs/include/depthai_ros_msgs/depthai_ros_msgs/msg/detail/spatial_detection_array__type_support.h
[10.189s] -- Installing: /home/andres/Documents/Proyecto_G/OAK_D_programs/colcon_ws/install/depthai_ros_msgs/include/depthai_ros_msgs/depthai_ros_msgs/msg/detail/auto_focus_ctrl__functions.h
[10.190s] -- Installing: /home/andres/Documents/Proyecto_G/OAK_D_programs/colcon_ws/install/depthai_ros_msgs/include/depthai_ros_msgs/depthai_ros_msgs/msg/detail/track_detection2_d__functions.c
[10.190s] -- Installing: /home/andres/Documents/Proyecto_G/OAK_D_programs/colcon_ws/install/depthai_ros_msgs/include/depthai_ros_msgs/depthai_ros_msgs/msg/detail/tracked_feature__struct.h
[10.190s] -- Installing: /home/andres/Documents/Proyecto_G/OAK_D_programs/colcon_ws/install/depthai_ros_msgs/include/depthai_ros_msgs/depthai_ros_msgs/msg/detail/spatial_detection__functions.c
[10.190s] -- Installing: /home/andres/Documents/Proyecto_G/OAK_D_programs/colcon_ws/install/depthai_ros_msgs/include/depthai_ros_msgs/depthai_ros_msgs/msg/detail/hand_landmark_array__functions.h
[10.190s] -- Installing: /home/andres/Documents/Proyecto_G/OAK_D_programs/colcon_ws/install/depthai_ros_msgs/include/depthai_ros_msgs/depthai_ros_msgs/msg/detail/track_detection2_d_array__functions.c
[10.190s] -- Installing: /home/andres/Documents/Proyecto_G/OAK_D_programs/colcon_ws/install/depthai_ros_msgs/include/depthai_ros_msgs/depthai_ros_msgs/msg/detail/imu_with_magnetic_field__functions.h
[10.190s] -- Installing: /home/andres/Documents/Proyecto_G/OAK_D_programs/colcon_ws/install/depthai_ros_msgs/include/depthai_ros_msgs/depthai_ros_msgs/msg/rosidl_generator_c__visibility_control.h
[10.190s] -- Installing: /home/andres/Documents/Proyecto_G/OAK_D_programs/colcon_ws/install/depthai_ros_msgs/include/depthai_ros_msgs/depthai_ros_msgs/msg/track_detection2_d_array.h
[10.191s] -- Installing: /home/andres/Documents/Proyecto_G/OAK_D_programs/colcon_ws/install/depthai_ros_msgs/include/depthai_ros_msgs/depthai_ros_msgs/msg/spatial_detection.h
[10.191s] -- Installing: /home/andres/Documents/Proyecto_G/OAK_D_programs/colcon_ws/install/depthai_ros_msgs/include/depthai_ros_msgs/depthai_ros_msgs/msg/auto_focus_ctrl.h
[10.191s] -- Installing: /home/andres/Documents/Proyecto_G/OAK_D_programs/colcon_ws/install/depthai_ros_msgs/include/depthai_ros_msgs/depthai_ros_msgs/msg/hand_landmark_array.h
[10.191s] -- Installing: /home/andres/Documents/Proyecto_G/OAK_D_programs/colcon_ws/install/depthai_ros_msgs/include/depthai_ros_msgs/depthai_ros_msgs/msg/hand_landmark.h
[10.191s] -- Installing: /home/andres/Documents/Proyecto_G/OAK_D_programs/colcon_ws/install/depthai_ros_msgs/include/depthai_ros_msgs/depthai_ros_msgs/msg/imu_with_magnetic_field.h
[10.191s] -- Installing: /home/andres/Documents/Proyecto_G/OAK_D_programs/colcon_ws/install/depthai_ros_msgs/include/depthai_ros_msgs/depthai_ros_msgs/msg/track_detection2_d.h
[10.191s] -- Installing: /home/andres/Documents/Proyecto_G/OAK_D_programs/colcon_ws/install/depthai_ros_msgs/include/depthai_ros_msgs/depthai_ros_msgs/srv
[10.191s] -- Installing: /home/andres/Documents/Proyecto_G/OAK_D_programs/colcon_ws/install/depthai_ros_msgs/include/depthai_ros_msgs/depthai_ros_msgs/srv/detail
[10.191s] -- Installing: /home/andres/Documents/Proyecto_G/OAK_D_programs/colcon_ws/install/depthai_ros_msgs/include/depthai_ros_msgs/depthai_ros_msgs/srv/detail/trigger_named__type_support.h
[10.192s] -- Installing: /home/andres/Documents/Proyecto_G/OAK_D_programs/colcon_ws/install/depthai_ros_msgs/include/depthai_ros_msgs/depthai_ros_msgs/srv/detail/trigger_named__functions.h
[10.192s] -- Installing: /home/andres/Documents/Proyecto_G/OAK_D_programs/colcon_ws/install/depthai_ros_msgs/include/depthai_ros_msgs/depthai_ros_msgs/srv/detail/normalized_image_crop__type_support.h
[10.192s] -- Installing: /home/andres/Documents/Proyecto_G/OAK_D_programs/colcon_ws/install/depthai_ros_msgs/include/depthai_ros_msgs/depthai_ros_msgs/srv/detail/trigger_named__struct.h
[10.192s] -- Installing: /home/andres/Documents/Proyecto_G/OAK_D_programs/colcon_ws/install/depthai_ros_msgs/include/depthai_ros_msgs/depthai_ros_msgs/srv/detail/normalized_image_crop__struct.h
[10.192s] -- Installing: /home/andres/Documents/Proyecto_G/OAK_D_programs/colcon_ws/install/depthai_ros_msgs/include/depthai_ros_msgs/depthai_ros_msgs/srv/detail/normalized_image_crop__functions.c
[10.192s] -- Installing: /home/andres/Documents/Proyecto_G/OAK_D_programs/colcon_ws/install/depthai_ros_msgs/include/depthai_ros_msgs/depthai_ros_msgs/srv/detail/normalized_image_crop__functions.h
[10.192s] -- Installing: /home/andres/Documents/Proyecto_G/OAK_D_programs/colcon_ws/install/depthai_ros_msgs/include/depthai_ros_msgs/depthai_ros_msgs/srv/detail/set_local_transform__type_support.h
[10.192s] -- Installing: /home/andres/Documents/Proyecto_G/OAK_D_programs/colcon_ws/install/depthai_ros_msgs/include/depthai_ros_msgs/depthai_ros_msgs/srv/detail/set_local_transform__struct.h
[10.192s] -- Installing: /home/andres/Documents/Proyecto_G/OAK_D_programs/colcon_ws/install/depthai_ros_msgs/include/depthai_ros_msgs/depthai_ros_msgs/srv/detail/set_local_transform__functions.h
[10.193s] -- Installing: /home/andres/Documents/Proyecto_G/OAK_D_programs/colcon_ws/install/depthai_ros_msgs/include/depthai_ros_msgs/depthai_ros_msgs/srv/detail/set_local_transform__functions.c
[10.193s] -- Installing: /home/andres/Documents/Proyecto_G/OAK_D_programs/colcon_ws/install/depthai_ros_msgs/include/depthai_ros_msgs/depthai_ros_msgs/srv/detail/trigger_named__functions.c
[10.193s] -- Installing: /home/andres/Documents/Proyecto_G/OAK_D_programs/colcon_ws/install/depthai_ros_msgs/include/depthai_ros_msgs/depthai_ros_msgs/srv/trigger_named.h
[10.193s] -- Installing: /home/andres/Documents/Proyecto_G/OAK_D_programs/colcon_ws/install/depthai_ros_msgs/include/depthai_ros_msgs/depthai_ros_msgs/srv/normalized_image_crop.h
[10.193s] -- Installing: /home/andres/Documents/Proyecto_G/OAK_D_programs/colcon_ws/install/depthai_ros_msgs/include/depthai_ros_msgs/depthai_ros_msgs/srv/set_local_transform.h
[10.193s] -- Installing: /home/andres/Documents/Proyecto_G/OAK_D_programs/colcon_ws/install/depthai_ros_msgs/share/depthai_ros_msgs/environment/library_path.sh
[10.193s] -- Installing: /home/andres/Documents/Proyecto_G/OAK_D_programs/colcon_ws/install/depthai_ros_msgs/share/depthai_ros_msgs/environment/library_path.dsv
[10.194s] -- Installing: /home/andres/Documents/Proyecto_G/OAK_D_programs/colcon_ws/install/depthai_ros_msgs/lib/libdepthai_ros_msgs__rosidl_generator_c.so
[10.194s] -- Set runtime path of "/home/andres/Documents/Proyecto_G/OAK_D_programs/colcon_ws/install/depthai_ros_msgs/lib/libdepthai_ros_msgs__rosidl_generator_c.so" to ""
[10.194s] -- Up-to-date: /home/andres/Documents/Proyecto_G/OAK_D_programs/colcon_ws/install/depthai_ros_msgs/include/depthai_ros_msgs/depthai_ros_msgs
[10.194s] -- Up-to-date: /home/andres/Documents/Proyecto_G/OAK_D_programs/colcon_ws/install/depthai_ros_msgs/include/depthai_ros_msgs/depthai_ros_msgs/msg
[10.194s] -- Up-to-date: /home/andres/Documents/Proyecto_G/OAK_D_programs/colcon_ws/install/depthai_ros_msgs/include/depthai_ros_msgs/depthai_ros_msgs/msg/detail
[10.194s] -- Installing: /home/andres/Documents/Proyecto_G/OAK_D_programs/colcon_ws/install/depthai_ros_msgs/include/depthai_ros_msgs/depthai_ros_msgs/msg/detail/imu_with_magnetic_field__rosidl_typesupport_fastrtps_c.h
[10.194s] -- Installing: /home/andres/Documents/Proyecto_G/OAK_D_programs/colcon_ws/install/depthai_ros_msgs/include/depthai_ros_msgs/depthai_ros_msgs/msg/detail/auto_focus_ctrl__rosidl_typesupport_fastrtps_c.h
[10.194s] -- Installing: /home/andres/Documents/Proyecto_G/OAK_D_programs/colcon_ws/install/depthai_ros_msgs/include/depthai_ros_msgs/depthai_ros_msgs/msg/detail/tracked_feature__rosidl_typesupport_fastrtps_c.h
[10.195s] -- Installing: /home/andres/Documents/Proyecto_G/OAK_D_programs/colcon_ws/install/depthai_ros_msgs/include/depthai_ros_msgs/depthai_ros_msgs/msg/detail/hand_landmark__rosidl_typesupport_fastrtps_c.h
[10.195s] -- Installing: /home/andres/Documents/Proyecto_G/OAK_D_programs/colcon_ws/install/depthai_ros_msgs/include/depthai_ros_msgs/depthai_ros_msgs/msg/detail/tracked_features__rosidl_typesupport_fastrtps_c.h
[10.195s] -- Installing: /home/andres/Documents/Proyecto_G/OAK_D_programs/colcon_ws/install/depthai_ros_msgs/include/depthai_ros_msgs/depthai_ros_msgs/msg/detail/hand_landmark_array__rosidl_typesupport_fastrtps_c.h
[10.195s] -- Installing: /home/andres/Documents/Proyecto_G/OAK_D_programs/colcon_ws/install/depthai_ros_msgs/include/depthai_ros_msgs/depthai_ros_msgs/msg/detail/spatial_detection__rosidl_typesupport_fastrtps_c.h
[10.195s] -- Installing: /home/andres/Documents/Proyecto_G/OAK_D_programs/colcon_ws/install/depthai_ros_msgs/include/depthai_ros_msgs/depthai_ros_msgs/msg/detail/track_detection2_d_array__rosidl_typesupport_fastrtps_c.h
[10.195s] -- Installing: /home/andres/Documents/Proyecto_G/OAK_D_programs/colcon_ws/install/depthai_ros_msgs/include/depthai_ros_msgs/depthai_ros_msgs/msg/detail/track_detection2_d__rosidl_typesupport_fastrtps_c.h
[10.195s] -- Installing: /home/andres/Documents/Proyecto_G/OAK_D_programs/colcon_ws/install/depthai_ros_msgs/include/depthai_ros_msgs/depthai_ros_msgs/msg/detail/spatial_detection_array__rosidl_typesupport_fastrtps_c.h
[10.195s] -- Installing: /home/andres/Documents/Proyecto_G/OAK_D_programs/colcon_ws/install/depthai_ros_msgs/include/depthai_ros_msgs/depthai_ros_msgs/msg/rosidl_typesupport_fastrtps_c__visibility_control.h
[10.196s] -- Up-to-date: /home/andres/Documents/Proyecto_G/OAK_D_programs/colcon_ws/install/depthai_ros_msgs/include/depthai_ros_msgs/depthai_ros_msgs/srv
[10.196s] -- Up-to-date: /home/andres/Documents/Proyecto_G/OAK_D_programs/colcon_ws/install/depthai_ros_msgs/include/depthai_ros_msgs/depthai_ros_msgs/srv/detail
[10.196s] -- Installing: /home/andres/Documents/Proyecto_G/OAK_D_programs/colcon_ws/install/depthai_ros_msgs/include/depthai_ros_msgs/depthai_ros_msgs/srv/detail/trigger_named__rosidl_typesupport_fastrtps_c.h
[10.196s] -- Installing: /home/andres/Documents/Proyecto_G/OAK_D_programs/colcon_ws/install/depthai_ros_msgs/include/depthai_ros_msgs/depthai_ros_msgs/srv/detail/normalized_image_crop__rosidl_typesupport_fastrtps_c.h
[10.196s] -- Installing: /home/andres/Documents/Proyecto_G/OAK_D_programs/colcon_ws/install/depthai_ros_msgs/include/depthai_ros_msgs/depthai_ros_msgs/srv/detail/set_local_transform__rosidl_typesupport_fastrtps_c.h
[10.196s] -- Installing: /home/andres/Documents/Proyecto_G/OAK_D_programs/colcon_ws/install/depthai_ros_msgs/lib/libdepthai_ros_msgs__rosidl_typesupport_fastrtps_c.so
[10.196s] -- Set runtime path of "/home/andres/Documents/Proyecto_G/OAK_D_programs/colcon_ws/install/depthai_ros_msgs/lib/libdepthai_ros_msgs__rosidl_typesupport_fastrtps_c.so" to ""
[10.196s] -- Up-to-date: /home/andres/Documents/Proyecto_G/OAK_D_programs/colcon_ws/install/depthai_ros_msgs/include/depthai_ros_msgs/depthai_ros_msgs
[10.196s] -- Up-to-date: /home/andres/Documents/Proyecto_G/OAK_D_programs/colcon_ws/install/depthai_ros_msgs/include/depthai_ros_msgs/depthai_ros_msgs/msg
[10.196s] -- Installing: /home/andres/Documents/Proyecto_G/OAK_D_programs/colcon_ws/install/depthai_ros_msgs/include/depthai_ros_msgs/depthai_ros_msgs/msg/spatial_detection.hpp
[10.197s] -- Installing: /home/andres/Documents/Proyecto_G/OAK_D_programs/colcon_ws/install/depthai_ros_msgs/include/depthai_ros_msgs/depthai_ros_msgs/msg/track_detection2_d.hpp
[10.197s] -- Installing: /home/andres/Documents/Proyecto_G/OAK_D_programs/colcon_ws/install/depthai_ros_msgs/include/depthai_ros_msgs/depthai_ros_msgs/msg/hand_landmark.hpp
[10.197s] -- Installing: /home/andres/Documents/Proyecto_G/OAK_D_programs/colcon_ws/install/depthai_ros_msgs/include/depthai_ros_msgs/depthai_ros_msgs/msg/track_detection2_d_array.hpp
[10.197s] -- Installing: /home/andres/Documents/Proyecto_G/OAK_D_programs/colcon_ws/install/depthai_ros_msgs/include/depthai_ros_msgs/depthai_ros_msgs/msg/hand_landmark_array.hpp
[10.197s] -- Installing: /home/andres/Documents/Proyecto_G/OAK_D_programs/colcon_ws/install/depthai_ros_msgs/include/depthai_ros_msgs/depthai_ros_msgs/msg/spatial_detection_array.hpp
[10.197s] -- Up-to-date: /home/andres/Documents/Proyecto_G/OAK_D_programs/colcon_ws/install/depthai_ros_msgs/include/depthai_ros_msgs/depthai_ros_msgs/msg/detail
[10.197s] -- Installing: /home/andres/Documents/Proyecto_G/OAK_D_programs/colcon_ws/install/depthai_ros_msgs/include/depthai_ros_msgs/depthai_ros_msgs/msg/detail/tracked_features__type_support.hpp
[10.197s] -- Installing: /home/andres/Documents/Proyecto_G/OAK_D_programs/colcon_ws/install/depthai_ros_msgs/include/depthai_ros_msgs/depthai_ros_msgs/msg/detail/track_detection2_d_array__builder.hpp
[10.197s] -- Installing: /home/andres/Documents/Proyecto_G/OAK_D_programs/colcon_ws/install/depthai_ros_msgs/include/depthai_ros_msgs/depthai_ros_msgs/msg/detail/spatial_detection__struct.hpp
[10.198s] -- Installing: /home/andres/Documents/Proyecto_G/OAK_D_programs/colcon_ws/install/depthai_ros_msgs/include/depthai_ros_msgs/depthai_ros_msgs/msg/detail/hand_landmark_array__builder.hpp
[10.198s] -- Installing: /home/andres/Documents/Proyecto_G/OAK_D_programs/colcon_ws/install/depthai_ros_msgs/include/depthai_ros_msgs/depthai_ros_msgs/msg/detail/spatial_detection_array__traits.hpp
[10.198s] -- Installing: /home/andres/Documents/Proyecto_G/OAK_D_programs/colcon_ws/install/depthai_ros_msgs/include/depthai_ros_msgs/depthai_ros_msgs/msg/detail/hand_landmark__builder.hpp
[10.198s] -- Installing: /home/andres/Documents/Proyecto_G/OAK_D_programs/colcon_ws/install/depthai_ros_msgs/include/depthai_ros_msgs/depthai_ros_msgs/msg/detail/track_detection2_d__builder.hpp
[10.198s] -- Installing: /home/andres/Documents/Proyecto_G/OAK_D_programs/colcon_ws/install/depthai_ros_msgs/include/depthai_ros_msgs/depthai_ros_msgs/msg/detail/auto_focus_ctrl__traits.hpp
[10.198s] -- Installing: /home/andres/Documents/Proyecto_G/OAK_D_programs/colcon_ws/install/depthai_ros_msgs/include/depthai_ros_msgs/depthai_ros_msgs/msg/detail/track_detection2_d_array__type_support.hpp
[10.198s] -- Installing: /home/andres/Documents/Proyecto_G/OAK_D_programs/colcon_ws/install/depthai_ros_msgs/include/depthai_ros_msgs/depthai_ros_msgs/msg/detail/tracked_feature__builder.hpp
[10.198s] -- Installing: /home/andres/Documents/Proyecto_G/OAK_D_programs/colcon_ws/install/depthai_ros_msgs/include/depthai_ros_msgs/depthai_ros_msgs/msg/detail/track_detection2_d_array__traits.hpp
[10.199s] -- Installing: /home/andres/Documents/Proyecto_G/OAK_D_programs/colcon_ws/install/depthai_ros_msgs/include/depthai_ros_msgs/depthai_ros_msgs/msg/detail/hand_landmark__struct.hpp
[10.199s] -- Installing: /home/andres/Documents/Proyecto_G/OAK_D_programs/colcon_ws/install/depthai_ros_msgs/include/depthai_ros_msgs/depthai_ros_msgs/msg/detail/track_detection2_d_array__struct.hpp
[10.199s] -- Installing: /home/andres/Documents/Proyecto_G/OAK_D_programs/colcon_ws/install/depthai_ros_msgs/include/depthai_ros_msgs/depthai_ros_msgs/msg/detail/tracked_feature__traits.hpp
[10.199s] -- Installing: /home/andres/Documents/Proyecto_G/OAK_D_programs/colcon_ws/install/depthai_ros_msgs/include/depthai_ros_msgs/depthai_ros_msgs/msg/detail/auto_focus_ctrl__type_support.hpp
[10.199s] -- Installing: /home/andres/Documents/Proyecto_G/OAK_D_programs/colcon_ws/install/depthai_ros_msgs/include/depthai_ros_msgs/depthai_ros_msgs/msg/detail/hand_landmark_array__struct.hpp
[10.199s] -- Installing: /home/andres/Documents/Proyecto_G/OAK_D_programs/colcon_ws/install/depthai_ros_msgs/include/depthai_ros_msgs/depthai_ros_msgs/msg/detail/spatial_detection__traits.hpp
[10.199s] -- Installing: /home/andres/Documents/Proyecto_G/OAK_D_programs/colcon_ws/install/depthai_ros_msgs/include/depthai_ros_msgs/depthai_ros_msgs/msg/detail/hand_landmark_array__traits.hpp
[10.199s] -- Installing: /home/andres/Documents/Proyecto_G/OAK_D_programs/colcon_ws/install/depthai_ros_msgs/include/depthai_ros_msgs/depthai_ros_msgs/msg/detail/spatial_detection_array__builder.hpp
[10.200s] -- Installing: /home/andres/Documents/Proyecto_G/OAK_D_programs/colcon_ws/install/depthai_ros_msgs/include/depthai_ros_msgs/depthai_ros_msgs/msg/detail/track_detection2_d__struct.hpp
[10.200s] -- Installing: /home/andres/Documents/Proyecto_G/OAK_D_programs/colcon_ws/install/depthai_ros_msgs/include/depthai_ros_msgs/depthai_ros_msgs/msg/detail/spatial_detection__type_support.hpp
[10.200s] -- Installing: /home/andres/Documents/Proyecto_G/OAK_D_programs/colcon_ws/install/depthai_ros_msgs/include/depthai_ros_msgs/depthai_ros_msgs/msg/detail/hand_landmark_array__type_support.hpp
[10.200s] -- Installing: /home/andres/Documents/Proyecto_G/OAK_D_programs/colcon_ws/install/depthai_ros_msgs/include/depthai_ros_msgs/depthai_ros_msgs/msg/detail/imu_with_magnetic_field__traits.hpp
[10.200s] -- Installing: /home/andres/Documents/Proyecto_G/OAK_D_programs/colcon_ws/install/depthai_ros_msgs/include/depthai_ros_msgs/depthai_ros_msgs/msg/detail/spatial_detection_array__struct.hpp
[10.200s] -- Installing: /home/andres/Documents/Proyecto_G/OAK_D_programs/colcon_ws/install/depthai_ros_msgs/include/depthai_ros_msgs/depthai_ros_msgs/msg/detail/auto_focus_ctrl__builder.hpp
[10.200s] -- Installing: /home/andres/Documents/Proyecto_G/OAK_D_programs/colcon_ws/install/depthai_ros_msgs/include/depthai_ros_msgs/depthai_ros_msgs/msg/detail/tracked_feature__struct.hpp
[10.200s] -- Installing: /home/andres/Documents/Proyecto_G/OAK_D_programs/colcon_ws/install/depthai_ros_msgs/include/depthai_ros_msgs/depthai_ros_msgs/msg/detail/imu_with_magnetic_field__type_support.hpp
[10.201s] -- Installing: /home/andres/Documents/Proyecto_G/OAK_D_programs/colcon_ws/install/depthai_ros_msgs/include/depthai_ros_msgs/depthai_ros_msgs/msg/detail/auto_focus_ctrl__struct.hpp
[10.201s] -- Installing: /home/andres/Documents/Proyecto_G/OAK_D_programs/colcon_ws/install/depthai_ros_msgs/include/depthai_ros_msgs/depthai_ros_msgs/msg/detail/tracked_features__builder.hpp
[10.201s] -- Installing: /home/andres/Documents/Proyecto_G/OAK_D_programs/colcon_ws/install/depthai_ros_msgs/include/depthai_ros_msgs/depthai_ros_msgs/msg/detail/tracked_features__struct.hpp
[10.201s] -- Installing: /home/andres/Documents/Proyecto_G/OAK_D_programs/colcon_ws/install/depthai_ros_msgs/include/depthai_ros_msgs/depthai_ros_msgs/msg/detail/track_detection2_d__type_support.hpp
[10.201s] -- Installing: /home/andres/Documents/Proyecto_G/OAK_D_programs/colcon_ws/install/depthai_ros_msgs/include/depthai_ros_msgs/depthai_ros_msgs/msg/detail/track_detection2_d__traits.hpp
[10.201s] -- Installing: /home/andres/Documents/Proyecto_G/OAK_D_programs/colcon_ws/install/depthai_ros_msgs/include/depthai_ros_msgs/depthai_ros_msgs/msg/detail/tracked_features__traits.hpp
[10.201s] -- Installing: /home/andres/Documents/Proyecto_G/OAK_D_programs/colcon_ws/install/depthai_ros_msgs/include/depthai_ros_msgs/depthai_ros_msgs/msg/detail/imu_with_magnetic_field__struct.hpp
[10.201s] -- Installing: /home/andres/Documents/Proyecto_G/OAK_D_programs/colcon_ws/install/depthai_ros_msgs/include/depthai_ros_msgs/depthai_ros_msgs/msg/detail/imu_with_magnetic_field__builder.hpp
[10.202s] -- Installing: /home/andres/Documents/Proyecto_G/OAK_D_programs/colcon_ws/install/depthai_ros_msgs/include/depthai_ros_msgs/depthai_ros_msgs/msg/detail/hand_landmark__traits.hpp
[10.202s] -- Installing: /home/andres/Documents/Proyecto_G/OAK_D_programs/colcon_ws/install/depthai_ros_msgs/include/depthai_ros_msgs/depthai_ros_msgs/msg/detail/spatial_detection__builder.hpp
[10.202s] -- Installing: /home/andres/Documents/Proyecto_G/OAK_D_programs/colcon_ws/install/depthai_ros_msgs/include/depthai_ros_msgs/depthai_ros_msgs/msg/detail/hand_landmark__type_support.hpp
[10.202s] -- Installing: /home/andres/Documents/Proyecto_G/OAK_D_programs/colcon_ws/install/depthai_ros_msgs/include/depthai_ros_msgs/depthai_ros_msgs/msg/detail/spatial_detection_array__type_support.hpp
[10.202s] -- Installing: /home/andres/Documents/Proyecto_G/OAK_D_programs/colcon_ws/install/depthai_ros_msgs/include/depthai_ros_msgs/depthai_ros_msgs/msg/detail/tracked_feature__type_support.hpp
[10.202s] -- Installing: /home/andres/Documents/Proyecto_G/OAK_D_programs/colcon_ws/install/depthai_ros_msgs/include/depthai_ros_msgs/depthai_ros_msgs/msg/tracked_feature.hpp
[10.202s] -- Installing: /home/andres/Documents/Proyecto_G/OAK_D_programs/colcon_ws/install/depthai_ros_msgs/include/depthai_ros_msgs/depthai_ros_msgs/msg/rosidl_generator_cpp__visibility_control.hpp
[10.202s] -- Installing: /home/andres/Documents/Proyecto_G/OAK_D_programs/colcon_ws/install/depthai_ros_msgs/include/depthai_ros_msgs/depthai_ros_msgs/msg/tracked_features.hpp
[10.203s] -- Installing: /home/andres/Documents/Proyecto_G/OAK_D_programs/colcon_ws/install/depthai_ros_msgs/include/depthai_ros_msgs/depthai_ros_msgs/msg/auto_focus_ctrl.hpp
[10.203s] -- Installing: /home/andres/Documents/Proyecto_G/OAK_D_programs/colcon_ws/install/depthai_ros_msgs/include/depthai_ros_msgs/depthai_ros_msgs/msg/imu_with_magnetic_field.hpp
[10.203s] -- Up-to-date: /home/andres/Documents/Proyecto_G/OAK_D_programs/colcon_ws/install/depthai_ros_msgs/include/depthai_ros_msgs/depthai_ros_msgs/srv
[10.203s] -- Up-to-date: /home/andres/Documents/Proyecto_G/OAK_D_programs/colcon_ws/install/depthai_ros_msgs/include/depthai_ros_msgs/depthai_ros_msgs/srv/detail
[10.203s] -- Installing: /home/andres/Documents/Proyecto_G/OAK_D_programs/colcon_ws/install/depthai_ros_msgs/include/depthai_ros_msgs/depthai_ros_msgs/srv/detail/trigger_named__struct.hpp
[10.203s] -- Installing: /home/andres/Documents/Proyecto_G/OAK_D_programs/colcon_ws/install/depthai_ros_msgs/include/depthai_ros_msgs/depthai_ros_msgs/srv/detail/normalized_image_crop__builder.hpp
[10.203s] -- Installing: /home/andres/Documents/Proyecto_G/OAK_D_programs/colcon_ws/install/depthai_ros_msgs/include/depthai_ros_msgs/depthai_ros_msgs/srv/detail/set_local_transform__traits.hpp
[10.203s] -- Installing: /home/andres/Documents/Proyecto_G/OAK_D_programs/colcon_ws/install/depthai_ros_msgs/include/depthai_ros_msgs/depthai_ros_msgs/srv/detail/normalized_image_crop__traits.hpp
[10.203s] -- Installing: /home/andres/Documents/Proyecto_G/OAK_D_programs/colcon_ws/install/depthai_ros_msgs/include/depthai_ros_msgs/depthai_ros_msgs/srv/detail/trigger_named__type_support.hpp
[10.204s] -- Installing: /home/andres/Documents/Proyecto_G/OAK_D_programs/colcon_ws/install/depthai_ros_msgs/include/depthai_ros_msgs/depthai_ros_msgs/srv/detail/set_local_transform__type_support.hpp
[10.204s] -- Installing: /home/andres/Documents/Proyecto_G/OAK_D_programs/colcon_ws/install/depthai_ros_msgs/include/depthai_ros_msgs/depthai_ros_msgs/srv/detail/normalized_image_crop__type_support.hpp
[10.204s] -- Installing: /home/andres/Documents/Proyecto_G/OAK_D_programs/colcon_ws/install/depthai_ros_msgs/include/depthai_ros_msgs/depthai_ros_msgs/srv/detail/set_local_transform__struct.hpp
[10.204s] -- Installing: /home/andres/Documents/Proyecto_G/OAK_D_programs/colcon_ws/install/depthai_ros_msgs/include/depthai_ros_msgs/depthai_ros_msgs/srv/detail/set_local_transform__builder.hpp
[10.204s] -- Installing: /home/andres/Documents/Proyecto_G/OAK_D_programs/colcon_ws/install/depthai_ros_msgs/include/depthai_ros_msgs/depthai_ros_msgs/srv/detail/trigger_named__traits.hpp
[10.204s] -- Installing: /home/andres/Documents/Proyecto_G/OAK_D_programs/colcon_ws/install/depthai_ros_msgs/include/depthai_ros_msgs/depthai_ros_msgs/srv/detail/trigger_named__builder.hpp
[10.204s] -- Installing: /home/andres/Documents/Proyecto_G/OAK_D_programs/colcon_ws/install/depthai_ros_msgs/include/depthai_ros_msgs/depthai_ros_msgs/srv/detail/normalized_image_crop__struct.hpp
[10.204s] -- Installing: /home/andres/Documents/Proyecto_G/OAK_D_programs/colcon_ws/install/depthai_ros_msgs/include/depthai_ros_msgs/depthai_ros_msgs/srv/normalized_image_crop.hpp
[10.205s] -- Installing: /home/andres/Documents/Proyecto_G/OAK_D_programs/colcon_ws/install/depthai_ros_msgs/include/depthai_ros_msgs/depthai_ros_msgs/srv/set_local_transform.hpp
[10.205s] -- Installing: /home/andres/Documents/Proyecto_G/OAK_D_programs/colcon_ws/install/depthai_ros_msgs/include/depthai_ros_msgs/depthai_ros_msgs/srv/trigger_named.hpp
[10.205s] -- Up-to-date: /home/andres/Documents/Proyecto_G/OAK_D_programs/colcon_ws/install/depthai_ros_msgs/include/depthai_ros_msgs/depthai_ros_msgs
[10.205s] -- Up-to-date: /home/andres/Documents/Proyecto_G/OAK_D_programs/colcon_ws/install/depthai_ros_msgs/include/depthai_ros_msgs/depthai_ros_msgs/msg
[10.205s] -- Up-to-date: /home/andres/Documents/Proyecto_G/OAK_D_programs/colcon_ws/install/depthai_ros_msgs/include/depthai_ros_msgs/depthai_ros_msgs/msg/detail
[10.205s] -- Installing: /home/andres/Documents/Proyecto_G/OAK_D_programs/colcon_ws/install/depthai_ros_msgs/include/depthai_ros_msgs/depthai_ros_msgs/msg/detail/imu_with_magnetic_field__rosidl_typesupport_fastrtps_cpp.hpp
[10.205s] -- Installing: /home/andres/Documents/Proyecto_G/OAK_D_programs/colcon_ws/install/depthai_ros_msgs/include/depthai_ros_msgs/depthai_ros_msgs/msg/detail/tracked_features__rosidl_typesupport_fastrtps_cpp.hpp
[10.205s] -- Installing: /home/andres/Documents/Proyecto_G/OAK_D_programs/colcon_ws/install/depthai_ros_msgs/include/depthai_ros_msgs/depthai_ros_msgs/msg/detail/hand_landmark_array__rosidl_typesupport_fastrtps_cpp.hpp
[10.205s] -- Installing: /home/andres/Documents/Proyecto_G/OAK_D_programs/colcon_ws/install/depthai_ros_msgs/include/depthai_ros_msgs/depthai_ros_msgs/msg/detail/spatial_detection__rosidl_typesupport_fastrtps_cpp.hpp
[10.205s] -- Installing: /home/andres/Documents/Proyecto_G/OAK_D_programs/colcon_ws/install/depthai_ros_msgs/include/depthai_ros_msgs/depthai_ros_msgs/msg/detail/track_detection2_d__rosidl_typesupport_fastrtps_cpp.hpp
[10.206s] -- Installing: /home/andres/Documents/Proyecto_G/OAK_D_programs/colcon_ws/install/depthai_ros_msgs/include/depthai_ros_msgs/depthai_ros_msgs/msg/detail/hand_landmark__rosidl_typesupport_fastrtps_cpp.hpp
[10.206s] -- Installing: /home/andres/Documents/Proyecto_G/OAK_D_programs/colcon_ws/install/depthai_ros_msgs/include/depthai_ros_msgs/depthai_ros_msgs/msg/detail/track_detection2_d_array__rosidl_typesupport_fastrtps_cpp.hpp
[10.206s] -- Installing: /home/andres/Documents/Proyecto_G/OAK_D_programs/colcon_ws/install/depthai_ros_msgs/include/depthai_ros_msgs/depthai_ros_msgs/msg/detail/auto_focus_ctrl__rosidl_typesupport_fastrtps_cpp.hpp
[10.206s] -- Installing: /home/andres/Documents/Proyecto_G/OAK_D_programs/colcon_ws/install/depthai_ros_msgs/include/depthai_ros_msgs/depthai_ros_msgs/msg/detail/tracked_feature__rosidl_typesupport_fastrtps_cpp.hpp
[10.206s] -- Installing: /home/andres/Documents/Proyecto_G/OAK_D_programs/colcon_ws/install/depthai_ros_msgs/include/depthai_ros_msgs/depthai_ros_msgs/msg/detail/spatial_detection_array__rosidl_typesupport_fastrtps_cpp.hpp
[10.206s] -- Installing: /home/andres/Documents/Proyecto_G/OAK_D_programs/colcon_ws/install/depthai_ros_msgs/include/depthai_ros_msgs/depthai_ros_msgs/msg/detail/dds_fastrtps
[10.206s] -- Installing: /home/andres/Documents/Proyecto_G/OAK_D_programs/colcon_ws/install/depthai_ros_msgs/include/depthai_ros_msgs/depthai_ros_msgs/msg/rosidl_typesupport_fastrtps_cpp__visibility_control.h
[10.206s] -- Up-to-date: /home/andres/Documents/Proyecto_G/OAK_D_programs/colcon_ws/install/depthai_ros_msgs/include/depthai_ros_msgs/depthai_ros_msgs/srv
[10.206s] -- Up-to-date: /home/andres/Documents/Proyecto_G/OAK_D_programs/colcon_ws/install/depthai_ros_msgs/include/depthai_ros_msgs/depthai_ros_msgs/srv/detail
[10.207s] -- Installing: /home/andres/Documents/Proyecto_G/OAK_D_programs/colcon_ws/install/depthai_ros_msgs/include/depthai_ros_msgs/depthai_ros_msgs/srv/detail/set_local_transform__rosidl_typesupport_fastrtps_cpp.hpp
[10.207s] -- Installing: /home/andres/Documents/Proyecto_G/OAK_D_programs/colcon_ws/install/depthai_ros_msgs/include/depthai_ros_msgs/depthai_ros_msgs/srv/detail/normalized_image_crop__rosidl_typesupport_fastrtps_cpp.hpp
[10.207s] -- Installing: /home/andres/Documents/Proyecto_G/OAK_D_programs/colcon_ws/install/depthai_ros_msgs/include/depthai_ros_msgs/depthai_ros_msgs/srv/detail/trigger_named__rosidl_typesupport_fastrtps_cpp.hpp
[10.207s] -- Installing: /home/andres/Documents/Proyecto_G/OAK_D_programs/colcon_ws/install/depthai_ros_msgs/include/depthai_ros_msgs/depthai_ros_msgs/srv/detail/dds_fastrtps
[10.207s] -- Installing: /home/andres/Documents/Proyecto_G/OAK_D_programs/colcon_ws/install/depthai_ros_msgs/lib/libdepthai_ros_msgs__rosidl_typesupport_fastrtps_cpp.so
[10.208s] -- Set runtime path of "/home/andres/Documents/Proyecto_G/OAK_D_programs/colcon_ws/install/depthai_ros_msgs/lib/libdepthai_ros_msgs__rosidl_typesupport_fastrtps_cpp.so" to ""
[10.208s] -- Up-to-date: /home/andres/Documents/Proyecto_G/OAK_D_programs/colcon_ws/install/depthai_ros_msgs/include/depthai_ros_msgs/depthai_ros_msgs
[10.208s] -- Up-to-date: /home/andres/Documents/Proyecto_G/OAK_D_programs/colcon_ws/install/depthai_ros_msgs/include/depthai_ros_msgs/depthai_ros_msgs/msg
[10.208s] -- Installing: /home/andres/Documents/Proyecto_G/OAK_D_programs/colcon_ws/install/depthai_ros_msgs/include/depthai_ros_msgs/depthai_ros_msgs/msg/rosidl_typesupport_introspection_c__visibility_control.h
[10.208s] -- Up-to-date: /home/andres/Documents/Proyecto_G/OAK_D_programs/colcon_ws/install/depthai_ros_msgs/include/depthai_ros_msgs/depthai_ros_msgs/msg/detail
[10.208s] -- Installing: /home/andres/Documents/Proyecto_G/OAK_D_programs/colcon_ws/install/depthai_ros_msgs/include/depthai_ros_msgs/depthai_ros_msgs/msg/detail/track_detection2_d__type_support.c
[10.208s] -- Installing: /home/andres/Documents/Proyecto_G/OAK_D_programs/colcon_ws/install/depthai_ros_msgs/include/depthai_ros_msgs/depthai_ros_msgs/msg/detail/imu_with_magnetic_field__type_support.c
[10.208s] -- Installing: /home/andres/Documents/Proyecto_G/OAK_D_programs/colcon_ws/install/depthai_ros_msgs/include/depthai_ros_msgs/depthai_ros_msgs/msg/detail/hand_landmark__type_support.c
[10.208s] -- Installing: /home/andres/Documents/Proyecto_G/OAK_D_programs/colcon_ws/install/depthai_ros_msgs/include/depthai_ros_msgs/depthai_ros_msgs/msg/detail/tracked_feature__type_support.c
[10.208s] -- Installing: /home/andres/Documents/Proyecto_G/OAK_D_programs/colcon_ws/install/depthai_ros_msgs/include/depthai_ros_msgs/depthai_ros_msgs/msg/detail/hand_landmark__rosidl_typesupport_introspection_c.h
[10.208s] -- Installing: /home/andres/Documents/Proyecto_G/OAK_D_programs/colcon_ws/install/depthai_ros_msgs/include/depthai_ros_msgs/depthai_ros_msgs/msg/detail/spatial_detection__type_support.c
[10.209s] -- Installing: /home/andres/Documents/Proyecto_G/OAK_D_programs/colcon_ws/install/depthai_ros_msgs/include/depthai_ros_msgs/depthai_ros_msgs/msg/detail/spatial_detection__rosidl_typesupport_introspection_c.h
[10.209s] -- Installing: /home/andres/Documents/Proyecto_G/OAK_D_programs/colcon_ws/install/depthai_ros_msgs/include/depthai_ros_msgs/depthai_ros_msgs/msg/detail/track_detection2_d_array__rosidl_typesupport_introspection_c.h
[10.209s] -- Installing: /home/andres/Documents/Proyecto_G/OAK_D_programs/colcon_ws/install/depthai_ros_msgs/include/depthai_ros_msgs/depthai_ros_msgs/msg/detail/spatial_detection_array__type_support.c
[10.209s] -- Installing: /home/andres/Documents/Proyecto_G/OAK_D_programs/colcon_ws/install/depthai_ros_msgs/include/depthai_ros_msgs/depthai_ros_msgs/msg/detail/track_detection2_d_array__type_support.c
[10.209s] -- Installing: /home/andres/Documents/Proyecto_G/OAK_D_programs/colcon_ws/install/depthai_ros_msgs/include/depthai_ros_msgs/depthai_ros_msgs/msg/detail/hand_landmark_array__type_support.c
[10.209s] -- Installing: /home/andres/Documents/Proyecto_G/OAK_D_programs/colcon_ws/install/depthai_ros_msgs/include/depthai_ros_msgs/depthai_ros_msgs/msg/detail/hand_landmark_array__rosidl_typesupport_introspection_c.h
[10.209s] -- Installing: /home/andres/Documents/Proyecto_G/OAK_D_programs/colcon_ws/install/depthai_ros_msgs/include/depthai_ros_msgs/depthai_ros_msgs/msg/detail/tracked_features__type_support.c
[10.210s] -- Installing: /home/andres/Documents/Proyecto_G/OAK_D_programs/colcon_ws/install/depthai_ros_msgs/include/depthai_ros_msgs/depthai_ros_msgs/msg/detail/imu_with_magnetic_field__rosidl_typesupport_introspection_c.h
[10.210s] -- Installing: /home/andres/Documents/Proyecto_G/OAK_D_programs/colcon_ws/install/depthai_ros_msgs/include/depthai_ros_msgs/depthai_ros_msgs/msg/detail/track_detection2_d__rosidl_typesupport_introspection_c.h
[10.210s] -- Installing: /home/andres/Documents/Proyecto_G/OAK_D_programs/colcon_ws/install/depthai_ros_msgs/include/depthai_ros_msgs/depthai_ros_msgs/msg/detail/auto_focus_ctrl__rosidl_typesupport_introspection_c.h
[10.210s] -- Installing: /home/andres/Documents/Proyecto_G/OAK_D_programs/colcon_ws/install/depthai_ros_msgs/include/depthai_ros_msgs/depthai_ros_msgs/msg/detail/tracked_features__rosidl_typesupport_introspection_c.h
[10.210s] -- Installing: /home/andres/Documents/Proyecto_G/OAK_D_programs/colcon_ws/install/depthai_ros_msgs/include/depthai_ros_msgs/depthai_ros_msgs/msg/detail/auto_focus_ctrl__type_support.c
[10.210s] -- Installing: /home/andres/Documents/Proyecto_G/OAK_D_programs/colcon_ws/install/depthai_ros_msgs/include/depthai_ros_msgs/depthai_ros_msgs/msg/detail/spatial_detection_array__rosidl_typesupport_introspection_c.h
[10.210s] -- Installing: /home/andres/Documents/Proyecto_G/OAK_D_programs/colcon_ws/install/depthai_ros_msgs/include/depthai_ros_msgs/depthai_ros_msgs/msg/detail/tracked_feature__rosidl_typesupport_introspection_c.h
[10.210s] -- Up-to-date: /home/andres/Documents/Proyecto_G/OAK_D_programs/colcon_ws/install/depthai_ros_msgs/include/depthai_ros_msgs/depthai_ros_msgs/srv
[10.210s] -- Up-to-date: /home/andres/Documents/Proyecto_G/OAK_D_programs/colcon_ws/install/depthai_ros_msgs/include/depthai_ros_msgs/depthai_ros_msgs/srv/detail
[10.210s] -- Installing: /home/andres/Documents/Proyecto_G/OAK_D_programs/colcon_ws/install/depthai_ros_msgs/include/depthai_ros_msgs/depthai_ros_msgs/srv/detail/normalized_image_crop__rosidl_typesupport_introspection_c.h
[10.211s] -- Installing: /home/andres/Documents/Proyecto_G/OAK_D_programs/colcon_ws/install/depthai_ros_msgs/include/depthai_ros_msgs/depthai_ros_msgs/srv/detail/trigger_named__type_support.c
[10.211s] -- Installing: /home/andres/Documents/Proyecto_G/OAK_D_programs/colcon_ws/install/depthai_ros_msgs/include/depthai_ros_msgs/depthai_ros_msgs/srv/detail/set_local_transform__type_support.c
[10.211s] -- Installing: /home/andres/Documents/Proyecto_G/OAK_D_programs/colcon_ws/install/depthai_ros_msgs/include/depthai_ros_msgs/depthai_ros_msgs/srv/detail/normalized_image_crop__type_support.c
[10.211s] -- Installing: /home/andres/Documents/Proyecto_G/OAK_D_programs/colcon_ws/install/depthai_ros_msgs/include/depthai_ros_msgs/depthai_ros_msgs/srv/detail/trigger_named__rosidl_typesupport_introspection_c.h
[10.211s] -- Installing: /home/andres/Documents/Proyecto_G/OAK_D_programs/colcon_ws/install/depthai_ros_msgs/include/depthai_ros_msgs/depthai_ros_msgs/srv/detail/set_local_transform__rosidl_typesupport_introspection_c.h
[10.211s] -- Installing: /home/andres/Documents/Proyecto_G/OAK_D_programs/colcon_ws/install/depthai_ros_msgs/lib/libdepthai_ros_msgs__rosidl_typesupport_introspection_c.so
[10.212s] -- Set runtime path of "/home/andres/Documents/Proyecto_G/OAK_D_programs/colcon_ws/install/depthai_ros_msgs/lib/libdepthai_ros_msgs__rosidl_typesupport_introspection_c.so" to ""
[10.212s] -- Installing: /home/andres/Documents/Proyecto_G/OAK_D_programs/colcon_ws/install/depthai_ros_msgs/lib/libdepthai_ros_msgs__rosidl_typesupport_c.so
[10.212s] -- Set runtime path of "/home/andres/Documents/Proyecto_G/OAK_D_programs/colcon_ws/install/depthai_ros_msgs/lib/libdepthai_ros_msgs__rosidl_typesupport_c.so" to ""
[10.212s] -- Up-to-date: /home/andres/Documents/Proyecto_G/OAK_D_programs/colcon_ws/install/depthai_ros_msgs/include/depthai_ros_msgs/depthai_ros_msgs
[10.212s] -- Up-to-date: /home/andres/Documents/Proyecto_G/OAK_D_programs/colcon_ws/install/depthai_ros_msgs/include/depthai_ros_msgs/depthai_ros_msgs/msg
[10.212s] -- Up-to-date: /home/andres/Documents/Proyecto_G/OAK_D_programs/colcon_ws/install/depthai_ros_msgs/include/depthai_ros_msgs/depthai_ros_msgs/msg/detail
[10.212s] -- Installing: /home/andres/Documents/Proyecto_G/OAK_D_programs/colcon_ws/install/depthai_ros_msgs/include/depthai_ros_msgs/depthai_ros_msgs/msg/detail/tracked_features__type_support.cpp
[10.212s] -- Installing: /home/andres/Documents/Proyecto_G/OAK_D_programs/colcon_ws/install/depthai_ros_msgs/include/depthai_ros_msgs/depthai_ros_msgs/msg/detail/hand_landmark__type_support.cpp
[10.212s] -- Installing: /home/andres/Documents/Proyecto_G/OAK_D_programs/colcon_ws/install/depthai_ros_msgs/include/depthai_ros_msgs/depthai_ros_msgs/msg/detail/tracked_feature__type_support.cpp
[10.212s] -- Installing: /home/andres/Documents/Proyecto_G/OAK_D_programs/colcon_ws/install/depthai_ros_msgs/include/depthai_ros_msgs/depthai_ros_msgs/msg/detail/auto_focus_ctrl__rosidl_typesupport_introspection_cpp.hpp
[10.213s] -- Installing: /home/andres/Documents/Proyecto_G/OAK_D_programs/colcon_ws/install/depthai_ros_msgs/include/depthai_ros_msgs/depthai_ros_msgs/msg/detail/auto_focus_ctrl__type_support.cpp
[10.213s] -- Installing: /home/andres/Documents/Proyecto_G/OAK_D_programs/colcon_ws/install/depthai_ros_msgs/include/depthai_ros_msgs/depthai_ros_msgs/msg/detail/hand_landmark_array__rosidl_typesupport_introspection_cpp.hpp
[10.213s] -- Installing: /home/andres/Documents/Proyecto_G/OAK_D_programs/colcon_ws/install/depthai_ros_msgs/include/depthai_ros_msgs/depthai_ros_msgs/msg/detail/imu_with_magnetic_field__rosidl_typesupport_introspection_cpp.hpp
[10.213s] -- Installing: /home/andres/Documents/Proyecto_G/OAK_D_programs/colcon_ws/install/depthai_ros_msgs/include/depthai_ros_msgs/depthai_ros_msgs/msg/detail/hand_landmark__rosidl_typesupport_introspection_cpp.hpp
[10.213s] -- Installing: /home/andres/Documents/Proyecto_G/OAK_D_programs/colcon_ws/install/depthai_ros_msgs/include/depthai_ros_msgs/depthai_ros_msgs/msg/detail/hand_landmark_array__type_support.cpp
[10.213s] -- Installing: /home/andres/Documents/Proyecto_G/OAK_D_programs/colcon_ws/install/depthai_ros_msgs/include/depthai_ros_msgs/depthai_ros_msgs/msg/detail/spatial_detection__type_support.cpp
[10.213s] -- Installing: /home/andres/Documents/Proyecto_G/OAK_D_programs/colcon_ws/install/depthai_ros_msgs/include/depthai_ros_msgs/depthai_ros_msgs/msg/detail/tracked_feature__rosidl_typesupport_introspection_cpp.hpp
[10.213s] -- Installing: /home/andres/Documents/Proyecto_G/OAK_D_programs/colcon_ws/install/depthai_ros_msgs/include/depthai_ros_msgs/depthai_ros_msgs/msg/detail/track_detection2_d_array__type_support.cpp
[10.214s] -- Installing: /home/andres/Documents/Proyecto_G/OAK_D_programs/colcon_ws/install/depthai_ros_msgs/include/depthai_ros_msgs/depthai_ros_msgs/msg/detail/spatial_detection_array__type_support.cpp
[10.214s] -- Installing: /home/andres/Documents/Proyecto_G/OAK_D_programs/colcon_ws/install/depthai_ros_msgs/include/depthai_ros_msgs/depthai_ros_msgs/msg/detail/track_detection2_d_array__rosidl_typesupport_introspection_cpp.hpp
[10.214s] -- Installing: /home/andres/Documents/Proyecto_G/OAK_D_programs/colcon_ws/install/depthai_ros_msgs/include/depthai_ros_msgs/depthai_ros_msgs/msg/detail/spatial_detection_array__rosidl_typesupport_introspection_cpp.hpp
[10.214s] -- Installing: /home/andres/Documents/Proyecto_G/OAK_D_programs/colcon_ws/install/depthai_ros_msgs/include/depthai_ros_msgs/depthai_ros_msgs/msg/detail/track_detection2_d__rosidl_typesupport_introspection_cpp.hpp
[10.214s] -- Installing: /home/andres/Documents/Proyecto_G/OAK_D_programs/colcon_ws/install/depthai_ros_msgs/include/depthai_ros_msgs/depthai_ros_msgs/msg/detail/tracked_features__rosidl_typesupport_introspection_cpp.hpp
[10.214s] -- Installing: /home/andres/Documents/Proyecto_G/OAK_D_programs/colcon_ws/install/depthai_ros_msgs/include/depthai_ros_msgs/depthai_ros_msgs/msg/detail/spatial_detection__rosidl_typesupport_introspection_cpp.hpp
[10.214s] -- Installing: /home/andres/Documents/Proyecto_G/OAK_D_programs/colcon_ws/install/depthai_ros_msgs/include/depthai_ros_msgs/depthai_ros_msgs/msg/detail/track_detection2_d__type_support.cpp
[10.214s] -- Installing: /home/andres/Documents/Proyecto_G/OAK_D_programs/colcon_ws/install/depthai_ros_msgs/include/depthai_ros_msgs/depthai_ros_msgs/msg/detail/imu_with_magnetic_field__type_support.cpp
[10.214s] -- Up-to-date: /home/andres/Documents/Proyecto_G/OAK_D_programs/colcon_ws/install/depthai_ros_msgs/include/depthai_ros_msgs/depthai_ros_msgs/srv
[10.215s] -- Up-to-date: /home/andres/Documents/Proyecto_G/OAK_D_programs/colcon_ws/install/depthai_ros_msgs/include/depthai_ros_msgs/depthai_ros_msgs/srv/detail
[10.215s] -- Installing: /home/andres/Documents/Proyecto_G/OAK_D_programs/colcon_ws/install/depthai_ros_msgs/include/depthai_ros_msgs/depthai_ros_msgs/srv/detail/normalized_image_crop__rosidl_typesupport_introspection_cpp.hpp
[10.215s] -- Installing: /home/andres/Documents/Proyecto_G/OAK_D_programs/colcon_ws/install/depthai_ros_msgs/include/depthai_ros_msgs/depthai_ros_msgs/srv/detail/set_local_transform__rosidl_typesupport_introspection_cpp.hpp
[10.215s] -- Installing: /home/andres/Documents/Proyecto_G/OAK_D_programs/colcon_ws/install/depthai_ros_msgs/include/depthai_ros_msgs/depthai_ros_msgs/srv/detail/normalized_image_crop__type_support.cpp
[10.215s] -- Installing: /home/andres/Documents/Proyecto_G/OAK_D_programs/colcon_ws/install/depthai_ros_msgs/include/depthai_ros_msgs/depthai_ros_msgs/srv/detail/set_local_transform__type_support.cpp
[10.215s] -- Installing: /home/andres/Documents/Proyecto_G/OAK_D_programs/colcon_ws/install/depthai_ros_msgs/include/depthai_ros_msgs/depthai_ros_msgs/srv/detail/trigger_named__rosidl_typesupport_introspection_cpp.hpp
[10.215s] -- Installing: /home/andres/Documents/Proyecto_G/OAK_D_programs/colcon_ws/install/depthai_ros_msgs/include/depthai_ros_msgs/depthai_ros_msgs/srv/detail/trigger_named__type_support.cpp
[10.215s] -- Installing: /home/andres/Documents/Proyecto_G/OAK_D_programs/colcon_ws/install/depthai_ros_msgs/lib/libdepthai_ros_msgs__rosidl_typesupport_introspection_cpp.so
[10.216s] -- Set runtime path of "/home/andres/Documents/Proyecto_G/OAK_D_programs/colcon_ws/install/depthai_ros_msgs/lib/libdepthai_ros_msgs__rosidl_typesupport_introspection_cpp.so" to ""
[10.216s] -- Installing: /home/andres/Documents/Proyecto_G/OAK_D_programs/colcon_ws/install/depthai_ros_msgs/lib/libdepthai_ros_msgs__rosidl_typesupport_cpp.so
[10.216s] -- Set runtime path of "/home/andres/Documents/Proyecto_G/OAK_D_programs/colcon_ws/install/depthai_ros_msgs/lib/libdepthai_ros_msgs__rosidl_typesupport_cpp.so" to ""
[10.216s] -- Installing: /home/andres/Documents/Proyecto_G/OAK_D_programs/colcon_ws/install/depthai_ros_msgs/share/depthai_ros_msgs/environment/pythonpath.sh
[10.217s] -- Installing: /home/andres/Documents/Proyecto_G/OAK_D_programs/colcon_ws/install/depthai_ros_msgs/share/depthai_ros_msgs/environment/pythonpath.dsv
[10.217s] -- Installing: /home/andres/Documents/Proyecto_G/OAK_D_programs/colcon_ws/install/depthai_ros_msgs/local/lib/python3.10/dist-packages/depthai_ros_msgs-3.2.0-py3.10.egg-info
[10.217s] -- Installing: /home/andres/Documents/Proyecto_G/OAK_D_programs/colcon_ws/install/depthai_ros_msgs/local/lib/python3.10/dist-packages/depthai_ros_msgs-3.2.0-py3.10.egg-info/SOURCES.txt
[10.217s] -- Installing: /home/andres/Documents/Proyecto_G/OAK_D_programs/colcon_ws/install/depthai_ros_msgs/local/lib/python3.10/dist-packages/depthai_ros_msgs-3.2.0-py3.10.egg-info/top_level.txt
[10.217s] -- Installing: /home/andres/Documents/Proyecto_G/OAK_D_programs/colcon_ws/install/depthai_ros_msgs/local/lib/python3.10/dist-packages/depthai_ros_msgs-3.2.0-py3.10.egg-info/dependency_links.txt
[10.217s] -- Installing: /home/andres/Documents/Proyecto_G/OAK_D_programs/colcon_ws/install/depthai_ros_msgs/local/lib/python3.10/dist-packages/depthai_ros_msgs-3.2.0-py3.10.egg-info/PKG-INFO
[10.217s] -- Installing: /home/andres/Documents/Proyecto_G/OAK_D_programs/colcon_ws/install/depthai_ros_msgs/local/lib/python3.10/dist-packages/depthai_ros_msgs
[10.217s] -- Installing: /home/andres/Documents/Proyecto_G/OAK_D_programs/colcon_ws/install/depthai_ros_msgs/local/lib/python3.10/dist-packages/depthai_ros_msgs/_depthai_ros_msgs_s.ep.rosidl_typesupport_fastrtps_c.c
[10.218s] -- Installing: /home/andres/Documents/Proyecto_G/OAK_D_programs/colcon_ws/install/depthai_ros_msgs/local/lib/python3.10/dist-packages/depthai_ros_msgs/_depthai_ros_msgs_s.ep.rosidl_typesupport_introspection_c.c
[10.218s] -- Installing: /home/andres/Documents/Proyecto_G/OAK_D_programs/colcon_ws/install/depthai_ros_msgs/local/lib/python3.10/dist-packages/depthai_ros_msgs/depthai_ros_msgs_s__rosidl_typesupport_introspection_c.cpython-310-x86_64-linux-gnu.so
[10.218s] -- Installing: /home/andres/Documents/Proyecto_G/OAK_D_programs/colcon_ws/install/depthai_ros_msgs/local/lib/python3.10/dist-packages/depthai_ros_msgs/_depthai_ros_msgs_s.ep.rosidl_typesupport_c.c
[10.218s] -- Installing: /home/andres/Documents/Proyecto_G/OAK_D_programs/colcon_ws/install/depthai_ros_msgs/local/lib/python3.10/dist-packages/depthai_ros_msgs/libdepthai_ros_msgs__rosidl_generator_py.so
[10.218s] -- Installing: /home/andres/Documents/Proyecto_G/OAK_D_programs/colcon_ws/install/depthai_ros_msgs/local/lib/python3.10/dist-packages/depthai_ros_msgs/msg
[10.219s] -- Installing: /home/andres/Documents/Proyecto_G/OAK_D_programs/colcon_ws/install/depthai_ros_msgs/local/lib/python3.10/dist-packages/depthai_ros_msgs/msg/_auto_focus_ctrl.py
[10.219s] -- Installing: /home/andres/Documents/Proyecto_G/OAK_D_programs/colcon_ws/install/depthai_ros_msgs/local/lib/python3.10/dist-packages/depthai_ros_msgs/msg/_spatial_detection.py
[10.219s] -- Installing: /home/andres/Documents/Proyecto_G/OAK_D_programs/colcon_ws/install/depthai_ros_msgs/local/lib/python3.10/dist-packages/depthai_ros_msgs/msg/_tracked_features_s.c
[10.219s] -- Installing: /home/andres/Documents/Proyecto_G/OAK_D_programs/colcon_ws/install/depthai_ros_msgs/local/lib/python3.10/dist-packages/depthai_ros_msgs/msg/_hand_landmark.py
[10.219s] -- Installing: /home/andres/Documents/Proyecto_G/OAK_D_programs/colcon_ws/install/depthai_ros_msgs/local/lib/python3.10/dist-packages/depthai_ros_msgs/msg/_spatial_detection_array_s.c
[10.219s] -- Installing: /home/andres/Documents/Proyecto_G/OAK_D_programs/colcon_ws/install/depthai_ros_msgs/local/lib/python3.10/dist-packages/depthai_ros_msgs/msg/_tracked_feature.py
[10.219s] -- Installing: /home/andres/Documents/Proyecto_G/OAK_D_programs/colcon_ws/install/depthai_ros_msgs/local/lib/python3.10/dist-packages/depthai_ros_msgs/msg/_tracked_feature_s.c
[10.219s] -- Installing: /home/andres/Documents/Proyecto_G/OAK_D_programs/colcon_ws/install/depthai_ros_msgs/local/lib/python3.10/dist-packages/depthai_ros_msgs/msg/_hand_landmark_array.py
[10.220s] -- Installing: /home/andres/Documents/Proyecto_G/OAK_D_programs/colcon_ws/install/depthai_ros_msgs/local/lib/python3.10/dist-packages/depthai_ros_msgs/msg/_auto_focus_ctrl_s.c
[10.220s] -- Installing: /home/andres/Documents/Proyecto_G/OAK_D_programs/colcon_ws/install/depthai_ros_msgs/local/lib/python3.10/dist-packages/depthai_ros_msgs/msg/_spatial_detection_array.py
[10.220s] -- Installing: /home/andres/Documents/Proyecto_G/OAK_D_programs/colcon_ws/install/depthai_ros_msgs/local/lib/python3.10/dist-packages/depthai_ros_msgs/msg/_imu_with_magnetic_field_s.c
[10.220s] -- Installing: /home/andres/Documents/Proyecto_G/OAK_D_programs/colcon_ws/install/depthai_ros_msgs/local/lib/python3.10/dist-packages/depthai_ros_msgs/msg/_hand_landmark_s.c
[10.220s] -- Installing: /home/andres/Documents/Proyecto_G/OAK_D_programs/colcon_ws/install/depthai_ros_msgs/local/lib/python3.10/dist-packages/depthai_ros_msgs/msg/_tracked_features.py
[10.220s] -- Installing: /home/andres/Documents/Proyecto_G/OAK_D_programs/colcon_ws/install/depthai_ros_msgs/local/lib/python3.10/dist-packages/depthai_ros_msgs/msg/__init__.py
[10.220s] -- Installing: /home/andres/Documents/Proyecto_G/OAK_D_programs/colcon_ws/install/depthai_ros_msgs/local/lib/python3.10/dist-packages/depthai_ros_msgs/msg/_track_detection2_d.py
[10.220s] -- Installing: /home/andres/Documents/Proyecto_G/OAK_D_programs/colcon_ws/install/depthai_ros_msgs/local/lib/python3.10/dist-packages/depthai_ros_msgs/msg/_spatial_detection_s.c
[10.220s] -- Installing: /home/andres/Documents/Proyecto_G/OAK_D_programs/colcon_ws/install/depthai_ros_msgs/local/lib/python3.10/dist-packages/depthai_ros_msgs/msg/_track_detection2_d_array.py
[10.221s] -- Installing: /home/andres/Documents/Proyecto_G/OAK_D_programs/colcon_ws/install/depthai_ros_msgs/local/lib/python3.10/dist-packages/depthai_ros_msgs/msg/_hand_landmark_array_s.c
[10.221s] -- Installing: /home/andres/Documents/Proyecto_G/OAK_D_programs/colcon_ws/install/depthai_ros_msgs/local/lib/python3.10/dist-packages/depthai_ros_msgs/msg/_track_detection2_d_s.c
[10.221s] -- Installing: /home/andres/Documents/Proyecto_G/OAK_D_programs/colcon_ws/install/depthai_ros_msgs/local/lib/python3.10/dist-packages/depthai_ros_msgs/msg/_track_detection2_d_array_s.c
[10.221s] -- Installing: /home/andres/Documents/Proyecto_G/OAK_D_programs/colcon_ws/install/depthai_ros_msgs/local/lib/python3.10/dist-packages/depthai_ros_msgs/msg/_imu_with_magnetic_field.py
[10.221s] -- Installing: /home/andres/Documents/Proyecto_G/OAK_D_programs/colcon_ws/install/depthai_ros_msgs/local/lib/python3.10/dist-packages/depthai_ros_msgs/srv
[10.221s] -- Installing: /home/andres/Documents/Proyecto_G/OAK_D_programs/colcon_ws/install/depthai_ros_msgs/local/lib/python3.10/dist-packages/depthai_ros_msgs/srv/_normalized_image_crop.py
[10.221s] -- Installing: /home/andres/Documents/Proyecto_G/OAK_D_programs/colcon_ws/install/depthai_ros_msgs/local/lib/python3.10/dist-packages/depthai_ros_msgs/srv/_set_local_transform.py
[10.221s] -- Installing: /home/andres/Documents/Proyecto_G/OAK_D_programs/colcon_ws/install/depthai_ros_msgs/local/lib/python3.10/dist-packages/depthai_ros_msgs/srv/_trigger_named.py
[10.222s] -- Installing: /home/andres/Documents/Proyecto_G/OAK_D_programs/colcon_ws/install/depthai_ros_msgs/local/lib/python3.10/dist-packages/depthai_ros_msgs/srv/_normalized_image_crop_s.c
[10.222s] -- Installing: /home/andres/Documents/Proyecto_G/OAK_D_programs/colcon_ws/install/depthai_ros_msgs/local/lib/python3.10/dist-packages/depthai_ros_msgs/srv/_set_local_transform_s.c
[10.222s] -- Installing: /home/andres/Documents/Proyecto_G/OAK_D_programs/colcon_ws/install/depthai_ros_msgs/local/lib/python3.10/dist-packages/depthai_ros_msgs/srv/__init__.py
[10.222s] -- Installing: /home/andres/Documents/Proyecto_G/OAK_D_programs/colcon_ws/install/depthai_ros_msgs/local/lib/python3.10/dist-packages/depthai_ros_msgs/srv/_trigger_named_s.c
[10.222s] -- Installing: /home/andres/Documents/Proyecto_G/OAK_D_programs/colcon_ws/install/depthai_ros_msgs/local/lib/python3.10/dist-packages/depthai_ros_msgs/__init__.py
[10.222s] -- Installing: /home/andres/Documents/Proyecto_G/OAK_D_programs/colcon_ws/install/depthai_ros_msgs/local/lib/python3.10/dist-packages/depthai_ros_msgs/depthai_ros_msgs_s__rosidl_typesupport_fastrtps_c.cpython-310-x86_64-linux-gnu.so
[10.222s] -- Installing: /home/andres/Documents/Proyecto_G/OAK_D_programs/colcon_ws/install/depthai_ros_msgs/local/lib/python3.10/dist-packages/depthai_ros_msgs/depthai_ros_msgs_s__rosidl_typesupport_c.cpython-310-x86_64-linux-gnu.so
[10.260s] Listing '/home/andres/Documents/Proyecto_G/OAK_D_programs/colcon_ws/install/depthai_ros_msgs/local/lib/python3.10/dist-packages/depthai_ros_msgs'...
[10.260s] Compiling '/home/andres/Documents/Proyecto_G/OAK_D_programs/colcon_ws/install/depthai_ros_msgs/local/lib/python3.10/dist-packages/depthai_ros_msgs/__init__.py'...
[10.260s] Listing '/home/andres/Documents/Proyecto_G/OAK_D_programs/colcon_ws/install/depthai_ros_msgs/local/lib/python3.10/dist-packages/depthai_ros_msgs/msg'...
[10.260s] Compiling '/home/andres/Documents/Proyecto_G/OAK_D_programs/colcon_ws/install/depthai_ros_msgs/local/lib/python3.10/dist-packages/depthai_ros_msgs/msg/__init__.py'...
[10.260s] Compiling '/home/andres/Documents/Proyecto_G/OAK_D_programs/colcon_ws/install/depthai_ros_msgs/local/lib/python3.10/dist-packages/depthai_ros_msgs/msg/_auto_focus_ctrl.py'...
[10.260s] Compiling '/home/andres/Documents/Proyecto_G/OAK_D_programs/colcon_ws/install/depthai_ros_msgs/local/lib/python3.10/dist-packages/depthai_ros_msgs/msg/_hand_landmark.py'...
[10.260s] Compiling '/home/andres/Documents/Proyecto_G/OAK_D_programs/colcon_ws/install/depthai_ros_msgs/local/lib/python3.10/dist-packages/depthai_ros_msgs/msg/_hand_landmark_array.py'...
[10.261s] Compiling '/home/andres/Documents/Proyecto_G/OAK_D_programs/colcon_ws/install/depthai_ros_msgs/local/lib/python3.10/dist-packages/depthai_ros_msgs/msg/_imu_with_magnetic_field.py'...
[10.261s] Compiling '/home/andres/Documents/Proyecto_G/OAK_D_programs/colcon_ws/install/depthai_ros_msgs/local/lib/python3.10/dist-packages/depthai_ros_msgs/msg/_spatial_detection.py'...
[10.261s] Compiling '/home/andres/Documents/Proyecto_G/OAK_D_programs/colcon_ws/install/depthai_ros_msgs/local/lib/python3.10/dist-packages/depthai_ros_msgs/msg/_spatial_detection_array.py'...
[10.261s] Compiling '/home/andres/Documents/Proyecto_G/OAK_D_programs/colcon_ws/install/depthai_ros_msgs/local/lib/python3.10/dist-packages/depthai_ros_msgs/msg/_track_detection2_d.py'...
[10.261s] Compiling '/home/andres/Documents/Proyecto_G/OAK_D_programs/colcon_ws/install/depthai_ros_msgs/local/lib/python3.10/dist-packages/depthai_ros_msgs/msg/_track_detection2_d_array.py'...
[10.261s] Compiling '/home/andres/Documents/Proyecto_G/OAK_D_programs/colcon_ws/install/depthai_ros_msgs/local/lib/python3.10/dist-packages/depthai_ros_msgs/msg/_tracked_feature.py'...
[10.261s] Compiling '/home/andres/Documents/Proyecto_G/OAK_D_programs/colcon_ws/install/depthai_ros_msgs/local/lib/python3.10/dist-packages/depthai_ros_msgs/msg/_tracked_features.py'...
[10.261s] Listing '/home/andres/Documents/Proyecto_G/OAK_D_programs/colcon_ws/install/depthai_ros_msgs/local/lib/python3.10/dist-packages/depthai_ros_msgs/srv'...
[10.261s] Compiling '/home/andres/Documents/Proyecto_G/OAK_D_programs/colcon_ws/install/depthai_ros_msgs/local/lib/python3.10/dist-packages/depthai_ros_msgs/srv/__init__.py'...
[10.261s] Compiling '/home/andres/Documents/Proyecto_G/OAK_D_programs/colcon_ws/install/depthai_ros_msgs/local/lib/python3.10/dist-packages/depthai_ros_msgs/srv/_normalized_image_crop.py'...
[10.261s] Compiling '/home/andres/Documents/Proyecto_G/OAK_D_programs/colcon_ws/install/depthai_ros_msgs/local/lib/python3.10/dist-packages/depthai_ros_msgs/srv/_set_local_transform.py'...
[10.261s] Compiling '/home/andres/Documents/Proyecto_G/OAK_D_programs/colcon_ws/install/depthai_ros_msgs/local/lib/python3.10/dist-packages/depthai_ros_msgs/srv/_trigger_named.py'...
[10.264s] -- Installing: /home/andres/Documents/Proyecto_G/OAK_D_programs/colcon_ws/install/depthai_ros_msgs/local/lib/python3.10/dist-packages/depthai_ros_msgs/depthai_ros_msgs_s__rosidl_typesupport_fastrtps_c.cpython-310-x86_64-linux-gnu.so
[10.265s] -- Set runtime path of "/home/andres/Documents/Proyecto_G/OAK_D_programs/colcon_ws/install/depthai_ros_msgs/local/lib/python3.10/dist-packages/depthai_ros_msgs/depthai_ros_msgs_s__rosidl_typesupport_fastrtps_c.cpython-310-x86_64-linux-gnu.so" to ""
[10.265s] -- Installing: /home/andres/Documents/Proyecto_G/OAK_D_programs/colcon_ws/install/depthai_ros_msgs/local/lib/python3.10/dist-packages/depthai_ros_msgs/depthai_ros_msgs_s__rosidl_typesupport_introspection_c.cpython-310-x86_64-linux-gnu.so
[10.265s] -- Set runtime path of "/home/andres/Documents/Proyecto_G/OAK_D_programs/colcon_ws/install/depthai_ros_msgs/local/lib/python3.10/dist-packages/depthai_ros_msgs/depthai_ros_msgs_s__rosidl_typesupport_introspection_c.cpython-310-x86_64-linux-gnu.so" to ""
[10.265s] -- Installing: /home/andres/Documents/Proyecto_G/OAK_D_programs/colcon_ws/install/depthai_ros_msgs/local/lib/python3.10/dist-packages/depthai_ros_msgs/depthai_ros_msgs_s__rosidl_typesupport_c.cpython-310-x86_64-linux-gnu.so
[10.266s] -- Set runtime path of "/home/andres/Documents/Proyecto_G/OAK_D_programs/colcon_ws/install/depthai_ros_msgs/local/lib/python3.10/dist-packages/depthai_ros_msgs/depthai_ros_msgs_s__rosidl_typesupport_c.cpython-310-x86_64-linux-gnu.so" to ""
[10.266s] -- Installing: /home/andres/Documents/Proyecto_G/OAK_D_programs/colcon_ws/install/depthai_ros_msgs/lib/libdepthai_ros_msgs__rosidl_generator_py.so
[10.266s] -- Set runtime path of "/home/andres/Documents/Proyecto_G/OAK_D_programs/colcon_ws/install/depthai_ros_msgs/lib/libdepthai_ros_msgs__rosidl_generator_py.so" to ""
[10.266s] -- Installing: /home/andres/Documents/Proyecto_G/OAK_D_programs/colcon_ws/install/depthai_ros_msgs/share/ament_index/resource_index/rust_packages/depthai_ros_msgs
[10.267s] -- Installing: /home/andres/Documents/Proyecto_G/OAK_D_programs/colcon_ws/install/depthai_ros_msgs/share/depthai_ros_msgs/rust
[10.267s] -- Installing: /home/andres/Documents/Proyecto_G/OAK_D_programs/colcon_ws/install/depthai_ros_msgs/share/depthai_ros_msgs/rust/Cargo.toml
[10.267s] -- Installing: /home/andres/Documents/Proyecto_G/OAK_D_programs/colcon_ws/install/depthai_ros_msgs/share/depthai_ros_msgs/rust/build.rs
[10.267s] -- Installing: /home/andres/Documents/Proyecto_G/OAK_D_programs/colcon_ws/install/depthai_ros_msgs/share/depthai_ros_msgs/rust/src
[10.267s] -- Installing: /home/andres/Documents/Proyecto_G/OAK_D_programs/colcon_ws/install/depthai_ros_msgs/share/depthai_ros_msgs/rust/src/msg
[10.267s] -- Installing: /home/andres/Documents/Proyecto_G/OAK_D_programs/colcon_ws/install/depthai_ros_msgs/share/depthai_ros_msgs/rust/src/msg/rmw.rs
[10.267s] -- Installing: /home/andres/Documents/Proyecto_G/OAK_D_programs/colcon_ws/install/depthai_ros_msgs/share/depthai_ros_msgs/rust/src/srv.rs
[10.267s] -- Installing: /home/andres/Documents/Proyecto_G/OAK_D_programs/colcon_ws/install/depthai_ros_msgs/share/depthai_ros_msgs/rust/src/srv
[10.267s] -- Installing: /home/andres/Documents/Proyecto_G/OAK_D_programs/colcon_ws/install/depthai_ros_msgs/share/depthai_ros_msgs/rust/src/srv/rmw.rs
[10.268s] -- Installing: /home/andres/Documents/Proyecto_G/OAK_D_programs/colcon_ws/install/depthai_ros_msgs/share/depthai_ros_msgs/rust/src/msg.rs
[10.268s] -- Installing: /home/andres/Documents/Proyecto_G/OAK_D_programs/colcon_ws/install/depthai_ros_msgs/share/depthai_ros_msgs/rust/src/lib.rs
[10.268s] -- Installing: /home/andres/Documents/Proyecto_G/OAK_D_programs/colcon_ws/install/depthai_ros_msgs/share/depthai_ros_msgs/msg/AutoFocusCtrl.idl
[10.268s] -- Installing: /home/andres/Documents/Proyecto_G/OAK_D_programs/colcon_ws/install/depthai_ros_msgs/share/depthai_ros_msgs/msg/HandLandmark.idl
[10.268s] -- Installing: /home/andres/Documents/Proyecto_G/OAK_D_programs/colcon_ws/install/depthai_ros_msgs/share/depthai_ros_msgs/msg/HandLandmarkArray.idl
[10.268s] -- Installing: /home/andres/Documents/Proyecto_G/OAK_D_programs/colcon_ws/install/depthai_ros_msgs/share/depthai_ros_msgs/msg/ImuWithMagneticField.idl
[10.269s] -- Installing: /home/andres/Documents/Proyecto_G/OAK_D_programs/colcon_ws/install/depthai_ros_msgs/share/depthai_ros_msgs/msg/TrackedFeature.idl
[10.269s] -- Installing: /home/andres/Documents/Proyecto_G/OAK_D_programs/colcon_ws/install/depthai_ros_msgs/share/depthai_ros_msgs/msg/TrackedFeatures.idl
[10.269s] -- Installing: /home/andres/Documents/Proyecto_G/OAK_D_programs/colcon_ws/install/depthai_ros_msgs/share/depthai_ros_msgs/msg/SpatialDetection.idl
[10.269s] -- Installing: /home/andres/Documents/Proyecto_G/OAK_D_programs/colcon_ws/install/depthai_ros_msgs/share/depthai_ros_msgs/msg/SpatialDetectionArray.idl
[10.269s] -- Installing: /home/andres/Documents/Proyecto_G/OAK_D_programs/colcon_ws/install/depthai_ros_msgs/share/depthai_ros_msgs/msg/TrackDetection2D.idl
[10.269s] -- Installing: /home/andres/Documents/Proyecto_G/OAK_D_programs/colcon_ws/install/depthai_ros_msgs/share/depthai_ros_msgs/msg/TrackDetection2DArray.idl
[10.270s] -- Installing: /home/andres/Documents/Proyecto_G/OAK_D_programs/colcon_ws/install/depthai_ros_msgs/share/depthai_ros_msgs/srv/SetLocalTransform.idl
[10.270s] -- Installing: /home/andres/Documents/Proyecto_G/OAK_D_programs/colcon_ws/install/depthai_ros_msgs/share/depthai_ros_msgs/srv/TriggerNamed.idl
[10.270s] -- Installing: /home/andres/Documents/Proyecto_G/OAK_D_programs/colcon_ws/install/depthai_ros_msgs/share/depthai_ros_msgs/srv/NormalizedImageCrop.idl
[10.270s] -- Installing: /home/andres/Documents/Proyecto_G/OAK_D_programs/colcon_ws/install/depthai_ros_msgs/share/depthai_ros_msgs/msg/AutoFocusCtrl.msg
[10.270s] -- Installing: /home/andres/Documents/Proyecto_G/OAK_D_programs/colcon_ws/install/depthai_ros_msgs/share/depthai_ros_msgs/msg/HandLandmark.msg
[10.270s] -- Installing: /home/andres/Documents/Proyecto_G/OAK_D_programs/colcon_ws/install/depthai_ros_msgs/share/depthai_ros_msgs/msg/HandLandmarkArray.msg
[10.270s] -- Installing: /home/andres/Documents/Proyecto_G/OAK_D_programs/colcon_ws/install/depthai_ros_msgs/share/depthai_ros_msgs/msg/ImuWithMagneticField.msg
[10.271s] -- Installing: /home/andres/Documents/Proyecto_G/OAK_D_programs/colcon_ws/install/depthai_ros_msgs/share/depthai_ros_msgs/msg/TrackedFeature.msg
[10.271s] -- Installing: /home/andres/Documents/Proyecto_G/OAK_D_programs/colcon_ws/install/depthai_ros_msgs/share/depthai_ros_msgs/msg/TrackedFeatures.msg
[10.271s] -- Installing: /home/andres/Documents/Proyecto_G/OAK_D_programs/colcon_ws/install/depthai_ros_msgs/share/depthai_ros_msgs/msg/SpatialDetection.msg
[10.271s] -- Installing: /home/andres/Documents/Proyecto_G/OAK_D_programs/colcon_ws/install/depthai_ros_msgs/share/depthai_ros_msgs/msg/SpatialDetectionArray.msg
[10.271s] -- Installing: /home/andres/Documents/Proyecto_G/OAK_D_programs/colcon_ws/install/depthai_ros_msgs/share/depthai_ros_msgs/msg/TrackDetection2D.msg
[10.271s] -- Installing: /home/andres/Documents/Proyecto_G/OAK_D_programs/colcon_ws/install/depthai_ros_msgs/share/depthai_ros_msgs/msg/TrackDetection2DArray.msg
[10.272s] -- Installing: /home/andres/Documents/Proyecto_G/OAK_D_programs/colcon_ws/install/depthai_ros_msgs/share/depthai_ros_msgs/srv/SetLocalTransform.srv
[10.272s] -- Installing: /home/andres/Documents/Proyecto_G/OAK_D_programs/colcon_ws/install/depthai_ros_msgs/share/depthai_ros_msgs/srv/SetLocalTransform_Request.msg
[10.272s] -- Installing: /home/andres/Documents/Proyecto_G/OAK_D_programs/colcon_ws/install/depthai_ros_msgs/share/depthai_ros_msgs/srv/SetLocalTransform_Response.msg
[10.272s] -- Installing: /home/andres/Documents/Proyecto_G/OAK_D_programs/colcon_ws/install/depthai_ros_msgs/share/depthai_ros_msgs/srv/TriggerNamed.srv
[10.272s] -- Installing: /home/andres/Documents/Proyecto_G/OAK_D_programs/colcon_ws/install/depthai_ros_msgs/share/depthai_ros_msgs/srv/TriggerNamed_Request.msg
[10.273s] -- Installing: /home/andres/Documents/Proyecto_G/OAK_D_programs/colcon_ws/install/depthai_ros_msgs/share/depthai_ros_msgs/srv/TriggerNamed_Response.msg
[10.273s] -- Installing: /home/andres/Documents/Proyecto_G/OAK_D_programs/colcon_ws/install/depthai_ros_msgs/share/depthai_ros_msgs/srv/NormalizedImageCrop.srv
[10.273s] -- Installing: /home/andres/Documents/Proyecto_G/OAK_D_programs/colcon_ws/install/depthai_ros_msgs/share/depthai_ros_msgs/srv/NormalizedImageCrop_Request.msg
[10.273s] -- Installing: /home/andres/Documents/Proyecto_G/OAK_D_programs/colcon_ws/install/depthai_ros_msgs/share/depthai_ros_msgs/srv/NormalizedImageCrop_Response.msg
[10.273s] -- Installing: /home/andres/Documents/Proyecto_G/OAK_D_programs/colcon_ws/install/depthai_ros_msgs/share/ament_index/resource_index/package_run_dependencies/depthai_ros_msgs
[10.274s] -- Installing: /home/andres/Documents/Proyecto_G/OAK_D_programs/colcon_ws/install/depthai_ros_msgs/share/ament_index/resource_index/parent_prefix_path/depthai_ros_msgs
[10.274s] -- Installing: /home/andres/Documents/Proyecto_G/OAK_D_programs/colcon_ws/install/depthai_ros_msgs/share/depthai_ros_msgs/environment/ament_prefix_path.sh
[10.274s] -- Installing: /home/andres/Documents/Proyecto_G/OAK_D_programs/colcon_ws/install/depthai_ros_msgs/share/depthai_ros_msgs/environment/ament_prefix_path.dsv
[10.274s] -- Installing: /home/andres/Documents/Proyecto_G/OAK_D_programs/colcon_ws/install/depthai_ros_msgs/share/depthai_ros_msgs/environment/path.sh
[10.274s] -- Installing: /home/andres/Documents/Proyecto_G/OAK_D_programs/colcon_ws/install/depthai_ros_msgs/share/depthai_ros_msgs/environment/path.dsv
[10.274s] -- Installing: /home/andres/Documents/Proyecto_G/OAK_D_programs/colcon_ws/install/depthai_ros_msgs/share/depthai_ros_msgs/local_setup.bash
[10.275s] -- Installing: /home/andres/Documents/Proyecto_G/OAK_D_programs/colcon_ws/install/depthai_ros_msgs/share/depthai_ros_msgs/local_setup.sh
[10.275s] -- Installing: /home/andres/Documents/Proyecto_G/OAK_D_programs/colcon_ws/install/depthai_ros_msgs/share/depthai_ros_msgs/local_setup.zsh
[10.275s] -- Installing: /home/andres/Documents/Proyecto_G/OAK_D_programs/colcon_ws/install/depthai_ros_msgs/share/depthai_ros_msgs/local_setup.dsv
[10.275s] -- Installing: /home/andres/Documents/Proyecto_G/OAK_D_programs/colcon_ws/install/depthai_ros_msgs/share/depthai_ros_msgs/package.dsv
[10.275s] -- Installing: /home/andres/Documents/Proyecto_G/OAK_D_programs/colcon_ws/install/depthai_ros_msgs/share/ament_index/resource_index/packages/depthai_ros_msgs
[10.276s] -- Installing: /home/andres/Documents/Proyecto_G/OAK_D_programs/colcon_ws/install/depthai_ros_msgs/share/depthai_ros_msgs/cmake/export_depthai_ros_msgs__rosidl_generator_cExport.cmake
[10.276s] -- Installing: /home/andres/Documents/Proyecto_G/OAK_D_programs/colcon_ws/install/depthai_ros_msgs/share/depthai_ros_msgs/cmake/export_depthai_ros_msgs__rosidl_generator_cExport-noconfig.cmake
[10.276s] -- Installing: /home/andres/Documents/Proyecto_G/OAK_D_programs/colcon_ws/install/depthai_ros_msgs/share/depthai_ros_msgs/cmake/export_depthai_ros_msgs__rosidl_typesupport_fastrtps_cExport.cmake
[10.276s] -- Installing: /home/andres/Documents/Proyecto_G/OAK_D_programs/colcon_ws/install/depthai_ros_msgs/share/depthai_ros_msgs/cmake/export_depthai_ros_msgs__rosidl_typesupport_fastrtps_cExport-noconfig.cmake
[10.276s] -- Installing: /home/andres/Documents/Proyecto_G/OAK_D_programs/colcon_ws/install/depthai_ros_msgs/share/depthai_ros_msgs/cmake/export_depthai_ros_msgs__rosidl_generator_cppExport.cmake
[10.276s] -- Installing: /home/andres/Documents/Proyecto_G/OAK_D_programs/colcon_ws/install/depthai_ros_msgs/share/depthai_ros_msgs/cmake/export_depthai_ros_msgs__rosidl_typesupport_fastrtps_cppExport.cmake
[10.277s] -- Installing: /home/andres/Documents/Proyecto_G/OAK_D_programs/colcon_ws/install/depthai_ros_msgs/share/depthai_ros_msgs/cmake/export_depthai_ros_msgs__rosidl_typesupport_fastrtps_cppExport-noconfig.cmake
[10.277s] -- Installing: /home/andres/Documents/Proyecto_G/OAK_D_programs/colcon_ws/install/depthai_ros_msgs/share/depthai_ros_msgs/cmake/depthai_ros_msgs__rosidl_typesupport_introspection_cExport.cmake
[10.277s] -- Installing: /home/andres/Documents/Proyecto_G/OAK_D_programs/colcon_ws/install/depthai_ros_msgs/share/depthai_ros_msgs/cmake/depthai_ros_msgs__rosidl_typesupport_introspection_cExport-noconfig.cmake
[10.277s] -- Installing: /home/andres/Documents/Proyecto_G/OAK_D_programs/colcon_ws/install/depthai_ros_msgs/share/depthai_ros_msgs/cmake/depthai_ros_msgs__rosidl_typesupport_cExport.cmake
[10.277s] -- Installing: /home/andres/Documents/Proyecto_G/OAK_D_programs/colcon_ws/install/depthai_ros_msgs/share/depthai_ros_msgs/cmake/depthai_ros_msgs__rosidl_typesupport_cExport-noconfig.cmake
[10.278s] -- Installing: /home/andres/Documents/Proyecto_G/OAK_D_programs/colcon_ws/install/depthai_ros_msgs/share/depthai_ros_msgs/cmake/depthai_ros_msgs__rosidl_typesupport_introspection_cppExport.cmake
[10.278s] -- Installing: /home/andres/Documents/Proyecto_G/OAK_D_programs/colcon_ws/install/depthai_ros_msgs/share/depthai_ros_msgs/cmake/depthai_ros_msgs__rosidl_typesupport_introspection_cppExport-noconfig.cmake
[10.278s] -- Installing: /home/andres/Documents/Proyecto_G/OAK_D_programs/colcon_ws/install/depthai_ros_msgs/share/depthai_ros_msgs/cmake/depthai_ros_msgs__rosidl_typesupport_cppExport.cmake
[10.278s] -- Installing: /home/andres/Documents/Proyecto_G/OAK_D_programs/colcon_ws/install/depthai_ros_msgs/share/depthai_ros_msgs/cmake/depthai_ros_msgs__rosidl_typesupport_cppExport-noconfig.cmake
[10.278s] -- Installing: /home/andres/Documents/Proyecto_G/OAK_D_programs/colcon_ws/install/depthai_ros_msgs/share/depthai_ros_msgs/cmake/export_depthai_ros_msgs__rosidl_generator_pyExport.cmake
[10.278s] -- Installing: /home/andres/Documents/Proyecto_G/OAK_D_programs/colcon_ws/install/depthai_ros_msgs/share/depthai_ros_msgs/cmake/export_depthai_ros_msgs__rosidl_generator_pyExport-noconfig.cmake
[10.279s] -- Installing: /home/andres/Documents/Proyecto_G/OAK_D_programs/colcon_ws/install/depthai_ros_msgs/share/depthai_ros_msgs/cmake/rosidl_cmake-extras.cmake
[10.279s] -- Installing: /home/andres/Documents/Proyecto_G/OAK_D_programs/colcon_ws/install/depthai_ros_msgs/share/depthai_ros_msgs/cmake/ament_cmake_export_dependencies-extras.cmake
[10.279s] -- Installing: /home/andres/Documents/Proyecto_G/OAK_D_programs/colcon_ws/install/depthai_ros_msgs/share/depthai_ros_msgs/cmake/ament_cmake_export_include_directories-extras.cmake
[10.279s] -- Installing: /home/andres/Documents/Proyecto_G/OAK_D_programs/colcon_ws/install/depthai_ros_msgs/share/depthai_ros_msgs/cmake/ament_cmake_export_libraries-extras.cmake
[10.279s] -- Installing: /home/andres/Documents/Proyecto_G/OAK_D_programs/colcon_ws/install/depthai_ros_msgs/share/depthai_ros_msgs/cmake/ament_cmake_export_targets-extras.cmake
[10.279s] -- Installing: /home/andres/Documents/Proyecto_G/OAK_D_programs/colcon_ws/install/depthai_ros_msgs/share/depthai_ros_msgs/cmake/rosidl_cmake_export_typesupport_targets-extras.cmake
[10.280s] -- Installing: /home/andres/Documents/Proyecto_G/OAK_D_programs/colcon_ws/install/depthai_ros_msgs/share/depthai_ros_msgs/cmake/rosidl_cmake_export_typesupport_libraries-extras.cmake
[10.280s] -- Installing: /home/andres/Documents/Proyecto_G/OAK_D_programs/colcon_ws/install/depthai_ros_msgs/share/depthai_ros_msgs/cmake/depthai_ros_msgsConfig.cmake
[10.280s] -- Installing: /home/andres/Documents/Proyecto_G/OAK_D_programs/colcon_ws/install/depthai_ros_msgs/share/depthai_ros_msgs/cmake/depthai_ros_msgsConfig-version.cmake
[10.280s] -- Installing: /home/andres/Documents/Proyecto_G/OAK_D_programs/colcon_ws/install/depthai_ros_msgs/share/depthai_ros_msgs/package.xml
[10.283s] Invoked command in '/home/andres/Documents/Proyecto_G/OAK_D_programs/colcon_ws/build/depthai_ros_msgs' returned '0': CMAKE_PREFIX_PATH=${CMAKE_PREFIX_PATH}:/home/andres/turtlebot3_ws/install/turtlebot3_teleop:/home/andres/turtlebot3_ws/install/turtlebot3_example:/opt/ros/humble /usr/bin/cmake --install /home/andres/Documents/Proyecto_G/OAK_D_programs/colcon_ws/build/depthai_ros_msgs
